video_id	n	frame_idx
L21_V001	1	0
L21_V001	2	90
L21_V001	3	261
L21_V001	4	351
L21_V001	5	411
L21_V001	6	531
L21_V001	7	711
L21_V001	8	858
L21_V001	9	921
L21_V001	10	1131
L21_V001	11	1281
L21_V001	12	1371
L21_V001	13	1551
L21_V001	14	1761
L21_V001	15	1887
L21_V001	16	2036
L21_V001	17	2130
L21_V001	18	2217
L21_V001	19	2288
L21_V001	20	2375
L21_V001	21	2412
L21_V001	22	2574
L21_V001	23	2720
L21_V001	24	2766
L21_V001	25	2856
L21_V001	26	2958
L21_V001	27	3150
L21_V001	28	3243
L21_V001	29	3348
L21_V001	30	3507
L21_V001	31	3584
L21_V001	32	3599
L21_V001	33	3738
L21_V001	34	3782
L21_V001	35	3932
L21_V001	36	4037
L21_V001	37	4157
L21_V001	38	4184
L21_V001	39	4308
L21_V001	40	4428
L21_V001	41	4551
L21_V001	42	4686
L21_V001	43	4835
L21_V001	44	4932
L21_V001	45	4998
L21_V001	46	5082
L21_V001	47	5160
L21_V001	48	5370
L21_V001	49	5550
L21_V001	50	5760
L21_V001	51	5889
L21_V001	52	6099
L21_V001	53	6279
L21_V001	54	6386
L21_V001	55	6534
L21_V001	56	6674
L21_V001	57	6822
L21_V001	58	6933
L21_V001	59	7074
L21_V001	60	7202
L21_V001	61	7412
L21_V001	62	7622
L21_V001	63	7811
L21_V001	64	7923
L21_V001	65	8073
L21_V001	66	8268
L21_V001	67	8358
L21_V001	68	8456
L21_V001	69	8622
L21_V001	70	8730
L21_V001	71	8820
L21_V001	72	8973
L21_V001	73	9155
L21_V001	74	9351
L21_V001	75	9498
L21_V001	76	9708
L21_V001	77	9854
L21_V001	78	9987
L21_V001	79	10137
L21_V001	80	10224
L21_V001	81	10314
L21_V001	82	10355
L21_V001	83	10437
L21_V001	84	10502
L21_V001	85	10653
L21_V001	86	10698
L21_V001	87	10868
L21_V001	88	10908
L21_V001	89	11000
L21_V001	90	11195
L21_V001	91	11400
L21_V001	92	11501
L21_V001	93	11691
L21_V001	94	11781
L21_V001	95	11964
L21_V001	96	12171
L21_V001	97	12278
L21_V001	98	12335
L21_V001	99	12390
L21_V001	100	12450
L21_V001	101	12510
L21_V001	102	12528
L21_V001	103	12558
L21_V001	104	12600
L21_V001	105	12630
L21_V001	106	12818
L21_V001	107	12962
L21_V001	108	13071
L21_V001	109	13137
L21_V001	110	13347
L21_V001	111	13467
L21_V001	112	13631
L21_V001	113	13734
L21_V001	114	13892
L21_V001	115	14045
L21_V001	116	14124
L21_V001	117	14211
L21_V001	118	14361
L21_V001	119	14564
L21_V001	120	14622
L21_V001	121	14703
L21_V001	122	14792
L21_V001	123	14883
L21_V001	124	14975
L21_V001	125	15032
L21_V001	126	15065
L21_V001	127	15146
L21_V001	128	15186
L21_V001	129	15242
L21_V001	130	15330
L21_V001	131	15356
L21_V001	132	15566
L21_V001	133	15771
L21_V001	134	15863
L21_V001	135	16068
L21_V001	136	16184
L21_V001	137	16302
L21_V001	138	16397
L21_V001	139	16506
L21_V001	140	16596
L21_V001	141	16634
L21_V001	142	16754
L21_V001	143	16926
L21_V001	144	17067
L21_V001	145	17190
L21_V001	146	17378
L21_V001	147	17514
L21_V001	148	17580
L21_V001	149	17790
L21_V001	150	17880
L21_V001	151	18074
L21_V001	152	18164
L21_V001	153	18315
L21_V001	154	18486
L21_V001	155	18648
L21_V001	156	18741
L21_V001	157	18866
L21_V001	158	19050
L21_V001	159	19218
L21_V001	160	19415
L21_V001	161	19625
L21_V001	162	19722
L21_V001	163	19860
L21_V001	164	19950
L21_V001	165	20145
L21_V001	166	20235
L21_V001	167	20354
L21_V001	168	20406
L21_V001	169	20612
L21_V001	170	20702
L21_V001	171	20825
L21_V001	172	20906
L21_V001	173	21071
L21_V001	174	21281
L21_V001	175	21414
L21_V001	176	21624
L21_V001	177	21753
L21_V001	178	21843
L21_V001	179	21933
L21_V001	180	22103
L21_V001	181	22142
L21_V001	182	22175
L21_V001	183	22284
L21_V001	184	22392
L21_V001	185	22485
L21_V001	186	22584
L21_V001	187	22658
L21_V001	188	22707
L21_V001	189	22917
L21_V001	190	23007
L21_V001	191	23163
L21_V001	192	23193
L21_V001	193	23235
L21_V001	194	23403
L21_V001	195	23498
L21_V001	196	23586
L21_V001	197	23672
L21_V001	198	23802
L21_V001	199	23982
L21_V001	200	24141
L21_V001	201	24269
L21_V001	202	24303
L21_V001	203	24435
L21_V001	204	24569
L21_V001	205	24678
L21_V001	206	24750
L21_V001	207	24960
L21_V001	208	25080
L21_V001	209	25202
L21_V001	210	25400
L21_V001	211	25490
L21_V001	212	25559
L21_V001	213	25698
L21_V001	214	25817
L21_V001	215	25884
L21_V001	216	26028
L21_V001	217	26154
L21_V001	218	26358
L21_V001	219	26508
L21_V001	220	26670
L21_V001	221	26820
L21_V001	222	26996
L21_V001	223	27098
L21_V001	224	27188
L21_V001	225	27314
L21_V001	226	27522
L21_V001	227	27726
L21_V001	228	27908
L21_V001	229	28109
L21_V001	230	28295
L21_V001	231	28346
L21_V001	232	28428
L21_V001	233	28634
L21_V001	234	28724
L21_V001	235	28853
L21_V001	236	29051
L21_V001	237	29156
L21_V001	238	29322
L21_V001	239	29366
L21_V001	240	29532
L21_V001	241	29658
L21_V001	242	29807
L21_V001	243	30005
L21_V001	244	30095
L21_V001	245	30302
L21_V001	246	30443
L21_V001	247	30632
L21_V001	248	30722
L21_V001	249	30932
L21_V001	250	31124
L21_V001	251	31290
L21_V001	252	31380
L21_V001	253	31560
L21_V001	254	31757
L21_V001	255	31935
L21_V001	256	32076
L21_V001	257	32256
L21_V001	258	32286
L21_V001	259	32420
L21_V001	260	32531
L21_V001	261	32622
L21_V001	262	32736
L21_V001	263	32828
L21_V001	264	32919
L21_V001	265	32978
L21_V001	266	33116
L21_V001	267	33176
L21_V001	268	33363
L21_V001	269	33453
L21_V001	270	33618
L21_V001	271	33771
L21_V001	272	33861
L21_V001	273	33983
L21_V001	274	34032
L21_V001	275	34092
L21_V001	276	34166
L21_V001	277	34272
L21_V001	278	34445
L21_V001	279	34655
L21_V001	280	34749
L21_V001	281	34866
L21_V001	282	34961
L21_V001	283	35034
L21_V001	284	35060
L21_V001	285	35150
L21_V001	286	35208
L21_V001	287	35346
L21_V001	288	35436
L21_V001	289	35550
L21_V001	290	35709
L21_V001	291	35910
L21_V001	292	36006
L21_V001	293	36053
L21_V001	294	36203
L21_V001	295	36318
L21_V001	296	36402
L21_V001	297	36612
L21_V001	298	36734
L21_V001	299	36764
L21_V001	300	36872
L21_V001	301	37011
L21_V001	302	37167
L21_V001	303	37221
L21_V001	304	37236
L21_V001	305	37359
L21_V001	306	37566
L21_V001	307	37716
L21_V002	1	0
L21_V002	2	90
L21_V002	3	300
L21_V002	4	462
L21_V002	5	486
L21_V002	6	527
L21_V002	7	629
L21_V002	8	680
L21_V002	9	828
L21_V002	10	1007
L21_V002	11	1179
L21_V002	12	1365
L21_V002	13	1419
L21_V002	14	1467
L21_V002	15	1565
L21_V002	16	1653
L21_V002	17	1730
L21_V002	18	1893
L21_V002	19	2103
L21_V002	20	2211
L21_V002	21	2283
L21_V002	22	2331
L21_V002	23	2501
L21_V002	24	2669
L21_V002	25	2879
L21_V002	26	2969
L21_V002	27	3090
L21_V002	28	3180
L21_V002	29	3326
L21_V002	30	3383
L21_V002	31	3503
L21_V002	32	3573
L21_V002	33	3669
L21_V002	34	3813
L21_V002	35	3870
L21_V002	36	3939
L21_V002	37	4037
L21_V002	38	4088
L21_V002	39	4163
L21_V002	40	4229
L21_V002	41	4301
L21_V002	42	4511
L21_V002	43	4721
L21_V002	44	4881
L21_V002	45	5025
L21_V002	46	5189
L21_V002	47	5369
L21_V002	48	5459
L21_V002	49	5523
L21_V002	50	5582
L21_V002	51	5643
L21_V002	52	5712
L21_V002	53	5835
L21_V002	54	5897
L21_V002	55	5951
L21_V002	56	6093
L21_V002	57	6164
L21_V002	58	6281
L21_V002	59	6368
L21_V002	60	6426
L21_V002	61	6477
L21_V002	62	6549
L21_V002	63	6603
L21_V002	64	6663
L21_V002	65	6722
L21_V002	66	6932
L21_V002	67	7142
L21_V002	68	7277
L21_V002	69	7457
L21_V002	70	7629
L21_V002	71	7790
L21_V002	72	7940
L21_V002	73	7997
L21_V002	74	8088
L21_V002	75	8183
L21_V002	76	8318
L21_V002	77	8373
L21_V002	78	8427
L21_V002	79	8507
L21_V002	80	8691
L21_V002	81	8835
L21_V002	82	9045
L21_V002	83	9135
L21_V002	84	9273
L21_V002	85	9354
L21_V002	86	9483
L21_V002	87	9609
L21_V002	88	9717
L21_V002	89	9857
L21_V002	90	9980
L21_V002	91	10050
L21_V002	92	10166
L21_V002	93	10329
L21_V002	94	10413
L21_V002	95	10446
L21_V002	96	10577
L21_V002	97	10779
L21_V002	98	10869
L21_V002	99	10937
L21_V002	100	10998
L21_V002	101	11058
L21_V002	102	11118
L21_V002	103	11327
L21_V002	104	11448
L21_V002	105	11591
L21_V002	106	11801
L21_V002	107	11951
L21_V002	108	12045
L21_V002	109	12246
L21_V002	110	12381
L21_V002	111	12525
L21_V002	112	12555
L21_V002	113	12765
L21_V002	114	12914
L21_V002	115	13083
L21_V002	116	13233
L21_V002	117	13410
L21_V002	118	13613
L21_V002	119	13709
L21_V002	120	13911
L21_V002	121	14121
L21_V002	122	14228
L21_V002	123	14433
L21_V002	124	14517
L21_V002	125	14594
L21_V002	126	14760
L21_V002	127	14850
L21_V002	128	14933
L21_V002	129	15053
L21_V002	130	15263
L21_V002	131	15473
L21_V002	132	15563
L21_V002	133	15675
L21_V002	134	15824
L21_V002	135	15833
L21_V002	136	15959
L21_V002	137	16029
L21_V002	138	16236
L21_V002	139	16385
L21_V002	140	16436
L21_V002	141	16512
L21_V002	142	16572
L21_V002	143	16662
L21_V002	144	16728
L21_V002	145	16823
L21_V002	146	16997
L21_V002	147	17025
L21_V002	148	17040
L21_V002	149	17235
L21_V002	150	17406
L21_V002	151	17556
L21_V002	152	17766
L21_V002	153	17904
L21_V002	154	17955
L21_V002	155	18165
L21_V002	156	18255
L21_V002	157	18450
L21_V002	158	18623
L21_V002	159	18749
L21_V002	160	18855
L21_V002	161	18926
L21_V002	162	19080
L21_V002	163	19115
L21_V002	164	19295
L21_V002	165	19385
L21_V002	166	19581
L21_V002	167	19751
L21_V002	168	19884
L21_V002	169	19976
L21_V002	170	20067
L21_V002	171	20160
L21_V002	172	20274
L21_V002	173	20367
L21_V002	174	20468
L21_V002	175	20574
L21_V002	176	20781
L21_V002	177	20879
L21_V002	178	20984
L21_V002	179	21194
L21_V002	180	21329
L21_V002	181	21453
L21_V002	182	21576
L21_V002	183	21702
L21_V002	184	21800
L21_V002	185	21980
L21_V002	186	22127
L21_V002	187	22241
L21_V002	188	22418
L21_V002	189	22523
L21_V002	190	22701
L21_V002	191	22851
L21_V002	192	22941
L21_V002	193	23075
L21_V002	194	23211
L21_V002	195	23265
L21_V002	196	23385
L21_V002	197	23595
L21_V002	198	23726
L21_V002	199	23802
L21_V002	200	23997
L21_V002	201	24147
L21_V002	202	24285
L21_V002	203	24447
L21_V002	204	24477
L21_V002	205	24597
L21_V002	206	24756
L21_V002	207	24881
L21_V002	208	24941
L21_V002	209	25022
L21_V002	210	25116
L21_V002	211	25179
L21_V002	212	25266
L21_V002	213	25386
L21_V002	214	25596
L21_V002	215	25709
L21_V002	216	25805
L21_V002	217	25967
L21_V002	218	26153
L21_V002	219	26277
L21_V002	220	26409
L21_V002	221	26439
L21_V002	222	26511
L21_V002	223	26649
L21_V002	224	26846
L21_V002	225	26988
L21_V002	226	27144
L21_V002	227	27293
L21_V002	228	27503
L21_V002	229	27713
L21_V002	230	27803
L21_V002	231	27918
L21_V002	232	28031
L21_V002	233	28223
L21_V002	234	28314
L21_V002	235	28395
L21_V002	236	28481
L21_V002	237	28605
L21_V002	238	28635
L21_V002	239	28688
L21_V002	240	28743
L21_V002	241	28860
L21_V002	242	28913
L21_V002	243	28965
L21_V002	244	29030
L21_V002	245	29102
L21_V002	246	29222
L21_V002	247	29432
L21_V002	248	29523
L21_V002	249	29643
L21_V002	250	29798
L21_V002	251	29978
L21_V002	252	30105
L21_V002	253	30219
L21_V002	254	30395
L21_V002	255	30605
L21_V002	256	30791
L21_V002	257	30921
L21_V002	258	30995
L21_V002	259	31130
L21_V002	260	31209
L21_V002	261	31329
L21_V002	262	31539
L21_V005	1	0
L21_V005	2	90
L21_V005	3	279
L21_V005	4	372
L21_V005	5	407
L21_V005	6	447
L21_V005	7	537
L21_V005	8	696
L21_V005	9	897
L21_V005	10	1013
L21_V005	11	1064
L21_V005	12	1143
L21_V005	13	1353
L21_V005	14	1503
L21_V005	15	1713
L21_V005	16	1874
L21_V005	17	1952
L21_V005	18	2027
L21_V005	19	2139
L21_V005	20	2184
L21_V005	21	2295
L21_V005	22	2378
L21_V005	23	2492
L21_V005	24	2696
L21_V005	25	2853
L21_V005	26	3060
L21_V005	27	3212
L21_V005	28	3255
L21_V005	29	3357
L21_V005	30	3465
L21_V005	31	3504
L21_V005	32	3620
L21_V005	33	3669
L21_V005	34	3717
L21_V005	35	3926
L21_V005	36	4068
L21_V005	37	4139
L21_V005	38	4203
L21_V005	39	4364
L21_V005	40	4559
L21_V005	41	4692
L21_V005	42	4758
L21_V005	43	4943
L21_V005	44	5109
L21_V005	45	5277
L21_V005	46	5427
L21_V005	47	5481
L21_V005	48	5546
L21_V005	49	5690
L21_V005	50	5754
L21_V005	51	5849
L21_V005	52	6059
L21_V005	53	6209
L21_V005	54	6329
L21_V005	55	6530
L21_V005	56	6618
L21_V005	57	6675
L21_V005	58	6801
L21_V005	59	6897
L21_V005	60	7107
L21_V005	61	7251
L21_V005	62	7413
L21_V005	63	7530
L21_V005	64	7706
L21_V005	65	7781
L21_V005	66	7914
L21_V005	67	8061
L21_V005	68	8144
L21_V005	69	8271
L21_V005	70	8457
L21_V005	71	8549
L21_V005	72	8729
L21_V005	73	8927
L21_V005	74	8985
L21_V005	75	9102
L21_V005	76	9231
L21_V005	77	9321
L21_V005	78	9456
L21_V005	79	9516
L21_V005	80	9722
L21_V005	81	9912
L21_V005	82	10020
L21_V005	83	10049
L21_V005	84	10137
L21_V005	85	10205
L21_V005	86	10283
L21_V005	87	10373
L21_V005	88	10398
L21_V005	89	10442
L21_V005	90	10602
L21_V005	91	10659
L21_V005	92	10809
L21_V005	93	10923
L21_V005	94	10980
L21_V005	95	11130
L21_V005	96	11289
L21_V005	97	11438
L21_V005	98	11595
L21_V005	99	11739
L21_V005	100	11913
L21_V005	101	12003
L21_V005	102	12177
L21_V005	103	12387
L21_V005	104	12585
L21_V005	105	12765
L21_V005	106	12870
L21_V005	107	13031
L21_V005	108	13230
L21_V005	109	13374
L21_V005	110	13553
L21_V005	111	13742
L21_V005	112	13908
L21_V005	113	13925
L21_V005	114	14135
L21_V005	115	14333
L21_V005	116	14543
L21_V005	117	14658
L21_V005	118	14811
L21_V005	119	14934
L21_V005	120	15042
L21_V005	121	15164
L21_V005	122	15315
L21_V005	123	15483
L21_V005	124	15573
L21_V005	125	15783
L21_V005	126	15933
L21_V005	127	16143
L21_V005	128	16353
L21_V005	129	16503
L21_V005	130	16686
L21_V005	131	16763
L21_V005	132	16793
L21_V005	133	16980
L21_V005	134	17100
L21_V005	135	17174
L21_V005	136	17244
L21_V005	137	17301
L21_V005	138	17511
L21_V005	139	17711
L21_V005	140	17823
L21_V005	141	17972
L21_V005	142	18102
L21_V005	143	18176
L21_V005	144	18231
L21_V005	145	18290
L21_V005	146	18380
L21_V005	147	18411
L21_V005	148	18569
L21_V005	149	18684
L21_V005	150	18809
L21_V005	151	18899
L21_V005	152	19061
L21_V005	153	19199
L21_V005	154	19229
L21_V005	155	19395
L21_V005	156	19605
L21_V005	157	19701
L21_V005	158	19905
L21_V005	159	20109
L21_V005	160	20259
L21_V005	161	20411
L21_V005	162	20514
L21_V005	163	20604
L21_V005	164	20796
L21_V005	165	20886
L21_V005	166	20997
L21_V005	167	21137
L21_V005	168	21345
L21_V005	169	21506
L21_V005	170	21689
L21_V005	171	21882
L21_V005	172	22077
L21_V005	173	22221
L21_V005	174	22268
L21_V005	175	22392
L21_V005	176	22539
L21_V005	177	22749
L21_V005	178	22943
L21_V005	179	23049
L21_V005	180	23199
L21_V005	181	23327
L21_V005	182	23537
L21_V005	183	23747
L21_V005	184	23837
L21_V005	185	24042
L21_V005	186	24239
L21_V005	187	24326
L21_V005	188	24449
L21_V005	189	24573
L21_V005	190	24633
L21_V005	191	24843
L21_V005	192	24939
L21_V005	193	25029
L21_V005	194	25197
L21_V005	195	25227
L21_V005	196	25263
L21_V005	197	25367
L21_V005	198	25491
L21_V005	199	25671
L21_V005	200	25854
L21_V005	201	25946
L21_V005	202	26004
L21_V005	203	26133
L21_V005	204	26234
L21_V005	205	26307
L21_V005	206	26427
L21_V005	207	26576
L21_V005	208	26589
L21_V005	209	26679
L21_V005	210	26796
L21_V005	211	26937
L21_V005	212	27054
L21_V005	213	27104
L21_V005	214	27185
L21_V005	215	27245
L21_V005	216	27357
L21_V005	217	27422
L21_V005	218	27473
L21_V005	219	27516
L21_V005	220	27726
L21_V005	221	27893
L21_V005	222	28043
L21_V005	223	28152
L21_V007	1	0
L21_V007	2	0
L21_V007	3	90
L21_V007	4	254
L21_V007	5	321
L21_V007	6	345
L21_V007	7	384
L21_V007	8	537
L21_V007	9	681
L21_V007	10	747
L21_V007	11	957
L21_V007	12	1161
L21_V007	13	1298
L21_V007	14	1454
L21_V007	15	1536
L21_V007	16	1620
L21_V007	17	1797
L21_V007	18	1974
L21_V007	19	2067
L21_V007	20	2235
L21_V007	21	2414
L21_V007	22	2588
L21_V007	23	2763
L21_V007	24	2892
L21_V007	25	2922
L21_V007	26	3015
L21_V007	27	3225
L21_V007	28	3435
L21_V007	29	3603
L21_V007	30	3711
L21_V007	31	3834
L21_V007	32	3864
L21_V007	33	3963
L21_V007	34	4053
L21_V007	35	4142
L21_V007	36	4232
L21_V007	37	4341
L21_V007	38	4407
L21_V007	39	4460
L21_V007	40	4610
L21_V007	41	4749
L21_V007	42	4803
L21_V007	43	4874
L21_V007	44	5012
L21_V007	45	5106
L21_V007	46	5316
L21_V007	47	5508
L21_V007	48	5688
L21_V007	49	5883
L21_V007	50	5988
L21_V007	51	6092
L21_V007	52	6236
L21_V007	53	6302
L21_V007	54	6381
L21_V007	55	6516
L21_V007	56	6591
L21_V007	57	6656
L21_V007	58	6780
L21_V007	59	6825
L21_V007	60	6969
L21_V007	61	7140
L21_V007	62	7191
L21_V007	63	7308
L21_V007	64	7395
L21_V007	65	7482
L21_V007	66	7614
L21_V007	67	7824
L21_V007	68	7914
L21_V007	69	8066
L21_V007	70	8184
L21_V007	71	8355
L21_V007	72	8385
L21_V007	73	8487
L21_V007	74	8580
L21_V007	75	8708
L21_V007	76	8778
L21_V007	77	8846
L21_V007	78	8859
L21_V007	79	9069
L21_V007	80	9194
L21_V007	81	9327
L21_V007	82	9453
L21_V007	83	9597
L21_V007	84	9627
L21_V007	85	9744
L21_V007	86	9822
L21_V007	87	9888
L21_V007	88	9948
L21_V007	89	9999
L21_V007	90	10122
L21_V007	91	10212
L21_V007	92	10251
L21_V007	93	10311
L21_V007	94	10338
L21_V007	95	10395
L21_V007	96	10437
L21_V007	97	10647
L21_V007	98	10764
L21_V007	99	10854
L21_V007	100	11037
L21_V007	101	11244
L21_V007	102	11421
L21_V007	103	11631
L21_V007	104	11748
L21_V007	105	11808
L21_V007	106	11988
L21_V007	107	12018
L21_V007	108	12138
L21_V007	109	12332
L21_V007	110	12542
L21_V007	111	12692
L21_V007	112	12897
L21_V007	113	13080
L21_V007	114	13221
L21_V007	115	13316
L21_V007	116	13424
L21_V007	117	13506
L21_V007	118	13683
L21_V007	119	13848
L21_V007	120	13971
L21_V007	121	13976
L21_V007	122	14010
L21_V007	123	14130
L21_V007	124	14226
L21_V007	125	14298
L21_V007	126	14424
L21_V007	127	14541
L21_V007	128	14751
L21_V007	129	14841
L21_V007	130	15051
L21_V007	131	15150
L21_V007	132	15336
L21_V007	133	15546
L21_V007	134	15726
L21_V007	135	15824
L21_V007	136	15884
L21_V007	137	15974
L21_V007	138	16124
L21_V007	139	16218
L21_V007	140	16401
L21_V007	141	16611
L21_V007	142	16730
L21_V007	143	16922
L21_V007	144	17016
L21_V007	145	17196
L21_V007	146	17334
L21_V007	147	17436
L21_V007	148	17646
L21_V007	149	17820
L21_V007	150	18026
L21_V007	151	18236
L21_V007	152	18408
L21_V007	153	18573
L21_V007	154	18680
L21_V007	155	18738
L21_V007	156	18906
L21_V007	157	18996
L21_V007	158	19113
L21_V007	159	19274
L21_V007	160	19374
L21_V007	161	19478
L21_V007	162	19593
L21_V007	163	19656
L21_V007	164	19716
L21_V007	165	19857
L21_V007	166	19956
L21_V007	167	20004
L21_V007	168	20055
L21_V007	169	20265
L21_V007	170	20403
L21_V007	171	20612
L21_V007	172	20691
L21_V007	173	20808
L21_V007	174	20937
L21_V007	175	21048
L21_V007	176	21258
L21_V007	177	21350
L21_V007	178	21516
L21_V007	179	21608
L21_V007	180	21818
L21_V007	181	21909
L21_V007	182	22119
L21_V007	183	22281
L21_V007	184	22389
L21_V007	185	22581
L21_V007	186	22782
L21_V007	187	22908
L21_V007	188	23112
L21_V007	189	23247
L21_V007	190	23307
L21_V007	191	23322
L21_V007	192	23469
L21_V007	193	23480
L21_V007	194	23679
L21_V007	195	23810
L21_V007	196	23964
L21_V007	197	24039
L21_V007	198	24099
L21_V007	199	24218
L21_V007	200	24306
L21_V007	201	24338
L21_V007	202	24441
L21_V007	203	24506
L21_V007	204	24561
L21_V007	205	24656
L21_V007	206	24716
L21_V007	207	24812
L21_V007	208	24902
L21_V007	209	25082
L21_V008	1	0
L21_V008	2	90
L21_V008	3	265
L21_V008	4	430
L21_V008	5	463
L21_V008	6	540
L21_V008	7	671
L21_V008	8	840
L21_V008	9	977
L21_V008	10	1002
L21_V008	11	1043
L21_V008	12	1170
L21_V008	13	1345
L21_V008	14	1470
L21_V008	15	1619
L21_V008	16	1710
L21_V008	17	1800
L21_V008	18	1950
L21_V008	19	2100
L21_V008	20	2190
L21_V008	21	2310
L21_V008	22	2402
L21_V008	23	2575
L21_V008	24	2670
L21_V008	25	2760
L21_V008	26	2855
L21_V008	27	2917
L21_V008	28	3000
L21_V008	29	3087
L21_V008	30	3150
L21_V008	31	3325
L21_V008	32	3431
L21_V008	33	3586
L21_V008	34	3647
L21_V008	35	3750
L21_V008	36	3890
L21_V008	37	3900
L21_V008	38	3984
L21_V008	39	4020
L21_V008	40	4140
L21_V008	41	4263
L21_V008	42	4341
L21_V008	43	4405
L21_V008	44	4500
L21_V008	45	4620
L21_V008	46	4709
L21_V008	47	4739
L21_V008	48	4914
L21_V008	49	5010
L21_V008	50	5160
L21_V008	51	5314
L21_V008	52	5430
L21_V008	53	5515
L21_V008	54	5670
L21_V008	55	5743
L21_V008	56	5820
L21_V008	57	5987
L21_V008	58	6097
L21_V008	59	6150
L21_V008	60	6300
L21_V008	61	6455
L21_V008	62	6540
L21_V008	63	6678
L21_V008	64	6809
L21_V008	65	6853
L21_V008	66	6930
L21_V008	67	7104
L21_V008	68	7259
L21_V008	69	7350
L21_V008	70	7447
L21_V008	71	7590
L21_V008	72	7708
L21_V008	73	7848
L21_V008	74	7859
L21_V008	75	8029
L21_V008	76	8150
L21_V008	77	8280
L21_V008	78	8430
L21_V008	79	8580
L21_V008	80	8730
L21_V008	81	8820
L21_V008	82	8972
L21_V008	83	9147
L21_V008	84	9300
L21_V008	85	9439
L21_V008	86	9577
L21_V008	87	9637
L21_V008	88	9681
L21_V008	89	9752
L21_V008	90	9870
L21_V008	91	10012
L21_V008	92	10044
L21_V008	93	10132
L21_V008	94	10170
L21_V008	95	10320
L21_V008	96	10345
L21_V008	97	10378
L21_V008	98	10470
L21_V008	99	10555
L21_V008	100	10667
L21_V008	101	10724
L21_V008	102	10775
L21_V008	103	10830
L21_V008	104	10980
L21_V008	105	11018
L21_V008	106	11130
L21_V008	107	11269
L21_V008	108	11444
L21_V008	109	11550
L21_V008	110	11700
L21_V008	111	11855
L21_V008	112	11992
L21_V008	113	12094
L21_V008	114	12230
L21_V008	115	12367
L21_V008	116	12390
L21_V008	117	12507
L21_V008	118	12653
L21_V008	119	12660
L21_V008	120	12750
L21_V008	121	12922
L21_V008	122	13065
L21_V008	123	13210
L21_V008	124	13230
L21_V008	125	13378
L21_V008	126	13553
L21_V008	127	13668
L21_V008	128	13800
L21_V008	129	13950
L21_V008	130	14100
L21_V008	131	14191
L21_V008	132	14340
L21_V008	133	14430
L21_V008	134	14519
L21_V008	135	14641
L21_V008	136	14730
L21_V008	137	14890
L21_V008	138	14968
L21_V008	139	15090
L21_V008	140	15257
L21_V008	141	15432
L21_V008	142	15527
L21_V008	143	15612
L21_V008	144	15660
L21_V008	145	15816
L21_V008	146	15933
L21_V008	147	15960
L21_V008	148	16061
L21_V008	149	16169
L21_V008	150	16319
L21_V008	151	16394
L21_V008	152	16569
L21_V008	153	16680
L21_V008	154	16830
L21_V008	155	16940
L21_V008	156	16998
L21_V008	157	17171
L21_V008	158	17339
L21_V008	159	17414
L21_V008	160	17548
L21_V008	161	17644
L21_V008	162	17702
L21_V008	163	17790
L21_V008	164	17906
L21_V008	165	17975
L21_V008	166	18040
L21_V008	167	18081
L21_V008	168	18120
L21_V008	169	18178
L21_V008	170	18253
L21_V008	171	18285
L21_V008	172	18379
L21_V008	173	18475
L21_V008	174	18650
L21_V008	175	18762
L21_V008	176	18846
L21_V008	177	18939
L21_V008	178	19053
L21_V008	179	19103
L21_V008	180	19210
L21_V008	181	19230
L21_V008	182	19335
L21_V008	183	19484
L21_V008	184	19559
L21_V008	185	19710
L21_V008	186	19878
L21_V008	187	19980
L21_V008	188	20124
L21_V008	189	20234
L21_V008	190	20280
L21_V008	191	20374
L21_V008	192	20412
L21_V008	193	20430
L21_V008	194	20483
L21_V008	195	20555
L21_V008	196	20580
L21_V008	197	20680
L21_V008	198	20727
L21_V008	199	20820
L21_V008	200	20897
L21_V008	201	20940
L21_V008	202	21001
L21_V008	203	21083
L21_V008	204	21146
L21_V008	205	21240
L21_V008	206	21326
L21_V008	207	21390
L21_V008	208	21480
L21_V008	209	21583
L21_V008	210	21758
L21_V008	211	21900
L21_V008	212	22050
L21_V008	213	22217
L21_V008	214	22380
L21_V008	215	22430
L21_V008	216	22470
L21_V008	217	22590
L21_V008	218	22680
L21_V008	219	22841
L21_V008	220	22932
L21_V008	221	23070
L21_V008	222	23220
L21_V008	223	23312
L21_V008	224	23340
L21_V008	225	23460
L21_V008	226	23540
L21_V008	227	23610
L21_V008	228	23730
L21_V008	229	23850
L21_V008	230	23927
L21_V008	231	23948
L21_V008	232	24030
L21_V008	233	24145
L21_V008	234	24300
L21_V008	235	24390
L21_V008	236	24489
L21_V008	237	24664
L21_V008	238	24750
L21_V008	239	24870
L21_V008	240	25020
L21_V008	241	25170
L21_V008	242	25294
L21_V008	243	25320
L21_V008	244	25398
L21_V008	245	25573
L21_V008	246	25741
L21_V008	247	25830
L21_V008	248	25980
L21_V008	249	26094
L21_V008	250	26212
L21_V008	251	26220
L21_V008	252	26370
L21_V008	253	26520
L21_V008	254	26606
L21_V008	255	26652
L21_V008	256	26777
L21_V008	257	26914
L21_V008	258	27014
L21_V008	259	27189
L21_V008	260	27319
L21_V008	261	27450
L21_V008	262	27539
L21_V008	263	27660
L21_V008	264	27835
L21_V008	265	27910
L21_V008	266	28020
L21_V008	267	28170
L21_V008	268	28345
L21_V008	269	28507
L21_V008	270	28680
L21_V008	271	28843
L21_V008	272	28964
L21_V008	273	29083
L21_V008	274	29213
L21_V008	275	29258
L21_V008	276	29369
L21_V008	277	29419
L21_V008	278	29592
L21_V008	279	29733
L21_V008	280	29905
L21_V008	281	29980
L21_V008	282	30120
L21_V008	283	30180
L21_V008	284	30291
L21_V008	285	30389
L21_V008	286	30558
L21_V008	287	30687
L21_V008	288	30780
L21_V008	289	30895
L21_V008	290	30930
L21_V008	291	30972
L21_V008	292	31035
L21_V008	293	31097
L21_V008	294	31194
L21_V008	295	31230
L21_V008	296	31273
L21_V008	297	31344
L21_V008	298	31386
L21_V008	299	31470
L21_V008	300	31513
L21_V008	301	31589
L21_V008	302	31702
L21_V008	303	31845
L21_V008	304	31860
L21_V008	305	31901
L21_V008	306	32008
L21_V008	307	32183
L21_V008	308	32339
L21_V008	309	32425
L21_V008	310	32600
L21_V008	311	32730
L21_V008	312	32850
L21_V008	313	33025
L21_V008	314	33179
L21_V008	315	33307
L21_V008	316	33390
L21_V008	317	33540
L21_V010	1	0
L21_V010	2	90
L21_V010	3	265
L21_V010	4	437
L21_V010	5	470
L21_V010	6	598
L21_V010	7	724
L21_V010	8	750
L21_V010	9	844
L21_V010	10	902
L21_V010	11	1077
L21_V010	12	1243
L21_V010	13	1333
L21_V010	14	1410
L21_V010	15	1481
L21_V010	16	1560
L21_V010	17	1710
L21_V010	18	1839
L21_V010	19	1957
L21_V010	20	2070
L21_V010	21	2145
L21_V010	22	2200
L21_V010	23	2220
L21_V010	24	2314
L21_V010	25	2395
L21_V010	26	2462
L21_V010	27	2490
L21_V010	28	2599
L21_V010	29	2774
L21_V010	30	2940
L21_V010	31	3058
L21_V010	32	3210
L21_V010	33	3300
L21_V010	34	3394
L21_V010	35	3567
L21_V010	36	3661
L21_V010	37	3779
L21_V010	38	3900
L21_V010	39	3999
L21_V010	40	4124
L21_V010	41	4205
L21_V010	42	4350
L21_V010	43	4523
L21_V010	44	4680
L21_V010	45	4830
L21_V010	46	4950
L21_V010	47	5100
L21_V010	48	5159
L21_V010	49	5230
L21_V010	50	5300
L21_V010	51	5400
L21_V010	52	5550
L21_V010	53	5679
L21_V010	54	5787
L21_V010	55	5850
L21_V010	56	5932
L21_V010	57	6013
L21_V010	58	6145
L21_V010	59	6237
L21_V010	60	6412
L21_V010	61	6509
L21_V010	62	6659
L21_V010	63	6830
L21_V010	64	6931
L21_V010	65	6970
L21_V010	66	7048
L21_V010	67	7109
L21_V010	68	7148
L21_V010	69	7253
L21_V010	70	7379
L21_V010	71	7409
L21_V010	72	7530
L21_V010	73	7631
L21_V010	74	7679
L21_V010	75	7778
L21_V010	76	7834
L21_V010	77	7911
L21_V010	78	8025
L21_V010	79	8100
L21_V010	80	8212
L21_V010	81	8232
L21_V010	82	8310
L21_V010	83	8460
L21_V010	84	8580
L21_V010	85	8722
L21_V010	86	8886
L21_V010	87	9030
L21_V010	88	9150
L21_V010	89	9300
L21_V010	90	9450
L21_V010	91	9581
L21_V010	92	9730
L21_V010	93	9750
L21_V010	94	9870
L21_V010	95	9960
L21_V010	96	10018
L21_V010	97	10079
L21_V010	98	10194
L21_V010	99	10268
L21_V010	100	10323
L21_V010	101	10351
L21_V010	102	10384
L21_V010	103	10470
L21_V010	104	10564
L21_V010	105	10590
L21_V010	106	10710
L21_V010	107	10824
L21_V010	108	10830
L21_V010	109	10980
L21_V010	110	11150
L21_V010	111	11310
L21_V010	112	11400
L21_V010	113	11550
L21_V010	114	11700
L21_V010	115	11865
L21_V010	116	11940
L21_V010	117	12030
L21_V010	118	12180
L21_V010	119	12330
L21_V010	120	12442
L21_V010	121	12600
L21_V010	122	12750
L21_V010	123	12900
L21_V010	124	13033
L21_V010	125	13050
L21_V010	126	13178
L21_V010	127	13260
L21_V010	128	13321
L21_V010	129	13435
L21_V010	130	13590
L21_V010	131	13710
L21_V010	132	13785
L21_V010	133	13860
L21_V010	134	14010
L21_V010	135	14149
L21_V010	136	14269
L21_V010	137	14310
L21_V010	138	14390
L21_V010	139	14497
L21_V010	140	14519
L21_V010	141	14610
L21_V010	142	14754
L21_V010	143	14844
L21_V010	144	14906
L21_V010	145	14984
L21_V010	146	15000
L21_V010	147	15025
L21_V010	148	15090
L21_V010	149	15265
L21_V010	150	15419
L21_V010	151	15569
L21_V010	152	15660
L21_V010	153	15810
L21_V010	154	15913
L21_V010	155	16046
L21_V010	156	16200
L21_V010	157	16290
L21_V010	158	16387
L21_V010	159	16440
L21_V010	160	16562
L21_V010	161	16680
L21_V010	162	16850
L21_V010	163	16932
L21_V010	164	17087
L21_V010	165	17100
L21_V010	166	17270
L21_V010	167	17417
L21_V010	168	17506
L21_V010	169	17670
L21_V010	170	17749
L21_V010	171	17880
L21_V010	172	18027
L21_V010	173	18133
L21_V010	174	18202
L21_V010	175	18279
L21_V010	176	18300
L21_V010	177	18345
L21_V010	178	18397
L21_V010	179	18426
L21_V010	180	18488
L21_V010	181	18510
L21_V010	182	18626
L21_V010	183	18668
L21_V010	184	18780
L21_V010	185	18937
L21_V010	186	19080
L21_V010	187	19230
L21_V010	188	19380
L21_V010	189	19500
L21_V010	190	19664
L21_V010	191	19740
L21_V010	192	19890
L21_V010	193	20040
L21_V010	194	20192
L21_V010	195	20267
L21_V010	196	20430
L21_V010	197	20580
L21_V010	198	20670
L21_V010	199	20760
L21_V010	200	20912
L21_V010	201	20988
L21_V010	202	21150
L21_V010	203	21300
L21_V010	204	21450
L21_V010	205	21570
L21_V010	206	21720
L21_V010	207	21877
L21_V010	208	22050
L21_V010	209	22200
L21_V010	210	22359
L21_V010	211	22530
L21_V010	212	22650
L21_V010	213	22732
L21_V010	214	22830
L21_V010	215	22921
L21_V010	216	23013
L21_V010	217	23100
L21_V010	218	23216
L21_V010	219	23274
L21_V010	220	23421
L21_V010	221	23550
L21_V010	222	23633
L21_V010	223	23670
L21_V010	224	23784
L21_V010	225	23876
L21_V010	226	23970
L21_V010	227	24064
L21_V010	228	24077
L21_V010	229	24152
L21_V010	230	24237
L21_V010	231	24412
L21_V010	232	24540
L21_V010	233	24597
L21_V010	234	24639
L21_V010	235	24810
L21_V010	236	24852
L21_V010	237	24955
L21_V010	238	25050
L21_V010	239	25180
L21_V010	240	25290
L21_V010	241	25449
L21_V010	242	25620
L21_V010	243	25711
L21_V010	244	25770
L21_V010	245	25867
L21_V010	246	26039
L21_V010	247	26136
L21_V010	248	26310
L21_V010	249	26430
L21_V010	250	26535
L21_V010	251	26598
L21_V010	252	26760
L21_V010	253	26895
L21_V010	254	26910
L21_V010	255	27079
L21_V010	256	27210
L21_V010	257	27314
L21_V010	258	27377
L21_V010	259	27506
L21_V010	260	27539
L21_V010	261	27589
L21_V010	262	27642
L21_V010	263	27683
L21_V010	264	27708
L21_V010	265	27872
L21_V010	266	27989
L21_V010	267	28110
L21_V010	268	28204
L21_V012	1	0
L21_V012	2	0
L21_V012	3	90
L21_V012	4	300
L21_V012	5	446
L21_V012	6	485
L21_V012	7	638
L21_V012	8	786
L21_V012	9	846
L21_V012	10	975
L21_V012	11	1005
L21_V012	12	1023
L21_V012	13	1215
L21_V012	14	1343
L21_V012	15	1440
L21_V012	16	1623
L21_V012	17	1815
L21_V012	18	1995
L21_V012	19	2205
L21_V012	20	2313
L21_V012	21	2457
L21_V012	22	2516
L21_V012	23	2636
L21_V012	24	2744
L21_V012	25	2790
L21_V012	26	3000
L21_V012	27	3134
L21_V012	28	3234
L21_V012	29	3264
L21_V012	30	3465
L21_V012	31	3528
L21_V012	32	3614
L21_V012	33	3690
L21_V012	34	3813
L21_V012	35	3968
L21_V012	36	4025
L21_V012	37	4059
L21_V012	38	4247
L21_V012	39	4316
L21_V012	40	4425
L21_V012	41	4554
L21_V012	42	4764
L21_V012	43	4944
L21_V012	44	5018
L21_V012	45	5075
L21_V012	46	5229
L21_V012	47	5259
L21_V012	48	5360
L21_V012	49	5445
L21_V012	50	5636
L21_V012	51	5787
L21_V012	52	5817
L21_V012	53	5928
L21_V012	54	6008
L21_V012	55	6059
L21_V012	56	6159
L21_V012	57	6332
L21_V012	58	6423
L21_V012	59	6537
L21_V012	60	6611
L21_V012	61	6678
L21_V012	62	6714
L21_V012	63	6813
L21_V012	64	7023
L21_V012	65	7221
L21_V012	66	7413
L21_V012	67	7521
L21_V012	68	7583
L21_V012	69	7665
L21_V012	70	7701
L21_V012	71	7811
L21_V012	72	7923
L21_V012	73	8019
L21_V012	74	8075
L21_V012	75	8177
L21_V012	76	8207
L21_V012	77	8276
L21_V012	78	8414
L21_V012	79	8511
L21_V012	80	8565
L21_V012	81	8775
L21_V012	82	8865
L21_V012	83	9033
L21_V012	84	9230
L21_V012	85	9375
L21_V012	86	9513
L21_V012	87	9723
L21_V012	88	9830
L21_V012	89	9981
L21_V012	90	10143
L21_V012	91	10239
L21_V012	92	10365
L21_V012	93	10509
L21_V012	94	10703
L21_V012	95	10844
L21_V012	96	11054
L21_V012	97	11234
L21_V012	98	11367
L21_V012	99	11534
L21_V012	100	11709
L21_V012	101	11820
L21_V012	102	11901
L21_V012	103	12029
L21_V012	104	12092
L21_V012	105	12212
L21_V012	106	12362
L21_V012	107	12558
L21_V012	108	12719
L21_V012	109	12882
L21_V012	110	13004
L21_V012	111	13137
L21_V012	112	13266
L21_V012	113	13323
L21_V012	114	13461
L21_V012	115	13661
L21_V012	116	13790
L21_V012	117	13920
L21_V012	118	14130
L21_V012	119	14261
L21_V012	120	14451
L21_V012	121	14649
L21_V012	122	14739
L21_V012	123	14853
L21_V012	124	14984
L21_V012	125	15153
L21_V012	126	15269
L21_V012	127	15404
L21_V012	128	15614
L21_V012	129	15713
L21_V012	130	15863
L21_V012	131	16065
L21_V012	132	16247
L21_V012	133	16340
L21_V012	134	16484
L21_V012	135	16580
L21_V012	136	16647
L21_V012	137	16773
L21_V012	138	16799
L21_V012	139	16841
L21_V012	140	16989
L21_V012	141	17057
L21_V012	142	17174
L21_V012	143	17355
L21_V012	144	17369
L21_V012	145	17555
L21_V012	146	17645
L21_V012	147	17792
L21_V012	148	17847
L21_V012	149	17937
L21_V012	150	18057
L21_V012	151	18087
L21_V012	152	18183
L21_V012	153	18357
L21_V012	154	18387
L21_V012	155	18471
L21_V012	156	18543
L21_V012	157	18573
L21_V012	158	18617
L21_V012	159	18705
L21_V012	160	18765
L21_V012	161	18975
L21_V012	162	19077
L21_V012	163	19287
L21_V012	164	19440
L21_V012	165	19617
L21_V012	166	19779
L21_V012	167	19949
L21_V012	168	20159
L21_V012	169	20279
L21_V012	170	20489
L21_V012	171	20618
L21_V012	172	20735
L21_V012	173	20871
L21_V012	174	20939
L21_V012	175	21051
L21_V012	176	21261
L21_V012	177	21359
L21_V012	178	21540
L21_V012	179	21743
L21_V012	180	21927
L21_V012	181	22035
L21_V012	182	22239
L21_V012	183	22329
L21_V012	184	22455
L21_V012	185	22665
L21_V012	186	22814
L21_V012	187	22955
L21_V012	188	23127
L21_V012	189	23205
L21_V012	190	23325
L21_V012	191	23499
L21_V012	192	23691
L21_V012	193	23820
L21_V012	194	23850
L21_V012	195	23972
L21_V012	196	24047
L21_V012	197	24131
L21_V012	198	24287
L21_V012	199	24363
L21_V012	200	24483
L21_V012	201	24621
L21_V012	202	24831
L21_V012	203	25008
L21_V012	204	25113
L21_V012	205	25293
L21_V012	206	25415
L21_V012	207	25574
L21_V012	208	25784
L21_V012	209	25934
L21_V012	210	26025
L21_V012	211	26205
L21_V012	212	26355
L21_V012	213	26445
L21_V012	214	26585
L21_V012	215	26649
L21_V012	216	26711
L21_V012	217	26808
L21_V012	218	26979
L21_V012	219	27138
L21_V012	220	27279
L21_V012	221	27369
L21_V012	222	27489
L21_V012	223	27639
L21_V012	224	27729
L21_V012	225	27819
L21_V013	1	0
L21_V013	2	0
L21_V013	3	90
L21_V013	4	270
L21_V013	5	342
L21_V013	6	366
L21_V013	7	405
L21_V013	8	525
L21_V013	9	558
L21_V013	10	666
L21_V013	11	708
L21_V013	12	858
L21_V013	13	998
L21_V013	14	1047
L21_V013	15	1110
L21_V013	16	1320
L21_V013	17	1470
L21_V013	18	1644
L21_V013	19	1736
L21_V013	20	1866
L21_V013	21	2022
L21_V013	22	2178
L21_V013	23	2328
L21_V013	24	2475
L21_V013	25	2586
L21_V013	26	2655
L21_V013	27	2793
L21_V013	28	2844
L21_V013	29	2990
L21_V013	30	3140
L21_V013	31	3252
L21_V013	32	3330
L21_V013	33	3525
L21_V013	34	3735
L21_V013	35	3855
L21_V013	36	3954
L21_V013	37	4125
L21_V013	38	4218
L21_V013	39	4316
L21_V013	40	4407
L21_V013	41	4551
L21_V013	42	4608
L21_V013	43	4641
L21_V013	44	4836
L21_V013	45	4992
L21_V013	46	5078
L21_V013	47	5138
L21_V013	48	5268
L21_V013	49	5448
L21_V013	50	5538
L21_V013	51	5739
L21_V013	52	5874
L21_V013	53	6045
L21_V013	54	6150
L21_V013	55	6201
L21_V013	56	6363
L21_V013	57	6498
L21_V013	58	6600
L21_V013	59	6738
L21_V013	60	6933
L21_V013	61	7023
L21_V013	62	7116
L21_V013	63	7272
L21_V013	64	7323
L21_V013	65	7424
L21_V013	66	7470
L21_V013	67	7674
L21_V013	68	7764
L21_V013	69	7947
L21_V013	70	8034
L21_V013	71	8103
L21_V013	72	8205
L21_V013	73	8346
L21_V013	74	8409
L21_V013	75	8523
L21_V013	76	8733
L21_V013	77	8823
L21_V013	78	9033
L21_V013	79	9213
L21_V013	80	9399
L21_V013	81	9567
L21_V013	82	9678
L21_V013	83	9825
L21_V013	84	9993
L21_V013	85	10023
L21_V013	86	10224
L21_V013	87	10404
L21_V013	88	10413
L21_V013	89	10455
L21_V013	90	10574
L21_V013	91	10671
L21_V013	92	10740
L21_V013	93	10854
L21_V013	94	10988
L21_V013	95	11198
L21_V013	96	11378
L21_V013	97	11588
L21_V013	98	11793
L21_V013	99	11931
L21_V013	100	12080
L21_V013	101	12140
L21_V013	102	12246
L21_V013	103	12426
L21_V013	104	12516
L21_V013	105	12644
L21_V013	106	12702
L21_V013	107	12876
L21_V013	108	13086
L21_V013	109	13275
L21_V013	110	13485
L21_V013	111	13575
L21_V013	112	13758
L21_V013	113	13875
L21_V013	114	14040
L21_V013	115	14250
L21_V013	116	14355
L21_V013	117	14484
L21_V013	118	14625
L21_V013	119	14835
L21_V013	120	14918
L21_V013	121	15009
L21_V013	122	15165
L21_V013	123	15291
L21_V013	124	15426
L21_V013	125	15548
L21_V013	126	15633
L21_V013	127	15717
L21_V013	128	15806
L21_V013	129	16016
L21_V013	130	16188
L21_V013	131	16290
L21_V013	132	16404
L21_V013	133	16514
L21_V013	134	16632
L21_V013	135	16779
L21_V013	136	16836
L21_V013	137	16995
L21_V013	138	17046
L21_V013	139	17115
L21_V013	140	17174
L21_V013	141	17300
L21_V013	142	17366
L21_V013	143	17532
L21_V013	144	17673
L21_V013	145	17883
L21_V013	146	18033
L21_V013	147	18162
L21_V013	148	18309
L21_V013	149	18366
L21_V013	150	18446
L21_V013	151	18525
L21_V013	152	18612
L21_V013	153	18699
L21_V013	154	18813
L21_V013	155	18963
L21_V013	156	19038
L21_V013	157	19137
L21_V013	158	19149
L21_V013	159	19191
L21_V013	160	19311
L21_V013	161	19407
L21_V013	162	19478
L21_V013	163	19683
L21_V013	164	19722
L21_V013	165	19842
L21_V013	166	20022
L21_V013	167	20112
L21_V013	168	20202
L21_V013	169	20394
L21_V013	170	20532
L21_V013	171	20715
L21_V013	172	20862
L21_V013	173	21045
L21_V013	174	21222
L21_V013	175	21312
L21_V013	176	21480
L21_V013	177	21678
L21_V013	178	21858
L21_V013	179	22068
L21_V013	180	22188
L21_V013	181	22323
L21_V013	182	22455
L21_V013	183	22605
L21_V013	184	22665
L21_V013	185	22719
L21_V013	186	22767
L21_V013	187	22874
L21_V013	188	22944
L21_V013	189	22994
L21_V013	190	23058
L21_V013	191	23175
L21_V013	192	23322
L21_V013	193	23382
L21_V013	194	23454
L21_V013	195	23580
L21_V013	196	23630
L21_V013	197	23679
L21_V013	198	23781
L21_V013	199	23991
L21_V013	200	24147
L21_V013	201	24309
L21_V013	202	24519
L21_V013	203	24633
L21_V013	204	24843
L21_V013	205	25005
L21_V013	206	25164
L21_V013	207	25374
L21_V013	208	25497
L21_V013	209	25593
L21_V013	210	25788
L21_V013	211	25944
L21_V013	212	26112
L21_V013	213	26322
L21_V013	214	26481
L21_V013	215	26622
L21_V013	216	26766
L21_V013	217	26820
L21_V013	218	26880
L21_V013	219	26990
L21_V013	220	27075
L21_V013	221	27176
L21_V013	222	27294
L21_V013	223	27453
L21_V013	224	27530
L21_V013	225	27636
L21_V013	226	27774
L21_V013	227	27864
L21_V013	228	28071
L21_V013	229	28161
L21_V013	230	28263
L21_V013	231	28347
L21_V013	232	28472
L21_V013	233	28653
L21_V013	234	28821
L21_V013	235	28938
L21_V013	236	29118
L21_V013	237	29186
L21_V013	238	29240
L21_V013	239	29270
L21_V013	240	29450
L21_V013	241	29547
L21_V013	242	29745
L21_V013	243	29955
L21_V013	244	30108
L21_V013	245	30252
L21_V013	246	30404
L21_V013	247	30462
L21_V013	248	30555
L21_V013	249	30765
L21_V013	250	30855
L21_V013	251	30954
L21_V013	252	31095
L21_V013	253	31242
L21_V013	254	31437
L21_V013	255	31581
L21_V013	256	31676
L21_V013	257	31731
L21_V013	258	31878
L21_V013	259	31938
L21_V013	260	32049
L21_V013	261	32114
L21_V013	262	32172
L21_V013	263	32313
L21_V013	264	32522
L21_V013	265	32612
L21_V013	266	32822
L21_V013	267	32916
L21_V013	268	32985
L21_V013	269	33062
L21_V013	270	33110
L21_V013	271	33176
L21_V013	272	33222
L21_V013	273	33285
L21_V013	274	33327
L21_V013	275	33392
L21_V013	276	33495
L21_V013	277	33602
L21_V015	1	0
L21_V015	2	0
L21_V015	3	120
L21_V015	4	330
L21_V015	5	395
L21_V015	6	422
L21_V015	7	459
L21_V015	8	579
L21_V015	9	612
L21_V015	10	728
L21_V015	11	761
L21_V015	12	858
L21_V015	13	899
L21_V015	14	911
L21_V015	15	1121
L21_V015	16	1241
L21_V015	17	1394
L21_V015	18	1604
L21_V015	19	1731
L21_V015	20	1847
L21_V015	21	2022
L21_V015	22	2120
L21_V015	23	2267
L21_V015	24	2477
L21_V015	25	2613
L21_V015	26	2733
L21_V015	27	2868
L21_V015	28	2997
L21_V015	29	3207
L21_V015	30	3297
L21_V015	31	3387
L21_V015	32	3519
L21_V015	33	3693
L21_V015	34	3861
L21_V015	35	3981
L21_V015	36	4118
L21_V015	37	4310
L21_V015	38	4505
L21_V015	39	4586
L21_V015	40	4671
L21_V015	41	4767
L21_V015	42	4826
L21_V015	43	4887
L21_V015	44	4989
L21_V015	45	5160
L21_V015	46	5286
L21_V015	47	5357
L21_V015	48	5526
L21_V015	49	5616
L21_V015	50	5826
L21_V015	51	5982
L21_V015	52	6060
L21_V015	53	6129
L21_V015	54	6273
L21_V015	55	6444
L21_V015	56	6654
L21_V015	57	6771
L21_V015	58	6861
L21_V015	59	6966
L21_V015	60	7038
L21_V015	61	7233
L21_V015	62	7326
L21_V015	63	7434
L21_V015	64	7518
L21_V015	65	7665
L21_V015	66	7725
L21_V015	67	7784
L21_V015	68	7883
L21_V015	69	8093
L21_V015	70	8279
L21_V015	71	8486
L21_V015	72	8636
L21_V015	73	8820
L21_V015	74	8988
L21_V015	75	9170
L21_V015	76	9378
L21_V015	77	9491
L21_V015	78	9551
L21_V015	79	9564
L21_V015	80	9672
L21_V015	81	9732
L21_V015	82	9801
L21_V015	83	9875
L21_V015	84	9948
L21_V015	85	10074
L21_V015	86	10284
L21_V015	87	10395
L21_V015	88	10583
L21_V015	89	10665
L21_V015	90	10734
L21_V015	91	10833
L21_V015	92	10893
L21_V015	93	10950
L21_V015	94	11010
L21_V015	95	11163
L21_V015	96	11252
L21_V015	97	11313
L21_V015	98	11418
L21_V015	99	11519
L21_V015	100	11627
L21_V015	101	11717
L21_V015	102	11828
L21_V015	103	11858
L21_V015	104	12044
L21_V015	105	12243
L21_V015	106	12311
L21_V015	107	12357
L21_V015	108	12567
L21_V015	109	12657
L21_V015	110	12791
L21_V015	111	13001
L21_V015	112	13151
L21_V015	113	13314
L21_V015	114	13524
L21_V015	115	13662
L21_V015	116	13854
L21_V015	117	14064
L21_V015	118	14259
L21_V015	119	14469
L21_V015	120	14679
L21_V015	121	14828
L21_V015	122	14940
L21_V015	123	15038
L21_V015	124	15158
L21_V015	125	15249
L21_V015	126	15453
L21_V015	127	15569
L21_V015	128	15672
L21_V015	129	15816
L21_V015	130	15941
L21_V015	131	16032
L21_V015	132	16242
L21_V015	133	16362
L21_V015	134	16533
L21_V015	135	16650
L21_V015	136	16751
L21_V015	137	16868
L21_V015	138	17006
L21_V015	139	17036
L21_V015	140	17133
L21_V015	141	17223
L21_V015	142	17397
L21_V015	143	17508
L21_V015	144	17598
L21_V015	145	17759
L21_V015	146	17874
L21_V015	147	17990
L21_V015	148	18116
L21_V015	149	18227
L21_V015	150	18321
L21_V015	151	18531
L21_V015	152	18681
L21_V015	153	18840
L21_V015	154	19050
L21_V015	155	19239
L21_V015	156	19433
L21_V015	157	19553
L21_V015	158	19725
L21_V015	159	19883
L21_V015	160	20067
L21_V015	161	20259
L21_V015	162	20399
L21_V015	163	20507
L21_V015	164	20573
L21_V015	165	20691
L21_V015	166	20783
L21_V015	167	20939
L21_V015	168	21044
L21_V015	169	21095
L21_V015	170	21305
L21_V015	171	21486
L21_V015	172	21606
L21_V015	173	21723
L21_V015	174	21806
L21_V015	175	21941
L21_V015	176	22058
L21_V015	177	22181
L21_V015	178	22293
L21_V015	179	22359
L21_V015	180	22434
L21_V015	181	22517
L21_V015	182	22628
L21_V015	183	22758
L21_V015	184	22961
L21_V015	185	23025
L21_V015	186	23091
L21_V015	187	23171
L21_V015	188	23235
L21_V015	189	23402
L21_V015	190	23492
L21_V015	191	23582
L21_V015	192	23757
L21_V015	193	23796
L21_V015	194	23958
L21_V015	195	24057
L21_V015	196	24123
L21_V015	197	24207
L21_V015	198	24270
L21_V015	199	24345
L21_V015	200	24387
L21_V015	201	24519
L21_V015	202	24560
L21_V015	203	24719
L21_V015	204	24779
L21_V015	205	24921
L21_V015	206	25073
L21_V015	207	25283
L21_V015	208	25377
L21_V015	209	25514
L21_V015	210	25605
L21_V015	211	25815
L21_V015	212	25905
L21_V015	213	26061
L21_V015	214	26151
L21_V015	215	26244
L21_V015	216	26295
L21_V015	217	26394
L21_V015	218	26510
L21_V015	219	26598
L21_V015	220	26796
L21_V015	221	27006
L21_V015	222	27201
L21_V015	223	27351
L21_V015	224	27471
L21_V015	225	27647
L21_V015	226	27767
L21_V015	227	27875
L21_V015	228	28085
L21_V015	229	28181
L21_V015	230	28335
L21_V015	231	28455
L21_V015	232	28613
L21_V015	233	28823
L21_V015	234	28943
L21_V015	235	29153
L21_V015	236	29274
L21_V015	237	29471
L21_V015	238	29561
L21_V015	239	29661
L21_V015	240	29721
L21_V015	241	29787
L21_V015	242	29856
L21_V015	243	29928
L21_V015	244	30039
L21_V015	245	30165
L21_V015	246	30327
L21_V015	247	30423
L21_V015	248	30506
L21_V015	249	30605
L21_V015	250	30767
L21_V015	251	30962
L21_V015	252	31172
L21_V015	253	31289
L21_V015	254	31407
L21_V015	255	31467
L21_V015	256	31559
L21_V015	257	31737
L21_V015	258	31827
L21_V015	259	32012
L21_V015	260	32199
L21_V015	261	32217
L21_V015	262	32348
L21_V015	263	32558
L21_V015	264	32729
L21_V015	265	32939
L21_V015	266	33149
L21_V015	267	33293
L21_V015	268	33477
L21_V015	269	33543
L21_V015	270	33624
L21_V015	271	33773
L21_V015	272	33932
L21_V015	273	34022
L21_V015	274	34178
L21_V015	275	34275
L21_V015	276	34367
L21_V015	277	34499
L21_V015	278	34607
L21_V015	279	34751
L21_V015	280	34884
L21_V015	281	35055
L21_V015	282	35265
L21_V015	283	35361
L21_V015	284	35505
L21_V015	285	35715
L21_V015	286	35865
L21_V015	287	35963
L21_V015	288	36053
L21_V015	289	36201
L21_V015	290	36411
L21_V015	291	36615
L21_V015	292	36804
L21_V015	293	36825
L21_V015	294	36915
L21_V015	295	37125
L21_V015	296	37250
L21_V015	297	37385
L21_V015	298	37451
L21_V015	299	37491
L21_V015	300	37526
L21_V015	301	37595
L21_V015	302	37647
L21_V015	303	37766
L21_V015	304	37790
L21_V015	305	37893
L21_V015	306	38063
L21_V015	307	38184
L21_V015	308	38252
L21_V015	309	38411
L21_V015	310	38531
L21_V015	311	38681
L21_V015	312	38891
L21_V016	1	0
L21_V016	2	0
L21_V016	3	90
L21_V016	4	240
L21_V016	5	332
L21_V016	6	404
L21_V016	7	513
L21_V016	8	555
L21_V016	9	666
L21_V016	10	705
L21_V016	11	819
L21_V016	12	849
L21_V016	13	915
L21_V016	14	918
L21_V016	15	1128
L21_V016	16	1308
L21_V016	17	1407
L21_V016	18	1500
L21_V016	19	1638
L21_V016	20	1671
L21_V016	21	1791
L21_V016	22	1926
L21_V016	23	2126
L21_V016	24	2316
L21_V016	25	2462
L21_V016	26	2492
L21_V016	27	2678
L21_V016	28	2888
L21_V016	29	2978
L21_V016	30	3099
L21_V016	31	3147
L21_V016	32	3228
L21_V016	33	3357
L21_V016	34	3510
L21_V016	35	3699
L21_V016	36	3789
L21_V016	37	3921
L21_V016	38	3999
L21_V016	39	4158
L21_V016	40	4227
L21_V016	41	4298
L21_V016	42	4328
L21_V016	43	4440
L21_V016	44	4508
L21_V016	45	4659
L21_V016	46	4779
L21_V016	47	4830
L21_V016	48	4899
L21_V016	49	4964
L21_V016	50	5174
L21_V016	51	5289
L21_V016	52	5451
L21_V016	53	5541
L21_V016	54	5739
L21_V016	55	5808
L21_V016	56	5886
L21_V016	57	5991
L21_V016	58	6086
L21_V016	59	6266
L21_V016	60	6351
L21_V016	61	6420
L21_V016	62	6504
L21_V016	63	6582
L21_V016	64	6660
L21_V016	65	6722
L21_V016	66	6789
L21_V016	67	6909
L21_V016	68	7029
L21_V016	69	7206
L21_V016	70	7395
L21_V016	71	7488
L21_V016	72	7557
L21_V016	73	7650
L21_V016	74	7749
L21_V016	75	7794
L21_V016	76	7841
L21_V016	77	7991
L21_V016	78	8076
L21_V016	79	8181
L21_V016	80	8214
L21_V016	81	8265
L21_V016	82	8325
L21_V016	83	8462
L21_V016	84	8592
L21_V016	85	8652
L21_V016	86	8715
L21_V016	87	8748
L21_V016	88	8841
L21_V016	89	8955
L21_V016	90	9036
L21_V016	91	9090
L21_V016	92	9152
L21_V016	93	9258
L21_V016	94	9417
L21_V016	95	9627
L21_V016	96	9777
L21_V016	97	9867
L21_V016	98	10062
L21_V016	99	10155
L21_V016	100	10346
L21_V016	101	10422
L21_V016	102	10500
L21_V016	103	10590
L21_V016	104	10797
L21_V016	105	10887
L21_V016	106	11058
L21_V016	107	11148
L21_V016	108	11358
L21_V016	109	11475
L21_V016	110	11646
L21_V016	111	11732
L21_V016	112	11784
L21_V016	113	11844
L21_V016	114	12054
L21_V016	115	12183
L21_V016	116	12303
L21_V016	117	12423
L21_V016	118	12597
L21_V016	119	12717
L21_V016	120	12909
L21_V016	121	13101
L21_V016	122	13239
L21_V016	123	13416
L21_V016	124	13446
L21_V016	125	13641
L21_V016	126	13767
L21_V016	127	13977
L21_V016	128	14126
L21_V016	129	14298
L21_V016	130	14466
L21_V016	131	14565
L21_V016	132	14682
L21_V016	133	14876
L21_V016	134	15024
L21_V016	135	15147
L21_V016	136	15357
L21_V016	137	15540
L21_V016	138	15660
L21_V016	139	15768
L21_V016	140	15870
L21_V016	141	15978
L21_V016	142	16005
L21_V016	143	16155
L21_V016	144	16248
L21_V016	145	16338
L21_V016	146	16461
L21_V016	147	16646
L21_V016	148	16761
L21_V016	149	16848
L21_V016	150	16941
L21_V016	151	17031
L21_V016	152	17241
L21_V016	153	17361
L21_V016	154	17469
L21_V016	155	17679
L21_V016	156	17874
L21_V016	157	17964
L21_V016	158	18114
L21_V016	159	18320
L21_V016	160	18483
L21_V016	161	18660
L21_V016	162	18822
L21_V016	163	18902
L21_V016	164	18966
L21_V016	165	19116
L21_V016	166	19176
L21_V016	167	19272
L21_V016	168	19299
L21_V016	169	19341
L21_V016	170	19449
L21_V016	171	19488
L21_V016	172	19557
L21_V016	173	19668
L21_V016	174	19866
L21_V016	175	20076
L21_V016	176	20256
L21_V016	177	20457
L21_V016	178	20616
L21_V016	179	20724
L21_V016	180	20754
L21_V016	181	20904
L21_V016	182	21096
L21_V016	183	21170
L21_V016	184	21294
L21_V016	185	21420
L21_V016	186	21627
L21_V016	187	21717
L21_V016	188	21906
L21_V016	189	22076
L21_V016	190	22106
L21_V016	191	22245
L21_V016	192	22455
L21_V016	193	22581
L21_V016	194	22689
L21_V016	195	22824
L21_V016	196	22994
L21_V016	197	23084
L21_V016	198	23277
L21_V016	199	23391
L21_V016	200	23595
L21_V016	201	23784
L21_V016	202	23982
L21_V016	203	24141
L21_V016	204	24171
L21_V016	205	24285
L21_V016	206	24456
L21_V016	207	24666
L21_V016	208	24756
L21_V016	209	24891
L21_V016	210	25071
L21_V016	211	25191
L21_V016	212	25287
L21_V016	213	25311
L21_V016	214	25509
L21_V016	215	25653
L21_V016	216	25713
L21_V016	217	25815
L21_V016	218	25995
L21_V016	219	26205
L21_V016	220	26408
L21_V016	221	26472
L21_V016	222	26520
L21_V016	223	26706
L21_V016	224	26877
L21_V016	225	26960
L21_V016	226	27009
L21_V016	227	27075
L21_V016	228	27165
L21_V016	229	27354
L21_V016	230	27480
L21_V016	231	27624
L21_V016	232	27741
L21_V016	233	27903
L21_V016	234	28113
L21_V016	235	28275
L21_V016	236	28334
L21_V016	237	28455
L21_V016	238	28536
L21_V016	239	28605
L21_V016	240	28671
L21_V016	241	28742
L21_V016	242	28890
L21_V016	243	28980
L21_V016	244	29112
L21_V016	245	29162
L21_V016	246	29232
L21_V016	247	29274
L21_V016	248	29348
L21_V016	249	29430
L21_V016	250	29504
L21_V016	251	29583
L21_V016	252	29666
L21_V016	253	29742
L21_V016	254	29804
L21_V016	255	29858
L21_V016	256	30068
L21_V016	257	30188
L21_V016	258	30300
L21_V016	259	30393
L21_V016	260	30572
L21_V016	261	30744
L21_V016	262	30876
L21_V016	263	30914
L21_V016	264	31026
L21_V016	265	31083
L21_V016	266	31101
L21_V016	267	31203
L21_V016	268	31323
L21_V016	269	31508
L21_V017	1	0
L21_V017	2	90
L21_V017	3	265
L21_V017	4	349
L21_V017	5	358
L21_V017	6	391
L21_V017	7	519
L21_V017	8	587
L21_V017	9	645
L21_V017	10	810
L21_V017	11	821
L21_V017	12	983
L21_V017	13	1080
L21_V017	14	1192
L21_V017	15	1290
L21_V017	16	1432
L21_V017	17	1560
L21_V017	18	1639
L21_V017	19	1717
L21_V017	20	1789
L21_V017	21	1869
L21_V017	22	1921
L21_V017	23	2096
L21_V017	24	2220
L21_V017	25	2340
L21_V017	26	2430
L21_V017	27	2550
L21_V017	28	2670
L21_V017	29	2782
L21_V017	30	2820
L21_V017	31	2970
L21_V017	32	3044
L21_V017	33	3122
L21_V017	34	3247
L21_V017	35	3290
L21_V017	36	3368
L21_V017	37	3399
L21_V017	38	3451
L21_V017	39	3570
L21_V017	40	3704
L21_V017	41	3779
L21_V017	42	3900
L21_V017	43	4020
L21_V017	44	4110
L21_V017	45	4260
L21_V017	46	4355
L21_V017	47	4530
L21_V017	48	4680
L21_V017	49	4770
L21_V017	50	4860
L21_V017	51	5035
L21_V017	52	5197
L21_V017	53	5357
L21_V017	54	5420
L21_V017	55	5465
L21_V017	56	5556
L21_V017	57	5640
L21_V017	58	5790
L21_V017	59	5911
L21_V017	60	5986
L21_V017	61	6060
L21_V017	62	6123
L21_V017	63	6197
L21_V017	64	6300
L21_V017	65	6450
L21_V017	66	6497
L21_V017	67	6573
L21_V017	68	6690
L21_V017	69	6780
L21_V017	70	6955
L21_V017	71	7080
L21_V017	72	7230
L21_V017	73	7359
L21_V017	74	7530
L21_V017	75	7644
L21_V017	76	7650
L21_V017	77	7770
L21_V017	78	7845
L21_V017	79	7909
L21_V017	80	8070
L21_V017	81	8139
L21_V017	82	8220
L21_V017	83	8310
L21_V017	84	8441
L21_V017	85	8460
L21_V017	86	8610
L21_V017	87	8694
L21_V017	88	8764
L21_V017	89	8816
L21_V017	90	8936
L21_V017	91	8966
L21_V017	92	9030
L21_V017	93	9146
L21_V017	94	9300
L21_V017	95	9407
L21_V017	96	9420
L21_V017	97	9595
L21_V017	98	9690
L21_V017	99	9815
L21_V017	100	9890
L21_V017	101	10020
L21_V017	102	10140
L21_V017	103	10260
L21_V017	104	10353
L21_V017	105	10420
L21_V017	106	10514
L21_V017	107	10594
L21_V017	108	10677
L21_V017	109	10710
L21_V017	110	10862
L21_V017	111	10950
L21_V017	112	11068
L21_V017	113	11243
L21_V017	114	11340
L21_V017	115	11437
L21_V017	116	11550
L21_V017	117	11691
L21_V017	118	11829
L21_V017	119	11850
L21_V017	120	12005
L21_V017	121	12090
L21_V017	122	12229
L21_V017	123	12376
L21_V017	124	12539
L21_V017	125	12614
L21_V017	126	12690
L21_V017	127	12865
L21_V017	128	13019
L21_V017	129	13169
L21_V017	130	13344
L21_V017	131	13469
L21_V017	132	13560
L21_V017	133	13666
L21_V017	134	13710
L21_V017	135	13725
L21_V017	136	13800
L21_V017	137	13905
L21_V017	138	14040
L21_V017	139	14116
L21_V017	140	14166
L21_V017	141	14190
L21_V017	142	14365
L21_V017	143	14490
L21_V017	144	14613
L21_V017	145	14700
L21_V017	146	14830
L21_V017	147	14938
L21_V017	148	14969
L21_V017	149	15060
L21_V017	150	15172
L21_V017	151	15275
L21_V017	152	15419
L21_V017	153	15485
L21_V017	154	15581
L21_V017	155	15688
L21_V017	156	15719
L21_V017	157	15838
L21_V017	158	15863
L21_V017	159	15966
L21_V017	160	16050
L21_V017	161	16224
L21_V017	162	16398
L21_V017	163	16500
L21_V017	164	16620
L21_V017	165	16759
L21_V017	166	16933
L21_V017	167	17010
L21_V017	168	17100
L21_V017	169	17195
L21_V017	170	17263
L21_V017	171	17400
L21_V017	172	17485
L21_V017	173	17624
L21_V017	174	17744
L21_V017	175	17767
L21_V017	176	17843
L21_V017	177	17940
L21_V017	178	18060
L21_V017	179	18150
L21_V017	180	18253
L21_V017	181	18328
L21_V017	182	18497
L21_V017	183	18572
L21_V017	184	18690
L21_V017	185	18855
L21_V017	186	18930
L21_V017	187	19020
L21_V017	188	19146
L21_V017	189	19260
L21_V017	190	19410
L21_V017	191	19500
L21_V017	192	19651
L21_V017	193	19740
L21_V017	194	19860
L21_V017	195	19950
L21_V017	196	20021
L21_V017	197	20100
L21_V017	198	20165
L21_V017	199	20251
L21_V017	200	20413
L21_V017	201	20491
L21_V017	202	20589
L21_V017	203	20648
L21_V017	204	20760
L21_V017	205	20926
L21_V017	206	21015
L21_V017	207	21150
L21_V017	208	21278
L21_V017	209	21420
L21_V017	210	21510
L21_V017	211	21663
L21_V017	212	21780
L21_V017	213	21870
L21_V017	214	21967
L21_V017	215	22020
L21_V017	216	22110
L21_V017	217	22200
L21_V017	218	22375
L21_V017	219	22494
L21_V017	220	22650
L21_V017	221	22740
L21_V017	222	22879
L21_V017	223	23001
L21_V017	224	23010
L21_V017	225	23122
L21_V017	226	23130
L21_V017	227	23249
L21_V017	228	23424
L21_V017	229	23550
L21_V017	230	23655
L21_V018	1	0
L21_V018	2	90
L21_V018	3	263
L21_V018	4	426
L21_V018	5	434
L21_V018	6	467
L21_V018	7	594
L21_V018	8	719
L21_V018	9	842
L21_V018	10	855
L21_V018	11	930
L21_V018	12	1080
L21_V018	13	1255
L21_V018	14	1351
L21_V018	15	1500
L21_V018	16	1604
L21_V018	17	1673
L21_V018	18	1800
L21_V018	19	1948
L21_V018	20	2123
L21_V018	21	2198
L21_V018	22	2343
L21_V018	23	2462
L21_V018	24	2550
L21_V018	25	2670
L21_V018	26	2760
L21_V018	27	2850
L21_V018	28	2983
L21_V018	29	3000
L21_V018	30	3150
L21_V018	31	3213
L21_V018	32	3284
L21_V018	33	3357
L21_V018	34	3450
L21_V018	35	3588
L21_V018	36	3697
L21_V018	37	3794
L21_V018	38	3964
L21_V018	39	4039
L21_V018	40	4154
L21_V018	41	4170
L21_V018	42	4263
L21_V018	43	4321
L21_V018	44	4468
L21_V018	45	4643
L21_V018	46	4783
L21_V018	47	4870
L21_V018	48	4890
L21_V018	49	5010
L21_V018	50	5057
L21_V018	51	5154
L21_V018	52	5220
L21_V018	53	5273
L21_V018	54	5355
L21_V018	55	5527
L21_V018	56	5608
L21_V018	57	5669
L21_V018	58	5758
L21_V018	59	5914
L21_V018	60	6030
L21_V018	61	6085
L21_V018	62	6177
L21_V018	63	6234
L21_V018	64	6270
L21_V018	65	6348
L21_V018	66	6380
L21_V018	67	6417
L21_V018	68	6540
L21_V018	69	6697
L21_V018	70	6772
L21_V018	71	6900
L21_V018	72	7041
L21_V018	73	7050
L21_V018	74	7140
L21_V018	75	7290
L21_V018	76	7465
L21_V018	77	7519
L21_V018	78	7559
L21_V018	79	7620
L21_V018	80	7770
L21_V018	81	7847
L21_V018	82	7895
L21_V018	83	7931
L21_V018	84	7998
L21_V018	85	8043
L21_V018	86	8086
L21_V018	87	8100
L21_V018	88	8141
L21_V018	89	8208
L21_V018	90	8220
L21_V018	91	8310
L21_V018	92	8485
L21_V018	93	8580
L21_V018	94	8670
L21_V018	95	8760
L21_V018	96	8867
L21_V018	97	8948
L21_V018	98	9000
L21_V018	99	9149
L21_V018	100	9324
L21_V018	101	9420
L21_V018	102	9570
L21_V018	103	9687
L21_V018	104	9789
L21_V018	105	9864
L21_V018	106	9957
L21_V018	107	10110
L21_V018	108	10200
L21_V018	109	10350
L21_V018	110	10383
L21_V018	111	10500
L21_V018	112	10563
L21_V018	113	10620
L21_V018	114	10785
L21_V018	115	10820
L21_V018	116	10860
L21_V018	117	10993
L21_V018	118	11068
L21_V018	119	11134
L21_V018	120	11190
L21_V018	121	11294
L21_V018	122	11340
L21_V018	123	11500
L21_V018	124	11600
L21_V018	125	11670
L21_V018	126	11777
L21_V018	127	11790
L21_V018	128	11880
L21_V018	129	12012
L21_V018	130	12030
L21_V018	131	12069
L21_V018	132	12120
L21_V018	133	12270
L21_V018	134	12441
L21_V018	135	12516
L21_V018	136	12686
L21_V018	137	12822
L21_V018	138	12990
L21_V018	139	13108
L21_V018	140	13283
L21_V018	141	13388
L21_V018	142	13515
L21_V018	143	13590
L21_V018	144	13722
L21_V018	145	13800
L21_V018	146	13943
L21_V018	147	14003
L21_V018	148	14083
L21_V018	149	14188
L21_V018	150	14219
L21_V018	151	14391
L21_V018	152	14490
L21_V018	153	14610
L21_V018	154	14703
L21_V018	155	14850
L21_V018	156	14940
L21_V018	157	15060
L21_V018	158	15213
L21_V018	159	15334
L21_V018	160	15374
L21_V018	161	15537
L21_V018	162	15612
L21_V018	163	15780
L21_V018	164	15933
L21_V018	165	16050
L21_V018	166	16140
L21_V018	167	16260
L21_V018	168	16350
L21_V018	169	16504
L21_V018	170	16534
L21_V018	171	16637
L21_V018	172	16714
L21_V018	173	16779
L21_V018	174	16927
L21_V018	175	16950
L21_V018	176	16964
L21_V018	177	17070
L21_V018	178	17167
L21_V018	179	17303
L21_V018	180	17446
L21_V018	181	17580
L21_V018	182	17730
L21_V018	183	17880
L21_V018	184	18030
L21_V018	185	18180
L21_V018	186	18355
L21_V018	187	18442
L21_V018	188	18529
L21_V018	189	18616
L21_V018	190	18750
L21_V018	191	18886
L21_V018	192	18981
L21_V018	193	19155
L21_V018	194	19230
L21_V018	195	19380
L21_V018	196	19470
L21_V018	197	19633
L21_V018	198	19709
L21_V018	199	19830
L21_V018	200	19980
L21_V018	201	20084
L21_V018	202	20154
L21_V018	203	20315
L21_V018	204	20387
L21_V018	205	20449
L21_V018	206	20546
L21_V018	207	20637
L21_V018	208	20810
L21_V018	209	20935
L21_V018	210	21042
L21_V018	211	21101
L21_V018	212	21220
L21_V018	213	21270
L21_V018	214	21368
L21_V018	215	21503
L21_V018	216	21540
L21_V018	217	21600
L21_V018	218	21701
L21_V018	219	21810
L21_V018	220	21977
L21_V018	221	22052
L21_V018	222	22121
L21_V018	223	22214
L21_V018	224	22284
L21_V018	225	22350
L21_V018	226	22498
L21_V018	227	22620
L21_V018	228	22771
L21_V018	229	22844
L21_V018	230	22876
L21_V018	231	23047
L21_V018	232	23128
L21_V018	233	23227
L21_V018	234	23296
L21_V018	235	23393
L21_V018	236	23550
L21_V018	237	23725
L21_V018	238	23805
L21_V018	239	23910
L21_V018	240	24060
L21_V018	241	24162
L21_V018	242	24210
L21_V018	243	24326
L21_V018	244	24401
L21_V018	245	24480
L21_V018	246	24532
L21_V018	247	24625
L21_V018	248	24684
L21_V018	249	24690
L21_V018	250	24835
L21_V018	251	24840
L21_V018	252	24898
L21_V018	253	24949
L21_V018	254	24992
L21_V018	255	25045
L21_V018	256	25050
L21_V018	257	25096
L21_V018	258	25159
L21_V018	259	25290
L21_V018	260	25380
L21_V018	261	25470
L21_V018	262	25618
L21_V018	263	25751
L21_V018	264	25830
L21_V018	265	25895
L21_V018	266	25950
L21_V018	267	26070
L21_V018	268	26189
L21_V018	269	26339
L21_V018	270	26489
L21_V018	271	26645
L21_V018	272	26802
L21_V018	273	26877
L21_V018	274	26972
L21_V018	275	27089
L21_V018	276	27264
L21_V018	277	27360
L21_V018	278	27420
L21_V018	279	27539
L21_V018	280	27630
L21_V018	281	27764
L21_V018	282	27780
L21_V018	283	27870
L21_V018	284	28020
L21_V018	285	28107
L21_V018	286	28139
L21_V018	287	28170
L21_V018	288	28304
L21_V018	289	28380
L21_V018	290	28470
L21_V019	1	0
L21_V019	2	90
L21_V019	3	261
L21_V019	4	351
L21_V019	5	419
L21_V019	6	465
L21_V019	7	618
L21_V019	8	659
L21_V019	9	768
L21_V019	10	839
L21_V019	11	870
L21_V019	12	930
L21_V019	13	1065
L21_V019	14	1121
L21_V019	15	1331
L21_V019	16	1541
L21_V019	17	1751
L21_V019	18	1841
L21_V019	19	2051
L21_V019	20	2250
L21_V019	21	2400
L21_V019	22	2610
L21_V019	23	2712
L21_V019	24	2802
L21_V019	25	2891
L21_V019	26	2999
L21_V019	27	3171
L21_V019	28	3245
L21_V019	29	3341
L21_V019	30	3425
L21_V019	31	3510
L21_V019	32	3720
L21_V019	33	3831
L21_V019	34	3911
L21_V019	35	3978
L21_V019	36	4188
L21_V019	37	4338
L21_V019	38	4473
L21_V019	39	4613
L21_V019	40	4683
L21_V019	41	4790
L21_V019	42	4872
L21_V019	43	4980
L21_V019	44	5075
L21_V019	45	5133
L21_V019	46	5183
L21_V019	47	5327
L21_V019	48	5357
L21_V019	49	5448
L21_V019	50	5514
L21_V019	51	5636
L21_V019	52	5709
L21_V019	53	5789
L21_V019	54	5816
L21_V019	55	5880
L21_V019	56	5898
L21_V019	57	5988
L21_V019	58	6174
L21_V019	59	6264
L21_V019	60	6408
L21_V019	61	6498
L21_V019	62	6663
L21_V019	63	6830
L21_V019	64	6981
L21_V019	65	7191
L21_V019	66	7311
L21_V019	67	7521
L21_V019	68	7647
L21_V019	69	7848
L21_V019	70	7923
L21_V019	71	7976
L21_V019	72	8087
L21_V019	73	8177
L21_V019	74	8349
L21_V019	75	8492
L21_V019	76	8603
L21_V019	77	8691
L21_V019	78	8766
L21_V019	79	8856
L21_V019	80	8946
L21_V019	81	9146
L21_V019	82	9192
L21_V019	83	9236
L21_V019	84	9326
L21_V019	85	9476
L21_V019	86	9686
L21_V019	87	9798
L21_V019	88	9927
L21_V019	89	10046
L21_V019	90	10076
L21_V019	91	10187
L21_V019	92	10278
L21_V019	93	10346
L21_V019	94	10434
L21_V019	95	10554
L21_V019	96	10637
L21_V019	97	10746
L21_V019	98	10854
L21_V019	99	11034
L21_V019	100	11120
L21_V019	101	11172
L21_V019	102	11382
L21_V019	103	11571
L21_V019	104	11699
L21_V019	105	11817
L21_V019	106	11946
L21_V019	107	11976
L21_V019	108	12078
L21_V019	109	12204
L21_V019	110	12330
L21_V019	111	12390
L21_V019	112	12579
L21_V019	113	12713
L21_V019	114	12825
L21_V019	115	13035
L21_V019	116	13158
L21_V019	117	13341
L21_V019	118	13493
L21_V019	119	13700
L21_V019	120	13839
L21_V019	121	13961
L21_V019	122	14166
L21_V019	123	14376
L21_V019	124	14474
L21_V019	125	14684
L21_V019	126	14856
L21_V019	127	15048
L21_V019	128	15257
L21_V019	129	15434
L21_V019	130	15603
L21_V019	131	15813
L21_V019	132	15903
L21_V019	133	16053
L21_V019	134	16229
L21_V019	135	16379
L21_V019	136	16469
L21_V019	137	16679
L21_V019	138	16829
L21_V019	139	17004
L21_V019	140	17195
L21_V019	141	17397
L21_V019	142	17579
L21_V019	143	17675
L21_V019	144	17738
L21_V019	145	17874
L21_V019	146	17942
L21_V019	147	18018
L21_V019	148	18084
L21_V019	149	18153
L21_V019	150	18254
L21_V019	151	18284
L21_V019	152	18317
L21_V019	153	18467
L21_V019	154	18534
L21_V019	155	18629
L21_V019	156	18744
L21_V019	157	18783
L21_V019	158	18851
L21_V019	159	19061
L21_V019	160	19151
L21_V019	161	19295
L21_V019	162	19475
L21_V019	163	19655
L21_V019	164	19775
L21_V019	165	19955
L21_V019	166	20165
L21_V019	167	20345
L21_V019	168	20495
L21_V019	169	20678
L21_V019	170	20888
L21_V019	171	20994
L21_V019	172	21107
L21_V019	173	21284
L21_V019	174	21374
L21_V019	175	21546
L21_V019	176	21680
L21_V019	177	21756
L21_V019	178	21914
L21_V019	179	22088
L21_V019	180	22298
L21_V019	181	22478
L21_V019	182	22665
L21_V019	183	22808
L21_V019	184	22940
L21_V019	185	23030
L21_V019	186	23217
L21_V019	187	23318
L21_V019	188	23526
L21_V019	189	23660
L21_V019	190	23861
L21_V019	191	23988
L21_V019	192	24198
L21_V019	193	24297
L21_V019	194	24426
L21_V019	195	24531
L21_V019	196	24741
L21_V019	197	24891
L21_V019	198	24986
L21_V019	199	25082
L21_V019	200	25133
L21_V019	201	25254
L21_V019	202	25337
L21_V019	203	25442
L21_V019	204	25502
L21_V019	205	25667
L21_V019	206	25854
L21_V019	207	26064
L21_V019	208	26214
L21_V019	209	26334
L21_V019	210	26400
L21_V019	211	26493
L21_V019	212	26600
L21_V019	213	26651
L21_V019	214	26684
L21_V019	215	26748
L21_V019	216	26808
L21_V019	217	26868
L21_V019	218	27003
L21_V019	219	27033
L21_V019	220	27191
L21_V019	221	27231
L21_V019	222	27279
L21_V019	223	27372
L21_V019	224	27422
L21_V019	225	27464
L21_V019	226	27644
L21_V019	227	27734
L21_V019	228	27884
L21_V019	229	28094
L21_V019	230	28233
L21_V019	231	28367
L21_V019	232	28488
L21_V019	233	28698
L21_V019	234	28883
L21_V019	235	29093
L21_V019	236	29226
L21_V019	237	29405
L21_V019	238	29615
L21_V019	239	29735
L21_V019	240	29928
L21_V019	241	30089
L21_V019	242	30119
L21_V019	243	30279
L21_V019	244	30378
L21_V019	245	30494
L21_V019	246	30524
L21_V019	247	30611
L21_V019	248	30671
L21_V019	249	30834
L21_V019	250	30924
L21_V019	251	31005
L21_V019	252	31035
L21_V019	253	31116
L21_V019	254	31164
L21_V019	255	31284
L21_V019	256	31494
L21_V019	257	31704
L21_V019	258	31884
L21_V019	259	32094
L21_V019	260	32184
L21_V019	261	32394
L21_V019	262	32498
L21_V019	263	32549
L21_V019	264	32708
L21_V019	265	32819
L21_V021	1	0
L21_V021	2	90
L21_V021	3	300
L21_V021	4	414
L21_V021	5	426
L21_V021	6	465
L21_V021	7	618
L21_V021	8	767
L21_V021	9	827
L21_V021	10	915
L21_V021	11	977
L21_V021	12	1187
L21_V021	13	1277
L21_V021	14	1470
L21_V021	15	1578
L21_V021	16	1770
L21_V021	17	1980
L21_V021	18	2091
L21_V021	19	2301
L21_V021	20	2406
L21_V021	21	2586
L21_V021	22	2709
L21_V021	23	2919
L21_V021	24	3036
L21_V021	25	3186
L21_V021	26	3315
L21_V021	27	3479
L21_V021	28	3521
L21_V021	29	3690
L21_V021	30	3720
L21_V021	31	3810
L21_V021	32	3978
L21_V021	33	4158
L21_V021	34	4260
L21_V021	35	4470
L21_V021	36	4596
L21_V021	37	4662
L21_V021	38	4752
L21_V021	39	4827
L21_V021	40	4965
L21_V021	41	5085
L21_V021	42	5178
L21_V021	43	5280
L21_V021	44	5370
L21_V021	45	5499
L21_V021	46	5556
L21_V021	47	5727
L21_V021	48	5793
L21_V021	49	5883
L21_V021	50	6081
L21_V021	51	6189
L21_V021	52	6291
L21_V021	53	6407
L21_V021	54	6437
L21_V021	55	6627
L21_V021	56	6773
L21_V021	57	6833
L21_V021	58	7014
L21_V021	59	7224
L21_V021	60	7374
L21_V021	61	7542
L21_V021	62	7650
L21_V021	63	7824
L21_V021	64	7995
L21_V021	65	8148
L21_V021	66	8309
L21_V021	67	8499
L21_V021	68	8709
L21_V021	69	8825
L21_V021	70	8946
L21_V021	71	9105
L21_V021	72	9162
L21_V021	73	9231
L21_V021	74	9306
L21_V021	75	9369
L21_V021	76	9417
L21_V021	77	9543
L21_V021	78	9621
L21_V021	79	9723
L21_V021	80	9774
L21_V021	81	9833
L21_V021	82	9891
L21_V021	83	9948
L21_V021	84	10014
L21_V021	85	10079
L21_V021	86	10119
L21_V021	87	10215
L21_V021	88	10284
L21_V021	89	10359
L21_V021	90	10401
L21_V021	91	10551
L21_V021	92	10761
L21_V021	93	10881
L21_V021	94	10973
L21_V021	95	11055
L21_V021	96	11147
L21_V021	97	11241
L21_V021	98	11340
L21_V021	99	11421
L21_V021	100	11489
L21_V021	101	11526
L21_V021	102	11619
L21_V021	103	11699
L21_V021	104	11733
L21_V021	105	11820
L21_V021	106	11934
L21_V021	107	12027
L21_V021	108	12105
L21_V021	109	12201
L21_V021	110	12243
L21_V021	111	12365
L21_V021	112	12444
L21_V021	113	12531
L21_V021	114	12726
L21_V021	115	12936
L21_V021	116	13086
L21_V021	117	13203
L21_V021	118	13362
L21_V021	119	13511
L21_V021	120	13661
L21_V021	121	13811
L21_V021	122	13961
L21_V021	123	14111
L21_V021	124	14261
L21_V021	125	14411
L21_V021	126	14561
L21_V021	127	14709
L21_V021	128	14807
L21_V021	129	15017
L21_V021	130	15167
L21_V021	131	15315
L21_V021	132	15525
L21_V021	133	15663
L21_V021	134	15771
L21_V021	135	15930
L21_V021	136	16140
L21_V021	137	16265
L21_V021	138	16415
L21_V021	139	16509
L21_V021	140	16719
L21_V021	141	16878
L21_V021	142	17058
L21_V021	143	17148
L21_V021	144	17339
L21_V021	145	17531
L21_V021	146	17595
L21_V021	147	17735
L21_V021	148	17868
L21_V021	149	17927
L21_V021	150	17937
L21_V021	151	18087
L21_V021	152	18153
L21_V021	153	18276
L21_V021	154	18420
L21_V021	155	18479
L21_V021	156	18689
L21_V021	157	18893
L21_V021	158	18983
L21_V021	159	19133
L21_V021	160	19326
L21_V021	161	19464
L21_V021	162	19644
L21_V021	163	19767
L21_V021	164	19977
L21_V021	165	20094
L21_V021	166	20286
L21_V021	167	20399
L21_V021	168	20609
L21_V021	169	20760
L21_V021	170	20889
L21_V021	171	21048
L21_V021	172	21252
L21_V021	173	21372
L21_V021	174	21561
L21_V021	175	21756
L21_V021	176	21888
L21_V021	177	21918
L21_V021	178	22119
L21_V021	179	22269
L21_V021	180	22362
L21_V021	181	22572
L21_V021	182	22749
L21_V021	183	22956
L21_V021	184	23049
L21_V021	185	23211
L21_V021	186	23316
L21_V021	187	23436
L21_V021	188	23586
L21_V021	189	23646
L21_V021	190	23826
L21_V021	191	23991
L21_V021	192	24021
L21_V021	193	24144
L21_V021	194	24213
L21_V021	195	24359
L21_V021	196	24477
L21_V021	197	24687
L21_V021	198	24777
L21_V021	199	24921
L21_V021	200	25025
L21_V021	201	25170
L21_V021	202	25323
L21_V021	203	25452
L21_V021	204	25542
L21_V021	205	25701
L21_V021	206	25872
L21_V021	207	26082
L21_V021	208	26231
L21_V021	209	26441
L21_V021	210	26621
L21_V021	211	26712
L21_V021	212	26879
L21_V021	213	26979
L21_V021	214	27030
L21_V021	215	27167
L21_V021	216	27336
L21_V021	217	27414
L21_V021	218	27525
L21_V021	219	27587
L21_V021	220	27651
L21_V021	221	27735
L21_V021	222	27795
L21_V021	223	27845
L21_V021	224	27879
L21_V021	225	27971
L21_V021	226	28181
L21_V021	227	28365
L21_V021	228	28536
L21_V021	229	28727
L21_V021	230	28793
L21_V021	231	28914
L21_V021	232	29109
L21_V021	233	29319
L21_V021	234	29423
L21_V021	235	29616
L21_V021	236	29631
L21_V021	237	29721
L21_V021	238	29901
L21_V021	239	29993
L21_V021	240	30129
L21_V021	241	30249
L21_V021	242	30459
L21_V021	243	30669
L21_V022	1	0
L21_V022	2	0
L21_V022	3	90
L21_V022	4	300
L21_V022	5	426
L21_V022	6	492
L21_V022	7	597
L21_V022	8	741
L21_V022	9	792
L21_V022	10	807
L21_V022	11	858
L21_V022	12	978
L21_V022	13	1188
L21_V022	14	1308
L21_V022	15	1442
L21_V022	16	1622
L21_V022	17	1734
L21_V022	18	1773
L21_V022	19	1830
L21_V022	20	1887
L21_V022	21	1932
L21_V022	22	2058
L21_V022	23	2130
L21_V022	24	2306
L21_V022	25	2514
L21_V022	26	2724
L21_V022	27	2928
L21_V022	28	3051
L21_V022	29	3114
L21_V022	30	3183
L21_V022	31	3255
L21_V022	32	3314
L21_V022	33	3524
L21_V022	34	3674
L21_V022	35	3870
L21_V022	36	3972
L21_V022	37	4098
L21_V022	38	4232
L21_V022	39	4380
L21_V022	40	4514
L21_V022	41	4692
L21_V022	42	4893
L21_V022	43	4983
L21_V022	44	5193
L21_V022	45	5313
L21_V022	46	5406
L21_V022	47	5496
L21_V022	48	5622
L21_V022	49	5769
L21_V022	50	5979
L21_V022	51	6189
L21_V022	52	6398
L21_V022	53	6585
L21_V022	54	6660
L21_V022	55	6723
L21_V022	56	6854
L21_V022	57	6921
L21_V022	58	7062
L21_V022	59	7272
L21_V022	60	7431
L21_V022	61	7554
L21_V022	62	7668
L21_V022	63	7736
L21_V022	64	7773
L21_V022	65	7875
L21_V022	66	8078
L21_V022	67	8196
L21_V022	68	8337
L21_V022	69	8430
L21_V022	70	8468
L21_V022	71	8678
L21_V022	72	8888
L21_V022	73	9093
L21_V022	74	9278
L21_V022	75	9378
L21_V022	76	9471
L21_V022	77	9609
L21_V022	78	9696
L21_V022	79	9788
L21_V022	80	9819
L21_V022	81	9900
L21_V022	82	10004
L21_V022	83	10104
L21_V022	84	10209
L21_V022	85	10317
L21_V022	86	10386
L21_V022	87	10443
L21_V022	88	10653
L21_V022	89	10743
L21_V022	90	10950
L21_V022	91	11121
L21_V022	92	11250
L21_V022	93	11388
L21_V022	94	11520
L21_V022	95	11580
L21_V022	96	11672
L21_V022	97	11844
L21_V022	98	12009
L21_V022	99	12126
L21_V022	100	12297
L21_V022	101	12423
L21_V022	102	12489
L21_V022	103	12579
L21_V022	104	12666
L21_V022	105	12788
L21_V022	106	12998
L21_V022	107	13202
L21_V022	108	13412
L21_V022	109	13611
L21_V022	110	13821
L21_V022	111	13989
L21_V022	112	14199
L21_V022	113	14408
L21_V022	114	14574
L21_V022	115	14664
L21_V022	116	14844
L21_V022	117	14978
L21_V022	118	15168
L21_V022	119	15338
L21_V022	120	15465
L21_V022	121	15660
L21_V022	122	15861
L21_V022	123	15891
L21_V022	124	15951
L21_V022	125	16161
L21_V022	126	16251
L21_V022	127	16425
L21_V022	128	16572
L21_V022	129	16692
L21_V022	130	16875
L21_V022	131	17058
L21_V022	132	17178
L21_V022	133	17337
L21_V022	134	17367
L21_V022	135	17523
L21_V022	136	17607
L21_V022	137	17697
L21_V022	138	17907
L21_V022	139	17997
L21_V022	140	18120
L21_V022	141	18150
L21_V022	142	18324
L21_V022	143	18414
L21_V022	144	18552
L21_V022	145	18591
L21_V022	146	18696
L21_V022	147	18777
L21_V022	148	18900
L21_V022	149	19092
L21_V022	150	19208
L21_V022	151	19302
L21_V022	152	19413
L21_V022	153	19539
L21_V022	154	19641
L21_V022	155	19851
L21_V022	156	19965
L21_V022	157	20130
L21_V022	158	20220
L21_V022	159	20340
L21_V022	160	20499
L21_V022	161	20646
L21_V022	162	20856
L21_V022	163	20880
L21_V022	164	21051
L21_V022	165	21182
L21_V022	166	21392
L21_V022	167	21486
L21_V022	168	21696
L21_V022	169	21807
L21_V022	170	21954
L21_V022	171	22044
L21_V022	172	22173
L21_V022	173	22356
L21_V022	174	22419
L21_V022	175	22539
L21_V022	176	22689
L21_V022	177	22808
L21_V022	178	22868
L21_V022	179	22974
L21_V022	180	23091
L21_V022	181	23274
L21_V022	182	23384
L21_V022	183	23414
L21_V022	184	23624
L21_V022	185	23714
L21_V022	186	23859
L21_V022	187	23967
L21_V022	188	23997
L21_V022	189	24159
L21_V022	190	24366
L21_V022	191	24525
L21_V022	192	24708
L21_V022	193	24897
L21_V022	194	24987
L21_V022	195	25116
L21_V022	196	25197
L21_V022	197	25314
L21_V022	198	25317
L21_V022	199	25497
L21_V022	200	25587
L21_V022	201	25707
L21_V022	202	25827
L21_V022	203	25887
L21_V022	204	26076
L21_V022	205	26166
L21_V022	206	26331
L21_V022	207	26457
L21_V022	208	26547
L21_V022	209	26649
L21_V022	210	26739
L21_V022	211	26864
L21_V022	212	26924
L21_V022	213	27078
L21_V022	214	27171
L21_V022	215	27201
L21_V022	216	27242
L21_V022	217	27330
L21_V022	218	27402
L21_V022	219	27612
L21_V022	220	27702
L21_V022	221	27843
L21_V022	222	28041
L21_V022	223	28200
L21_V022	224	28230
L21_V022	225	28413
L21_V022	226	28539
L21_V022	227	28587
L21_V022	228	28749
L21_V022	229	28874
L21_V022	230	29084
L21_V022	231	29211
L21_V025	1	0
L21_V025	2	90
L21_V025	3	265
L21_V025	4	383
L21_V025	5	416
L21_V025	6	543
L21_V025	7	669
L21_V025	8	712
L21_V025	9	791
L21_V025	10	869
L21_V025	11	1045
L21_V025	12	1146
L21_V025	13	1205
L21_V025	14	1260
L21_V025	15	1350
L21_V025	16	1386
L21_V025	17	1500
L21_V025	18	1590
L21_V025	19	1710
L21_V025	20	1832
L21_V025	21	2007
L21_V025	22	2130
L21_V025	23	2280
L21_V025	24	2430
L21_V025	25	2541
L21_V025	26	2654
L21_V025	27	2670
L21_V025	28	2778
L21_V025	29	2843
L21_V025	30	2945
L21_V025	31	2970
L21_V025	32	3069
L21_V025	33	3092
L21_V025	34	3192
L21_V025	35	3261
L21_V025	36	3358
L21_V025	37	3390
L21_V025	38	3540
L21_V025	39	3690
L21_V025	40	3827
L21_V025	41	3990
L21_V025	42	4140
L21_V025	43	4290
L21_V025	44	4440
L21_V025	45	4567
L21_V025	46	4710
L21_V025	47	4799
L21_V025	48	4950
L21_V025	49	5070
L21_V025	50	5195
L21_V025	51	5310
L21_V025	52	5430
L21_V025	53	5601
L21_V025	54	5738
L21_V025	55	5785
L21_V025	56	5880
L21_V025	57	5993
L21_V025	58	6030
L21_V025	59	6089
L21_V025	60	6150
L21_V025	61	6202
L21_V025	62	6282
L21_V025	63	6312
L21_V025	64	6354
L21_V025	65	6420
L21_V025	66	6509
L21_V025	67	6591
L21_V025	68	6662
L21_V025	69	6713
L21_V025	70	6744
L21_V025	71	6843
L21_V025	72	6886
L21_V025	73	6952
L21_V025	74	7020
L21_V025	75	7069
L21_V025	76	7140
L21_V025	77	7184
L21_V025	78	7230
L21_V025	79	7395
L21_V025	80	7470
L21_V025	81	7520
L21_V025	82	7620
L21_V025	83	7709
L21_V025	84	7865
L21_V025	85	7927
L21_V025	86	7975
L21_V025	87	8009
L21_V025	88	8100
L21_V025	89	8250
L21_V025	90	8343
L21_V025	91	8421
L21_V025	92	8506
L21_V025	93	8580
L21_V025	94	8647
L21_V025	95	8713
L21_V025	96	8816
L21_V025	97	8891
L21_V025	98	8960
L21_V025	99	9021
L21_V025	100	9147
L21_V025	101	9150
L21_V025	102	9300
L21_V025	103	9329
L21_V025	104	9390
L21_V025	105	9553
L21_V025	106	9587
L21_V025	107	9720
L21_V025	108	9870
L21_V025	109	10020
L21_V025	110	10110
L21_V025	111	10200
L21_V025	112	10339
L21_V025	113	10350
L21_V025	114	10440
L21_V025	115	10510
L21_V025	116	10591
L21_V025	117	10680
L21_V025	118	10775
L21_V025	119	10950
L21_V025	120	11100
L21_V025	121	11250
L21_V025	122	11336
L21_V025	123	11460
L21_V025	124	11610
L21_V025	125	11771
L21_V025	126	11910
L21_V025	127	12060
L21_V025	128	12150
L21_V025	129	12270
L21_V025	130	12390
L21_V025	131	12510
L21_V025	132	12600
L21_V025	133	12750
L21_V025	134	12900
L21_V025	135	13005
L21_V025	136	13080
L21_V025	137	13216
L21_V025	138	13255
L21_V025	139	13410
L21_V025	140	13500
L21_V025	141	13640
L21_V025	142	13769
L21_V025	143	13922
L21_V025	144	13944
L21_V025	145	14040
L21_V025	146	14169
L21_V025	147	14190
L21_V025	148	14365
L21_V025	149	14469
L21_V025	150	14550
L21_V025	151	14687
L21_V025	152	14850
L21_V025	153	14940
L21_V025	154	15090
L21_V025	155	15229
L21_V025	156	15240
L21_V025	157	15318
L21_V025	158	15330
L21_V025	159	15422
L21_V025	160	15540
L21_V025	161	15630
L21_V025	162	15750
L21_V025	163	15900
L21_V025	164	15938
L21_V025	165	16019
L21_V025	166	16179
L21_V025	167	16260
L21_V025	168	16350
L21_V025	169	16500
L21_V025	170	16563
L21_V025	171	16590
L21_V025	172	16740
L21_V025	173	16824
L21_V025	174	16991
L21_V025	175	17050
L21_V025	176	17109
L21_V025	177	17130
L21_V025	178	17260
L21_V025	179	17291
L21_V025	180	17400
L21_V025	181	17550
L21_V025	182	17670
L21_V025	183	17790
L21_V025	184	17905
L21_V025	185	18032
L21_V025	186	18075
L21_V025	187	18157
L21_V025	188	18270
L21_V025	189	18420
L21_V025	190	18510
L21_V025	191	18590
L21_V025	192	18626
L21_V025	193	18801
L21_V025	194	18935
L21_V025	195	19020
L21_V025	196	19186
L21_V025	197	19307
L21_V025	198	19434
L21_V025	199	19583
L21_V025	200	19687
L21_V025	201	19762
L21_V025	202	19824
L21_V025	203	19883
L21_V025	204	19980
L21_V025	205	20130
L21_V025	206	20240
L21_V025	207	20295
L21_V025	208	20407
L21_V025	209	20580
L21_V025	210	20700
L21_V025	211	20809
L21_V025	212	20850
L21_V025	213	21000
L21_V025	214	21172
L21_V025	215	21286
L21_V025	216	21461
L21_V025	217	21559
L21_V025	218	21690
L21_V025	219	21805
L21_V025	220	21930
L21_V025	221	22050
L21_V025	222	22140
L21_V025	223	22303
L21_V025	224	22410
L21_V025	225	22556
L21_V025	226	22631
L21_V025	227	22727
L21_V025	228	22826
L21_V025	229	22830
L21_V025	230	22950
L21_V025	231	23070
L21_V025	232	23212
L21_V025	233	23310
L21_V025	234	23430
L21_V025	235	23508
L21_V025	236	23580
L21_V025	237	23730
L21_V025	238	23850
L21_V025	239	23921
L21_V025	240	23997
L21_V025	241	24108
L21_V025	242	24185
L21_V025	243	24270
L21_V025	244	24360
L21_V025	245	24523
L21_V025	246	24630
L21_V025	247	24780
L21_V025	248	24947
L21_V025	249	25110
L21_V025	250	25260
L21_V025	251	25350
L21_V025	252	25500
L21_V025	253	25674
L21_V025	254	25800
L21_V025	255	25950
L21_V025	256	26100
L21_V025	257	26250
L21_V025	258	26370
L21_V025	259	26520
L21_V025	260	26670
L21_V025	261	26836
L21_V025	262	26970
L21_V025	263	27060
L21_V025	264	27180
L21_V025	265	27243
L21_V025	266	27270
L21_V025	267	27445
L21_V025	268	27577
L21_V025	269	27632
L21_V025	270	27739
L21_V025	271	27814
L21_V025	272	27918
L21_V025	273	27993
L21_V025	274	28110
L21_V025	275	28254
L21_V025	276	28260
L21_V025	277	28410
L21_V025	278	28576
L21_V025	279	28582
L21_V025	280	28661
L21_V025	281	28795
L21_V025	282	28901
L21_V025	283	28950
L21_V025	284	29035
L21_V025	285	29160
L21_V025	286	29310
L21_V027	1	0
L21_V027	2	90
L21_V027	3	300
L21_V027	4	446
L21_V027	5	458
L21_V027	6	497
L21_V027	7	611
L21_V027	8	648
L21_V027	9	729
L21_V027	10	764
L21_V027	11	798
L21_V027	12	834
L21_V027	13	951
L21_V027	14	1022
L21_V027	15	1230
L21_V027	16	1422
L21_V027	17	1592
L21_V027	18	1773
L21_V027	19	1931
L21_V027	20	2094
L21_V027	21	2201
L21_V027	22	2291
L21_V027	23	2441
L21_V027	24	2604
L21_V027	25	2706
L21_V027	26	2856
L21_V027	27	2931
L21_V027	28	3057
L21_V027	29	3165
L21_V027	30	3258
L21_V027	31	3329
L21_V027	32	3539
L21_V027	33	3642
L21_V027	34	3852
L21_V027	35	3990
L21_V027	36	4148
L21_V027	37	4325
L21_V027	38	4428
L21_V027	39	4524
L21_V027	40	4635
L21_V027	41	4688
L21_V027	42	4776
L21_V027	43	4845
L21_V027	44	5021
L21_V027	45	5153
L21_V027	46	5214
L21_V027	47	5337
L21_V027	48	5457
L21_V027	49	5667
L21_V027	50	5757
L21_V027	51	5958
L21_V027	52	6068
L21_V027	53	6171
L21_V027	54	6368
L21_V027	55	6380
L21_V027	56	6432
L21_V027	57	6495
L21_V027	58	6558
L21_V027	59	6717
L21_V027	60	6837
L21_V027	61	7037
L21_V027	62	7086
L21_V027	63	7170
L21_V027	64	7239
L21_V027	65	7326
L21_V027	66	7416
L21_V027	67	7446
L21_V027	68	7638
L21_V027	69	7713
L21_V027	70	7803
L21_V027	71	8013
L21_V027	72	8192
L21_V027	73	8303
L21_V027	74	8436
L21_V027	75	8526
L21_V027	76	8588
L21_V027	77	8682
L21_V027	78	8712
L21_V027	79	8783
L21_V027	80	8855
L21_V027	81	8885
L21_V027	82	8985
L21_V027	83	9045
L21_V027	84	9185
L21_V027	85	9255
L21_V027	86	9341
L21_V027	87	9371
L21_V027	88	9468
L21_V027	89	9530
L21_V027	90	9608
L21_V027	91	9689
L21_V027	92	9818
L21_V027	93	9929
L21_V027	94	9980
L21_V027	95	10073
L21_V027	96	10166
L21_V027	97	10341
L21_V027	98	10542
L21_V027	99	10632
L21_V027	100	10842
L21_V027	101	10986
L21_V027	102	11136
L21_V027	103	11231
L21_V027	104	11313
L21_V027	105	11432
L21_V027	106	11562
L21_V027	107	11714
L21_V027	108	11858
L21_V027	109	11979
L21_V027	110	12116
L21_V027	111	12254
L21_V027	112	12402
L21_V027	113	12432
L21_V027	114	12552
L21_V027	115	12620
L21_V027	116	12698
L21_V027	117	12753
L21_V027	118	12888
L21_V027	119	12978
L21_V027	120	13038
L21_V027	121	13188
L21_V027	122	13244
L21_V027	123	13289
L21_V027	124	13499
L21_V027	125	13640
L21_V027	126	13850
L21_V027	127	14013
L21_V027	128	14103
L21_V027	129	14310
L21_V027	130	14510
L21_V027	131	14661
L21_V027	132	14790
L21_V027	133	15000
L21_V027	134	15207
L21_V027	135	15324
L21_V027	136	15500
L21_V027	137	15636
L21_V027	138	15726
L21_V027	139	15870
L21_V027	140	15960
L21_V027	141	16139
L21_V027	142	16265
L21_V027	143	16340
L21_V027	144	16470
L21_V027	145	16680
L21_V027	146	16850
L21_V027	147	16956
L21_V027	148	17094
L21_V027	149	17124
L21_V027	150	17213
L21_V027	151	17324
L21_V027	152	17441
L21_V027	153	17514
L21_V027	154	17610
L21_V027	155	17820
L21_V027	156	18030
L21_V027	157	18123
L21_V027	158	18314
L21_V027	159	18404
L21_V027	160	18564
L21_V027	161	18726
L21_V027	162	18911
L21_V027	163	19091
L21_V027	164	19196
L21_V027	165	19296
L21_V027	166	19446
L21_V027	167	19566
L21_V027	168	19772
L21_V027	169	19878
L21_V027	170	19931
L21_V027	171	19940
L21_V027	172	20036
L21_V027	173	20084
L21_V027	174	20156
L21_V027	175	20226
L21_V027	176	20355
L21_V027	177	20468
L21_V027	178	20678
L21_V027	179	20888
L21_V027	180	20988
L21_V027	181	21054
L21_V027	182	21213
L21_V027	183	21362
L21_V027	184	21444
L21_V027	185	21546
L21_V027	186	21648
L21_V027	187	21719
L21_V027	188	21882
L21_V027	189	21912
L21_V027	190	22040
L21_V027	191	22140
L21_V027	192	22214
L21_V027	193	22370
L21_V027	194	22580
L21_V027	195	22760
L21_V027	196	22857
L21_V027	197	23016
L21_V027	198	23106
L21_V027	199	23315
L21_V027	200	23495
L21_V027	201	23705
L21_V027	202	23795
L21_V027	203	23934
L21_V027	204	24024
L21_V027	205	24144
L21_V027	206	24234
L21_V027	207	24332
L21_V027	208	24456
L21_V027	209	24576
L21_V027	210	24782
L21_V027	211	24936
L21_V027	212	25091
L21_V027	213	25182
L21_V027	214	25248
L21_V027	215	25386
L21_V027	216	25488
L21_V027	217	25578
L21_V027	218	25752
L21_V027	219	25884
L21_V027	220	25992
L21_V027	221	26060
L21_V027	222	26151
L21_V027	223	26255
L21_V027	224	26465
L21_V027	225	26598
L21_V027	226	26706
L21_V027	227	26831
L21_V027	228	26970
L21_V027	229	27113
L21_V027	230	27293
L21_V027	231	27323
L21_V027	232	27477
L21_V027	233	27533
L21_V027	234	27648
L21_V027	235	27738
L21_V027	236	27900
L21_V027	237	28110
L21_V027	238	28200
L21_V027	239	28326
L21_V027	240	28428
L21_V027	241	28530
L21_V027	242	28602
L21_V027	243	28799
L21_V027	244	28902
L21_V027	245	28980
L21_V027	246	29130
L21_V027	247	29202
L21_V027	248	29297
L21_V027	249	29468
L21_V027	250	29640
L21_V027	251	29850
L21_V027	252	30060
L21_V027	253	30111
L21_V027	254	30162
L21_V027	255	30252
L21_V027	256	30390
L21_V027	257	30570
L21_V027	258	30600
L21_V027	259	30729
L21_V027	260	30834
L21_V027	261	30966
L21_V027	262	31058
L21_V027	263	31161
L21_V027	264	31250
L21_V027	265	31416
L21_V027	266	31446
L21_V027	267	31538
L21_V027	268	31646
L21_V027	269	31697
L21_V027	270	31770
L21_V027	271	31895
L21_V027	272	32075
L21_V027	273	32255
L21_V027	274	32345
L21_V027	275	32529
L21_V027	276	32604
L21_V027	277	32694
L21_V027	278	32874
L21_V027	279	33033
L21_V027	280	33165
L21_V027	281	33345
L21_V027	282	33435
L21_V027	283	33525
L21_V027	284	33585
L21_V027	285	33722
L21_V027	286	33812
L21_V027	287	33963
L21_V027	288	34134
L21_V027	289	34212
L21_V027	290	34332
L21_V027	291	34482
L21_V027	292	34572
L21_V028	1	0
L21_V028	2	120
L21_V028	3	330
L21_V028	4	473
L21_V028	5	605
L21_V028	6	669
L21_V028	7	729
L21_V028	8	822
L21_V028	9	972
L21_V028	10	1118
L21_V028	11	1158
L21_V028	12	1368
L21_V028	13	1578
L21_V028	14	1623
L21_V028	15	1710
L21_V028	16	1875
L21_V028	17	2021
L21_V028	18	2201
L21_V028	19	2231
L21_V028	20	2429
L21_V028	21	2559
L21_V028	22	2619
L21_V028	23	2684
L21_V028	24	2757
L21_V028	25	2853
L21_V028	26	2966
L21_V028	27	3176
L21_V028	28	3326
L21_V028	29	3524
L21_V028	30	3734
L21_V028	31	3888
L21_V028	32	3927
L21_V028	33	4059
L21_V028	34	4217
L21_V028	35	4307
L21_V028	36	4398
L21_V028	37	4509
L21_V028	38	4569
L21_V028	39	4701
L21_V028	40	4731
L21_V028	41	4835
L21_V028	42	4925
L21_V028	43	5120
L21_V028	44	5210
L21_V028	45	5420
L21_V028	46	5555
L21_V028	47	5745
L21_V028	48	5837
L21_V028	49	5982
L21_V028	50	6017
L21_V028	51	6170
L21_V028	52	6213
L21_V028	53	6303
L21_V028	54	6383
L21_V028	55	6521
L21_V028	56	6578
L21_V028	57	6645
L21_V028	58	6705
L21_V028	59	6767
L21_V028	60	6843
L21_V028	61	6933
L21_V028	62	7038
L21_V028	63	7076
L21_V028	64	7286
L21_V028	65	7464
L21_V028	66	7614
L21_V028	67	7803
L21_V028	68	7893
L21_V028	69	8036
L21_V028	70	8126
L21_V028	71	8337
L21_V028	72	8427
L21_V028	73	8607
L21_V028	74	8760
L21_V028	75	8877
L21_V028	76	9087
L21_V028	77	9221
L21_V028	78	9327
L21_V028	79	9506
L21_V028	80	9689
L21_V028	81	9771
L21_V028	82	9857
L21_V028	83	9915
L21_V028	84	10067
L21_V028	85	10203
L21_V028	86	10349
L21_V028	87	10434
L21_V028	88	10481
L21_V028	89	10551
L21_V028	90	10670
L21_V028	91	10766
L21_V028	92	10854
L21_V028	93	10935
L21_V028	94	11117
L21_V028	95	11163
L21_V028	96	11237
L21_V028	97	11328
L21_V028	98	11385
L21_V028	99	11574
L21_V028	100	11610
L21_V028	101	11727
L21_V028	102	11918
L21_V028	103	12126
L21_V028	104	12248
L21_V028	105	12369
L21_V028	106	12488
L21_V028	107	12630
L21_V028	108	12773
L21_V028	109	12975
L21_V028	110	13128
L21_V028	111	13287
L21_V028	112	13440
L21_V028	113	13485
L21_V028	114	13635
L21_V028	115	13799
L21_V028	116	13889
L21_V028	117	14099
L21_V028	118	14201
L21_V028	119	14381
L21_V028	120	14543
L21_V028	121	14687
L21_V028	122	14777
L21_V028	123	14979
L21_V028	124	15189
L21_V028	125	15279
L21_V028	126	15479
L21_V028	127	15668
L21_V028	128	15878
L21_V028	129	16088
L21_V028	130	16179
L21_V028	131	16362
L21_V028	132	16476
L21_V028	133	16629
L21_V028	134	16742
L21_V028	135	16952
L21_V028	136	17102
L21_V028	137	17202
L21_V028	138	17342
L21_V028	139	17475
L21_V028	140	17625
L21_V028	141	17753
L21_V028	142	17892
L21_V028	143	18012
L21_V028	144	18170
L21_V028	145	18324
L21_V028	146	18459
L21_V028	147	18669
L21_V028	148	18789
L21_V028	149	18882
L21_V028	150	19034
L21_V028	151	19184
L21_V028	152	19244
L21_V028	153	19334
L21_V028	154	19485
L21_V028	155	19694
L21_V028	156	19841
L21_V028	157	19910
L21_V028	158	20030
L21_V028	159	20127
L21_V028	160	20198
L21_V028	161	20327
L21_V028	162	20436
L21_V028	163	20646
L21_V028	164	20792
L21_V028	165	21002
L21_V028	166	21150
L21_V028	167	21332
L21_V028	168	21497
L21_V028	169	21656
L21_V028	170	21752
L21_V028	171	21894
L21_V028	172	22046
L21_V028	173	22176
L21_V028	174	22253
L21_V028	175	22463
L21_V028	176	22673
L21_V028	177	22763
L21_V028	178	22884
L21_V028	179	23036
L21_V028	180	23238
L21_V028	181	23409
L21_V028	182	23595
L21_V028	183	23804
L21_V028	184	23954
L21_V028	185	24074
L21_V028	186	24165
L21_V028	187	24369
L21_V028	188	24533
L21_V028	189	24684
L21_V028	190	24894
L21_V028	191	25025
L21_V028	192	25197
L21_V028	193	25385
L21_V028	194	25485
L21_V028	195	25587
L21_V028	196	25644
L21_V028	197	25719
L21_V028	198	25827
L21_V028	199	25928
L21_V028	200	26004
L21_V028	201	26111
L21_V028	202	26141
L21_V028	203	26204
L21_V028	204	26330
L21_V028	205	26466
L21_V028	206	26607
L21_V028	207	26748
L21_V028	208	26958
L21_V028	209	27083
L21_V028	210	27183
L21_V028	211	27255
L21_V028	212	27434
L21_V028	213	27494
L21_V028	214	27567
L21_V028	215	27707
L21_V028	216	27864
L21_V028	217	28023
L21_V028	218	28074
L21_V028	219	28239
L21_V028	220	28269
L21_V028	221	28368
L21_V028	222	28452
L21_V028	223	28533
L21_V028	224	28626
L21_V028	225	28716
L21_V028	226	28899
L21_V028	227	29021
L21_V028	228	29111
L21_V028	229	29291
L21_V028	230	29489
L21_V028	231	29655
L21_V028	232	29816
L21_V028	233	29997
L21_V028	234	30147
L21_V028	235	30357
L21_V029	1	0
L21_V029	2	0
L21_V029	3	90
L21_V029	4	266
L21_V029	5	356
L21_V029	6	387
L21_V029	7	428
L21_V029	8	474
L21_V029	9	668
L21_V029	10	878
L21_V029	11	995
L21_V029	12	1068
L21_V029	13	1122
L21_V029	14	1332
L21_V029	15	1512
L21_V029	16	1679
L21_V029	17	1811
L21_V029	18	1974
L21_V029	19	2159
L21_V029	20	2280
L21_V029	21	2328
L21_V029	22	2364
L21_V029	23	2466
L21_V029	24	2538
L21_V029	25	2568
L21_V029	26	2754
L21_V029	27	2853
L21_V029	28	2922
L21_V029	29	3024
L21_V029	30	3089
L21_V029	31	3206
L21_V029	32	3317
L21_V029	33	3426
L21_V029	34	3512
L21_V029	35	3579
L21_V029	36	3609
L21_V029	37	3657
L21_V029	38	3725
L21_V029	39	3798
L21_V029	40	3836
L21_V029	41	3908
L21_V029	42	4118
L21_V029	43	4298
L21_V029	44	4412
L21_V029	45	4542
L21_V029	46	4674
L21_V029	47	4752
L21_V029	48	4818
L21_V029	49	4908
L21_V029	50	4997
L21_V029	51	5057
L21_V029	52	5154
L21_V029	53	5217
L21_V029	54	5294
L21_V029	55	5405
L21_V029	56	5544
L21_V029	57	5612
L21_V029	58	5760
L21_V029	59	5820
L21_V029	60	5856
L21_V029	61	5963
L21_V029	62	5984
L21_V029	63	6048
L21_V029	64	6119
L21_V029	65	6186
L21_V029	66	6246
L21_V029	67	6302
L21_V029	68	6378
L21_V029	69	6588
L21_V029	70	6798
L21_V029	71	6984
L21_V029	72	7086
L21_V029	73	7148
L21_V029	74	7215
L21_V029	75	7245
L21_V029	76	7373
L21_V029	77	7562
L21_V029	78	7652
L21_V029	79	7815
L21_V029	80	7950
L21_V029	81	7980
L21_V029	82	8106
L21_V029	83	8310
L21_V029	84	8388
L21_V029	85	8462
L21_V029	86	8580
L21_V029	87	8700
L21_V029	88	8910
L21_V029	89	9062
L21_V029	90	9180
L21_V029	91	9363
L21_V029	92	9510
L21_V029	93	9581
L21_V029	94	9678
L21_V029	95	9752
L21_V029	96	9827
L21_V029	97	9912
L21_V029	98	9996
L21_V029	99	10133
L21_V029	100	10229
L21_V029	101	10388
L21_V029	102	10598
L21_V029	103	10782
L21_V029	104	10908
L21_V029	105	11118
L21_V029	106	11232
L21_V029	107	11345
L21_V029	108	11555
L21_V029	109	11762
L21_V029	110	11946
L21_V029	111	12018
L21_V029	112	12062
L21_V029	113	12206
L21_V029	114	12234
L21_V029	115	12380
L21_V029	116	12488
L21_V029	117	12552
L21_V029	118	12762
L21_V029	119	12936
L21_V029	120	13067
L21_V029	121	13226
L21_V029	122	13386
L21_V029	123	13563
L21_V029	124	13662
L21_V029	125	13793
L21_V029	126	14003
L21_V029	127	14153
L21_V029	128	14363
L21_V029	129	14490
L21_V029	130	14700
L21_V029	131	14820
L21_V029	132	14940
L21_V029	133	15030
L21_V029	134	15150
L21_V029	135	15351
L21_V029	136	15510
L21_V029	137	15660
L21_V029	138	15828
L21_V029	139	16001
L21_V029	140	16091
L21_V029	141	16286
L21_V029	142	16430
L21_V029	143	16521
L21_V029	144	16641
L21_V029	145	16764
L21_V029	146	16938
L21_V029	147	16968
L21_V029	148	17163
L21_V029	149	17373
L21_V029	150	17388
L21_V029	151	17577
L21_V029	152	17667
L21_V029	153	17757
L21_V029	154	17963
L21_V029	155	18156
L21_V029	156	18342
L21_V029	157	18465
L21_V029	158	18645
L21_V029	159	18842
L21_V029	160	19052
L21_V029	161	19172
L21_V029	162	19251
L21_V029	163	19380
L21_V029	164	19581
L21_V029	165	19742
L21_V029	166	19950
L21_V029	167	20066
L21_V029	168	20196
L21_V029	169	20274
L21_V029	170	20360
L21_V029	171	20537
L21_V029	172	20565
L21_V029	173	20744
L21_V029	174	20954
L21_V029	175	21044
L21_V029	176	21081
L21_V029	177	21180
L21_V029	178	21251
L21_V029	179	21329
L21_V029	180	21407
L21_V029	181	21477
L21_V029	182	21590
L21_V029	183	21695
L21_V029	184	21750
L21_V029	185	21876
L21_V029	186	21960
L21_V029	187	22010
L21_V029	188	22220
L21_V029	189	22310
L21_V029	190	22484
L21_V029	191	22565
L21_V029	192	22611
L21_V029	193	22745
L21_V029	194	22919
L21_V029	195	23100
L21_V029	196	23208
L21_V029	197	23286
L21_V029	198	23388
L21_V029	199	23454
L21_V029	200	23535
L21_V029	201	23658
L21_V029	202	23739
L21_V029	203	23834
L21_V029	204	23877
L21_V029	205	23925
L21_V029	206	24000
L21_V029	207	24074
L21_V029	208	24131
L21_V029	209	24341
L21_V029	210	24539
L21_V029	211	24699
L21_V029	212	24830
L21_V029	213	24977
L21_V029	214	25137
L21_V029	215	25347
L21_V029	216	25394
L21_V029	217	25484
L21_V029	218	25604
L21_V029	219	25683
L21_V029	220	25832
L21_V029	221	25967
L21_V029	222	26045
L21_V029	223	26177
L21_V029	224	26285
L21_V029	225	26436
L21_V029	226	26633
L21_V029	227	26765
L21_V029	228	26969
L21_V029	229	27065
L21_V029	230	27162
L21_V029	231	27366
L21_V029	232	27509
L21_V029	233	27647
L21_V029	234	27806
L21_V029	235	28014
L21_V029	236	28182
L21_V029	237	28274
L21_V029	238	28484
L21_V029	239	28655
L21_V029	240	28752
L21_V029	241	28929
L21_V029	242	29007
L21_V029	243	29105
L21_V029	244	29135
L21_V029	245	29264
L21_V029	246	29294
L21_V029	247	29447
L21_V029	248	29481
L21_V029	249	29516
L21_V029	250	29604
L21_V029	251	29688
L21_V029	252	29786
L21_V029	253	29996
L21_V029	254	30156
L21_V029	255	30359
L21_V029	256	30443
L21_V029	257	30525
L21_V029	258	30669
L21_V029	259	30804
L21_V029	260	30942
L21_V029	261	31085
L21_V029	262	31295
L21_V029	263	31505
L21_V029	264	31650
L21_V029	265	31781
L21_V029	266	31920
L21_V029	267	31980
L21_V029	268	32076
L21_V029	269	32147
L21_V029	270	32187
L21_V029	271	32351
L21_V029	272	32462
L21_V029	273	32502
L21_V029	274	32597
L21_V029	275	32669
L21_V029	276	32789
L21_V029	277	32931
L21_V029	278	32961
L21_V029	279	33132
L21_V029	280	33216
L21_V029	281	33309
L21_V029	282	33518
L21_V029	283	33563
L21_V029	284	33648
L21_V029	285	33726
L21_V029	286	33782
L21_V029	287	33950
L21_V029	288	34158
L21_V029	289	34350
L21_V029	290	34472
L21_V030	1	0
L21_V030	2	102
L21_V030	3	312
L21_V030	4	432
L21_V030	5	504
L21_V030	6	528
L21_V030	7	567
L21_V030	8	714
L21_V030	9	732
L21_V030	10	894
L21_V030	11	921
L21_V030	12	939
L21_V030	13	1089
L21_V030	14	1299
L21_V030	15	1389
L21_V030	16	1545
L21_V030	17	1659
L21_V030	18	1818
L21_V030	19	1872
L21_V030	20	2027
L21_V030	21	2172
L21_V030	22	2262
L21_V030	23	2387
L21_V030	24	2451
L21_V030	25	2622
L21_V030	26	2832
L21_V030	27	2922
L21_V030	28	3063
L21_V030	29	3233
L21_V030	30	3342
L21_V030	31	3501
L21_V030	32	3531
L21_V030	33	3669
L21_V030	34	3773
L21_V030	35	3845
L21_V030	36	3933
L21_V030	37	4125
L21_V030	38	4335
L21_V030	39	4437
L21_V030	40	4623
L21_V030	41	4788
L21_V030	42	4883
L21_V030	43	4956
L21_V030	44	5015
L21_V030	45	5121
L21_V030	46	5244
L21_V030	47	5310
L21_V030	48	5406
L21_V030	49	5436
L21_V030	50	5496
L21_V030	51	5583
L21_V030	52	5613
L21_V030	53	5705
L21_V030	54	5802
L21_V030	55	5886
L21_V030	56	6018
L21_V030	57	6228
L21_V030	58	6360
L21_V030	59	6543
L21_V030	60	6633
L21_V030	61	6720
L21_V030	62	6840
L21_V030	63	6936
L21_V030	64	6954
L21_V030	65	7068
L21_V030	66	7158
L21_V030	67	7271
L21_V030	68	7350
L21_V030	69	7392
L21_V030	70	7479
L21_V030	71	7560
L21_V030	72	7608
L21_V030	73	7706
L21_V030	74	7803
L21_V030	75	7896
L21_V030	76	8003
L21_V030	77	8051
L21_V030	78	8115
L21_V030	79	8220
L21_V030	80	8331
L21_V030	81	8451
L21_V030	82	8643
L21_V030	83	8853
L21_V030	84	8994
L21_V030	85	9159
L21_V030	86	9233
L21_V030	87	9348
L21_V030	88	9437
L21_V030	89	9528
L21_V030	90	9719
L21_V030	91	9813
L21_V030	92	9909
L21_V030	93	10019
L21_V030	94	10079
L21_V030	95	10218
L21_V030	96	10326
L21_V030	97	10536
L21_V030	98	10686
L21_V030	99	10791
L21_V030	100	10971
L21_V030	101	11160
L21_V030	102	11298
L21_V030	103	11409
L21_V030	104	11469
L21_V030	105	11565
L21_V030	106	11733
L21_V030	107	11859
L21_V030	108	11949
L21_V030	109	12081
L21_V030	110	12171
L21_V030	111	12282
L21_V030	112	12363
L21_V030	113	12573
L21_V030	114	12699
L21_V030	115	12873
L21_V030	116	13053
L21_V030	117	13179
L21_V030	118	13323
L21_V030	119	13533
L21_V030	120	13719
L21_V030	121	13809
L21_V030	122	14019
L21_V030	123	14217
L21_V030	124	14412
L21_V030	125	14607
L21_V030	126	14799
L21_V030	127	14892
L21_V030	128	15023
L21_V030	129	15233
L21_V030	130	15323
L21_V030	131	15501
L21_V030	132	15684
L21_V030	133	15779
L21_V030	134	15828
L21_V030	135	15852
L21_V030	136	15945
L21_V030	137	16044
L21_V030	138	16092
L21_V030	139	16169
L21_V030	140	16278
L21_V030	141	16359
L21_V030	142	16439
L21_V030	143	16509
L21_V030	144	16553
L21_V030	145	16607
L21_V030	146	16671
L21_V030	147	16881
L21_V030	148	17034
L21_V030	149	17241
L21_V030	150	17316
L21_V030	151	17388
L21_V030	152	17526
L21_V030	153	17646
L21_V030	154	17747
L21_V030	155	17796
L21_V030	156	17945
L21_V030	157	18033
L21_V030	158	18141
L21_V030	159	18219
L21_V030	160	18321
L21_V030	161	18531
L21_V030	162	18647
L21_V030	163	18756
L21_V030	164	18903
L21_V030	165	19098
L21_V030	166	19305
L21_V030	167	19491
L21_V030	168	19643
L21_V030	169	19659
L21_V030	170	19779
L21_V030	171	19899
L21_V030	172	20076
L21_V030	173	20190
L21_V030	174	20385
L21_V030	175	20591
L21_V030	176	20715
L21_V030	177	20913
L21_V030	178	21084
L21_V030	179	21135
L21_V030	180	21201
L21_V030	181	21234
L21_V030	182	21360
L21_V030	183	21432
L21_V030	184	21546
L21_V030	185	21671
L21_V030	186	21881
L21_V030	187	22031
L21_V030	188	22241
L21_V030	189	22392
L21_V030	190	22602
L21_V030	191	22692
L21_V030	192	22878
L21_V030	193	23037
L21_V030	194	23211
L21_V030	195	23358
L21_V030	196	23529
L21_V030	197	23655
L21_V030	198	23706
L21_V030	199	23805
L21_V030	200	24015
L21_V030	201	24210
L21_V030	202	24420
L21_V030	203	24540
L21_V030	204	24639
L21_V030	205	24834
L21_V030	206	24924
L21_V030	207	24990
L21_V030	208	25121
L21_V030	209	25293
L21_V030	210	25437
L21_V030	211	25554
L21_V030	212	25692
L21_V030	213	25902
L21_V030	214	26022
L21_V030	215	26211
L21_V030	216	26367
L21_V030	217	26508
L21_V030	218	26718
L21_V030	219	26883
L21_V030	220	27071
L21_V030	221	27180
L21_V030	222	27300
L21_V030	223	27509
L21_V030	224	27647
L21_V030	225	27738
L21_V030	226	27807
L21_V030	227	27915
L21_V030	228	28125
L21_V030	229	28215
L21_V030	230	28380
L21_V030	231	28590
L21_V030	232	28788
L21_V030	233	28986
L21_V030	234	29196
L21_V030	235	29334
L21_V030	236	29517
L21_V030	237	29640
L21_V030	238	29729
L21_V030	239	29796
L21_V030	240	29946
L21_V030	241	30156
L21_V030	242	30293
L21_V030	243	30471
L21_V030	244	30624
L21_V030	245	30804
L21_V030	246	30879
L21_V030	247	30917
L21_V030	248	30987
L21_V030	249	31052
L21_V030	250	31146
L21_V030	251	31206
L21_V030	252	31284
L21_V030	253	31494
L21_V030	254	31584
L22_V001	1	0
L22_V001	2	90
L22_V001	3	239
L22_V001	4	339
L22_V001	5	407
L22_V001	6	462
L22_V001	7	560
L22_V001	8	615
L22_V001	9	710
L22_V001	10	797
L22_V001	11	858
L22_V001	12	948
L22_V001	13	1037
L22_V001	14	1101
L22_V001	15	1311
L22_V001	16	1401
L22_V001	17	1571
L22_V001	18	1647
L22_V001	19	1704
L22_V001	20	1862
L22_V001	21	1892
L22_V001	22	1976
L22_V001	23	2010
L22_V001	24	2144
L22_V001	25	2204
L22_V001	26	2288
L22_V001	27	2349
L22_V001	28	2556
L22_V001	29	2646
L22_V001	30	2691
L22_V001	31	2751
L22_V001	32	2936
L22_V001	33	3116
L22_V001	34	3309
L22_V001	35	3438
L22_V001	36	3647
L22_V001	37	3857
L22_V001	38	3980
L22_V001	39	4140
L22_V001	40	4214
L22_V001	41	4281
L22_V001	42	4301
L22_V001	43	4491
L22_V001	44	4587
L22_V001	45	4673
L22_V001	46	4758
L22_V001	47	4827
L22_V001	48	4905
L22_V001	49	4973
L22_V001	50	5031
L22_V001	51	5121
L22_V001	52	5285
L22_V001	53	5435
L22_V001	54	5565
L22_V001	55	5675
L22_V001	56	5868
L22_V001	57	6014
L22_V001	58	6213
L22_V001	59	6303
L22_V001	60	6399
L22_V001	61	6603
L22_V001	62	6765
L22_V001	63	6797
L22_V001	64	6878
L22_V001	65	6995
L22_V001	66	7118
L22_V001	67	7325
L22_V001	68	7521
L22_V001	69	7611
L22_V001	70	7749
L22_V001	71	7818
L22_V001	72	7911
L22_V001	73	8010
L22_V001	74	8094
L22_V001	75	8303
L22_V001	76	8418
L22_V001	77	8508
L22_V001	78	8685
L22_V001	79	8813
L22_V001	80	9003
L22_V001	81	9183
L22_V001	82	9291
L22_V001	83	9380
L22_V001	84	9471
L22_V001	85	9539
L22_V001	86	9564
L22_V001	87	9726
L22_V001	88	9764
L22_V001	89	9807
L22_V001	90	9908
L22_V001	91	9983
L22_V001	92	10023
L22_V001	93	10203
L22_V001	94	10290
L22_V001	95	10335
L22_V001	96	10545
L22_V001	97	10724
L22_V001	98	10862
L22_V001	99	10974
L22_V001	100	11034
L22_V001	101	11181
L22_V001	102	11211
L22_V001	103	11319
L22_V001	104	11525
L22_V001	105	11615
L22_V001	106	11732
L22_V001	107	11787
L22_V001	108	11877
L22_V001	109	11912
L22_V001	110	12122
L22_V001	111	12270
L22_V001	112	12363
L22_V001	113	12476
L22_V001	114	12650
L22_V001	115	12813
L22_V001	116	12933
L22_V001	117	13043
L22_V001	118	13103
L22_V001	119	13169
L22_V001	120	13197
L22_V001	121	13395
L22_V001	122	13598
L22_V001	123	13718
L22_V001	124	13821
L22_V001	125	14031
L22_V001	126	14157
L22_V001	127	14343
L22_V001	128	14460
L22_V001	129	14595
L22_V001	130	14655
L22_V001	131	14739
L22_V001	132	14847
L22_V001	133	14943
L22_V001	134	15020
L22_V001	135	15111
L22_V001	136	15171
L22_V001	137	15374
L22_V001	138	15525
L22_V001	139	15632
L22_V001	140	15711
L22_V001	141	15920
L22_V001	142	16098
L22_V001	143	16241
L22_V001	144	16436
L22_V001	145	16575
L22_V001	146	16635
L22_V001	147	16841
L22_V001	148	16934
L22_V001	149	17133
L22_V001	150	17316
L22_V001	151	17478
L22_V001	152	17588
L22_V001	153	17720
L22_V001	154	17895
L22_V001	155	17925
L22_V001	156	18135
L22_V001	157	18230
L22_V001	158	18431
L22_V001	159	18563
L22_V001	160	18695
L22_V001	161	18755
L22_V001	162	18885
L22_V001	163	18942
L22_V001	164	19073
L22_V001	165	19134
L22_V001	166	19275
L22_V001	167	19365
L22_V001	168	19550
L22_V001	169	19659
L22_V001	170	19694
L22_V001	171	19764
L22_V001	172	19821
L22_V001	173	19874
L22_V001	174	19944
L22_V001	175	20007
L22_V001	176	20192
L22_V001	177	20217
L22_V001	178	20343
L22_V001	179	20478
L22_V001	180	20499
L22_V001	181	20538
L22_V001	182	20687
L22_V001	183	20783
L22_V001	184	20963
L22_V001	185	21080
L22_V001	186	21146
L22_V001	187	21216
L22_V001	188	21308
L22_V001	189	21435
L22_V001	190	21492
L22_V001	191	21567
L22_V001	192	21668
L22_V001	193	21839
L22_V001	194	21929
L22_V001	195	22131
L22_V001	196	22317
L22_V001	197	22464
L22_V001	198	22494
L22_V001	199	22641
L22_V001	200	22839
L22_V001	201	23049
L22_V001	202	23214
L22_V001	203	23423
L22_V001	204	23514
L22_V001	205	23568
L22_V001	206	23688
L22_V001	207	23886
L22_V001	208	23999
L22_V001	209	24122
L22_V001	210	24272
L22_V001	211	24326
L22_V001	212	24402
L22_V001	213	24525
L22_V001	214	24615
L22_V001	215	24810
L22_V001	216	24900
L22_V001	217	24995
L22_V001	218	25133
L22_V001	219	25257
L22_V001	220	25398
L22_V001	221	25452
L22_V001	222	25509
L22_V001	223	25574
L22_V001	224	25677
L22_V001	225	25718
L22_V001	226	25814
L22_V001	227	25986
L22_V001	228	26078
L22_V001	229	26283
L22_V001	230	26373
L22_V001	231	26523
L22_V001	232	26649
L22_V001	233	26843
L22_V001	234	27041
L22_V001	235	27185
L22_V001	236	27395
L22_V001	237	27582
L22_V001	238	27635
L22_V001	239	27723
L22_V001	240	27771
L22_V001	241	27812
L22_V001	242	27908
L22_V001	243	27953
L22_V001	244	28056
L22_V001	245	28266
L22_V001	246	28421
L22_V001	247	28631
L22_V001	248	28781
L22_V001	249	28875
L22_V001	250	29058
L22_V001	251	29148
L22_V001	252	29327
L22_V001	253	29357
L22_V001	254	29567
L22_V001	255	29777
L22_V001	256	29957
L22_V001	257	30083
L22_V001	258	30113
L22_V001	259	30201
L22_V001	260	30299
L22_V001	261	30402
L22_V001	262	30552
L22_V001	263	30648
L22_V001	264	30783
L22_V001	265	30809
L22_V001	266	30879
L22_V001	267	31002
L22_V001	268	31092
L22_V001	269	31283
L22_V001	270	31433
L22_V001	271	31643
L22_V001	272	31790
L22_V001	273	31947
L22_V001	274	32037
L22_V001	275	32084
L22_V001	276	32138
L22_V001	277	32213
L22_V001	278	32259
L22_V001	279	32330
L22_V001	280	32396
L22_V001	281	32459
L22_V001	282	32541
L22_V001	283	32571
L22_V001	284	32612
L22_V001	285	32666
L22_V001	286	32732
L22_V001	287	32852
L22_V001	288	33029
L22_V001	289	33219
L22_V001	290	33309
L22_V001	291	33519
L22_V001	292	33714
L22_V001	293	33924
L22_V001	294	34074
L22_V001	295	34284
L22_V001	296	34461
L22_V001	297	34644
L22_V001	298	34749
L22_V002	1	0
L22_V002	2	150
L22_V002	3	300
L22_V002	4	436
L22_V002	5	450
L22_V002	6	563
L22_V002	7	600
L22_V002	8	687
L22_V002	9	750
L22_V002	10	808
L22_V002	11	900
L22_V002	12	1050
L22_V002	13	1200
L22_V002	14	1350
L22_V002	15	1481
L22_V002	16	1500
L22_V002	17	1626
L22_V002	18	1650
L22_V002	19	1705
L22_V002	20	1764
L22_V002	21	1800
L22_V002	22	1830
L22_V002	23	1868
L22_V002	24	1950
L22_V002	25	2063
L22_V002	26	2100
L22_V002	27	2131
L22_V002	28	2250
L22_V002	29	2366
L22_V002	30	2400
L22_V002	31	2550
L22_V002	32	2700
L22_V002	33	2825
L22_V002	34	2850
L22_V002	35	2865
L22_V002	36	3000
L22_V002	37	3150
L22_V002	38	3154
L22_V002	39	3300
L22_V002	40	3414
L22_V002	41	3450
L22_V002	42	3465
L22_V002	43	3527
L22_V002	44	3563
L22_V002	45	3600
L22_V002	46	3615
L22_V002	47	3739
L22_V002	48	3750
L22_V002	49	3797
L22_V002	50	3861
L22_V002	51	3900
L22_V002	52	3911
L22_V002	53	3992
L22_V002	54	4050
L22_V002	55	4054
L22_V002	56	4106
L22_V002	57	4159
L22_V002	58	4186
L22_V002	59	4200
L22_V002	60	4231
L22_V002	61	4332
L22_V002	62	4350
L22_V002	63	4380
L22_V002	64	4415
L22_V002	65	4455
L22_V002	66	4484
L22_V002	67	4500
L22_V002	68	4650
L22_V002	69	4800
L22_V002	70	4950
L22_V002	71	5100
L22_V002	72	5250
L22_V002	73	5400
L22_V002	74	5550
L22_V002	75	5700
L22_V002	76	5767
L22_V002	77	5850
L22_V002	78	6000
L22_V002	79	6150
L22_V002	80	6222
L22_V002	81	6300
L22_V002	82	6450
L22_V002	83	6600
L22_V002	84	6654
L22_V002	85	6750
L22_V002	86	6900
L22_V002	87	6906
L22_V002	88	6962
L22_V002	89	7050
L22_V002	90	7200
L22_V002	91	7350
L22_V002	92	7500
L22_V002	93	7650
L22_V002	94	7800
L22_V002	95	7950
L22_V002	96	8100
L22_V002	97	8250
L22_V002	98	8400
L22_V002	99	8550
L22_V002	100	8613
L22_V002	101	8700
L22_V002	102	8793
L22_V002	103	8850
L22_V002	104	9000
L22_V002	105	9120
L22_V002	106	9150
L22_V002	107	9210
L22_V002	108	9300
L22_V002	109	9331
L22_V002	110	9450
L22_V002	111	9512
L22_V002	112	9600
L22_V002	113	9750
L22_V002	114	9793
L22_V002	115	9900
L22_V002	116	10050
L22_V002	117	10200
L22_V002	118	10343
L22_V002	119	10350
L22_V002	120	10500
L22_V002	121	10650
L22_V002	122	10657
L22_V002	123	10727
L22_V002	124	10800
L22_V002	125	10950
L22_V002	126	11100
L22_V002	127	11108
L22_V002	128	11250
L22_V002	129	11365
L22_V002	130	11400
L22_V002	131	11464
L22_V002	132	11550
L22_V002	133	11700
L22_V002	134	11850
L22_V002	135	11901
L22_V002	136	11992
L22_V002	137	12000
L22_V002	138	12085
L22_V002	139	12150
L22_V002	140	12300
L22_V002	141	12386
L22_V002	142	12450
L22_V002	143	12454
L22_V002	144	12509
L22_V002	145	12600
L22_V002	146	12750
L22_V002	147	12900
L22_V002	148	12997
L22_V002	149	13006
L22_V002	150	13044
L22_V002	151	13155
L22_V002	152	13194
L22_V002	153	13276
L22_V002	154	13344
L22_V002	155	13494
L22_V002	156	13644
L22_V002	157	13794
L22_V002	158	13944
L22_V002	159	14003
L22_V002	160	14094
L22_V002	161	14244
L22_V002	162	14394
L22_V002	163	14544
L22_V002	164	14591
L22_V002	165	14694
L22_V002	166	14844
L22_V002	167	14994
L22_V002	168	15144
L22_V002	169	15294
L22_V002	170	15381
L22_V002	171	15444
L22_V002	172	15594
L22_V002	173	15613
L22_V002	174	15744
L22_V002	175	15894
L22_V002	176	15946
L22_V002	177	16044
L22_V002	178	16194
L22_V002	179	16344
L22_V002	180	16351
L22_V002	181	16480
L22_V002	182	16494
L22_V002	183	16606
L22_V002	184	16644
L22_V002	185	16663
L22_V002	186	16724
L22_V002	187	16786
L22_V002	188	16794
L22_V002	189	16843
L22_V002	190	16944
L22_V002	191	17094
L22_V002	192	17244
L22_V002	193	17394
L22_V002	194	17450
L22_V002	195	17544
L22_V002	196	17628
L22_V002	197	17694
L22_V002	198	17844
L22_V002	199	17994
L22_V002	200	18144
L22_V002	201	18294
L22_V002	202	18342
L22_V002	203	18444
L22_V002	204	18571
L22_V002	205	18594
L22_V002	206	18687
L22_V002	207	18741
L22_V002	208	18744
L22_V002	209	18894
L22_V002	210	18921
L22_V002	211	19044
L22_V002	212	19178
L22_V002	213	19194
L22_V002	214	19344
L22_V002	215	19494
L22_V002	216	19539
L22_V002	217	19644
L22_V002	218	19786
L22_V002	219	19794
L22_V002	220	19893
L22_V002	221	19944
L22_V002	222	20008
L22_V002	223	20094
L22_V002	224	20160
L22_V002	225	20244
L22_V002	226	20327
L22_V002	227	20382
L22_V002	228	20394
L22_V002	229	20544
L22_V002	230	20591
L22_V002	231	20694
L22_V002	232	20723
L22_V002	233	20844
L22_V002	234	20994
L22_V002	235	21144
L22_V002	236	21294
L22_V002	237	21407
L22_V002	238	21444
L22_V002	239	21594
L22_V002	240	21744
L22_V002	241	21894
L22_V002	242	21954
L22_V002	243	22044
L22_V002	244	22177
L22_V002	245	22194
L22_V002	246	22344
L22_V002	247	22468
L22_V002	248	22494
L22_V002	249	22609
L22_V002	250	22644
L22_V002	251	22680
L22_V002	252	22794
L22_V002	253	22801
L22_V002	254	22862
L22_V002	255	22926
L22_V002	256	22944
L22_V002	257	22986
L22_V002	258	23094
L22_V002	259	23244
L22_V002	260	23295
L22_V002	261	23394
L22_V002	262	23505
L22_V002	263	23544
L22_V002	264	23600
L22_V002	265	23653
L22_V002	266	23694
L22_V002	267	23707
L22_V002	268	23844
L22_V002	269	23845
L22_V002	270	23891
L22_V002	271	23994
L22_V002	272	24144
L22_V002	273	24294
L22_V002	274	24359
L22_V002	275	24444
L22_V002	276	24553
L22_V002	277	24594
L22_V002	278	24744
L22_V002	279	24894
L22_V002	280	25044
L22_V002	281	25194
L22_V002	282	25344
L22_V002	283	25473
L22_V002	284	25494
L22_V002	285	25644
L22_V002	286	25713
L22_V002	287	25794
L22_V002	288	25836
L22_V002	289	25944
L22_V002	290	26094
L22_V002	291	26205
L22_V002	292	26244
L22_V002	293	26380
L22_V002	294	26394
L22_V002	295	26458
L22_V002	296	26544
L22_V002	297	26694
L22_V002	298	26747
L22_V002	299	26844
L22_V002	300	26994
L22_V002	301	27144
L22_V002	302	27162
L22_V002	303	27294
L22_V002	304	27444
L22_V002	305	27530
L22_V002	306	27594
L22_V002	307	27707
L22_V002	308	27744
L22_V002	309	27894
L22_V002	310	28044
L22_V002	311	28062
L22_V002	312	28194
L22_V002	313	28344
L22_V002	314	28401
L22_V002	315	28494
L22_V002	316	28644
L22_V002	317	28702
L22_V002	318	28794
L22_V002	319	28944
L22_V002	320	29049
L22_V002	321	29094
L22_V002	322	29244
L22_V002	323	29394
L22_V002	324	29544
L22_V002	325	29555
L22_V002	326	29556
L22_V002	327	29557
L22_V003	1	0
L22_V003	2	90
L22_V003	3	265
L22_V003	4	372
L22_V003	5	404
L22_V003	6	486
L22_V003	7	531
L22_V003	8	607
L22_V003	9	656
L22_V003	10	750
L22_V003	11	831
L22_V003	12	1006
L22_V003	13	1174
L22_V003	14	1349
L22_V003	15	1384
L22_V003	16	1470
L22_V003	17	1537
L22_V003	18	1560
L22_V003	19	1663
L22_V003	20	1738
L22_V003	21	1860
L22_V003	22	1941
L22_V003	23	2005
L22_V003	24	2142
L22_V003	25	2278
L22_V003	26	2303
L22_V003	27	2340
L22_V003	28	2390
L22_V003	29	2476
L22_V003	30	2520
L22_V003	31	2610
L22_V003	32	2700
L22_V003	33	2783
L22_V003	34	2863
L22_V003	35	3038
L22_V003	36	3180
L22_V003	37	3300
L22_V003	38	3421
L22_V003	39	3540
L22_V003	40	3629
L22_V003	41	3703
L22_V003	42	3750
L22_V003	43	3914
L22_V003	44	4050
L22_V003	45	4199
L22_V003	46	4314
L22_V003	47	4461
L22_V003	48	4470
L22_V003	49	4527
L22_V003	50	4590
L22_V003	51	4665
L22_V003	52	4740
L22_V003	53	4890
L22_V003	54	5010
L22_V003	55	5185
L22_V003	56	5310
L22_V003	57	5422
L22_V003	58	5581
L22_V003	59	5658
L22_V003	60	5744
L22_V003	61	5773
L22_V003	62	5820
L22_V003	63	5938
L22_V003	64	5985
L22_V003	65	6112
L22_V003	66	6140
L22_V003	67	6299
L22_V003	68	6419
L22_V003	69	6470
L22_V003	70	6578
L22_V003	71	6731
L22_V003	72	6887
L22_V003	73	7062
L22_V003	74	7154
L22_V003	75	7277
L22_V003	76	7290
L22_V003	77	7380
L22_V003	78	7470
L22_V003	79	7590
L22_V003	80	7659
L22_V003	81	7740
L22_V003	82	7842
L22_V003	83	7859
L22_V003	84	7950
L22_V003	85	8100
L22_V003	86	8258
L22_V003	87	8343
L22_V003	88	8430
L22_V003	89	8550
L22_V003	90	8580
L22_V003	91	8655
L22_V003	92	8751
L22_V003	93	8850
L22_V003	94	9000
L22_V003	95	9135
L22_V003	96	9150
L22_V003	97	9246
L22_V003	98	9366
L22_V003	99	9419
L22_V003	100	9467
L22_V003	101	9540
L22_V003	102	9715
L22_V003	103	9846
L22_V003	104	9990
L22_V003	105	10151
L22_V003	106	10227
L22_V003	107	10302
L22_V003	108	10380
L22_V003	109	10503
L22_V003	110	10535
L22_V003	111	10610
L22_V003	112	10650
L22_V003	113	10770
L22_V003	114	10815
L22_V003	115	10920
L22_V003	116	10976
L22_V003	117	11070
L22_V003	118	11100
L22_V003	119	11178
L22_V003	120	11220
L22_V003	121	11266
L22_V003	122	11310
L22_V003	123	11410
L22_V003	124	11460
L22_V003	125	11545
L22_V003	126	11583
L22_V003	127	11700
L22_V003	128	11835
L22_V003	129	11910
L22_V003	130	12030
L22_V003	131	12120
L22_V003	132	12210
L22_V003	133	12300
L22_V003	134	12453
L22_V003	135	12483
L22_V003	136	12600
L22_V003	137	12663
L22_V003	138	12750
L22_V003	139	12835
L22_V003	140	12925
L22_V003	141	12930
L22_V003	142	13105
L22_V003	143	13201
L22_V003	144	13369
L22_V003	145	13530
L22_V003	146	13652
L22_V003	147	13718
L22_V003	148	13800
L22_V003	149	13950
L22_V003	150	14100
L22_V003	151	14250
L22_V003	152	14303
L22_V003	153	14369
L22_V003	154	14458
L22_V003	155	14529
L22_V003	156	14669
L22_V003	157	14774
L22_V003	158	14819
L22_V003	159	14918
L22_V003	160	15093
L22_V003	161	15210
L22_V003	162	15330
L22_V003	163	15419
L22_V003	164	15529
L22_V003	165	15591
L22_V003	166	15690
L22_V003	167	15749
L22_V003	168	15838
L22_V003	169	15960
L22_V003	170	16110
L22_V003	171	16208
L22_V003	172	16269
L22_V003	173	16344
L22_V003	174	16421
L22_V003	175	16592
L22_V003	176	16680
L22_V003	177	16793
L22_V003	178	16932
L22_V003	179	17019
L22_V003	180	17148
L22_V003	181	17249
L22_V003	182	17310
L22_V003	183	17400
L22_V003	184	17550
L22_V003	185	17670
L22_V003	186	17725
L22_V003	187	17818
L22_V003	188	17882
L22_V003	189	17970
L22_V003	190	18145
L22_V003	191	18300
L22_V003	192	18467
L22_V003	193	18600
L22_V003	194	18701
L22_V003	195	18750
L22_V003	196	18836
L22_V003	197	18914
L22_V003	198	19034
L22_V003	199	19087
L22_V003	200	19260
L22_V003	201	19385
L22_V003	202	19435
L22_V003	203	19514
L22_V003	204	19641
L22_V003	205	19696
L22_V003	206	19767
L22_V003	207	19890
L22_V003	208	20065
L22_V003	209	20166
L22_V003	210	20242
L22_V003	211	20250
L22_V003	212	20341
L22_V003	213	20458
L22_V003	214	20625
L22_V003	215	20760
L22_V003	216	20932
L22_V003	217	21018
L22_V003	218	21090
L22_V003	219	21150
L22_V003	220	21210
L22_V003	221	21300
L22_V003	222	21475
L22_V003	223	21650
L22_V003	224	21825
L22_V003	225	21990
L22_V003	226	22101
L22_V003	227	22110
L22_V003	228	22221
L22_V003	229	22230
L22_V003	230	22380
L22_V003	231	22518
L22_V003	232	22555
L22_V003	233	22675
L22_V003	234	22830
L22_V003	235	22961
L22_V003	236	22980
L22_V003	237	23058
L22_V003	238	23100
L22_V003	239	23113
L22_V003	240	23232
L22_V003	241	23250
L22_V003	242	23293
L22_V003	243	23400
L22_V003	244	23550
L22_V003	245	23725
L22_V003	246	23813
L22_V003	247	23988
L22_V003	248	24150
L22_V003	249	24300
L22_V003	250	24439
L22_V003	251	24528
L22_V003	252	24610
L22_V003	253	24690
L22_V003	254	24810
L22_V003	255	24930
L22_V003	256	25020
L22_V003	257	25152
L22_V003	258	25191
L22_V003	259	25308
L22_V003	260	25350
L22_V003	261	25500
L22_V003	262	25590
L22_V003	263	25664
L22_V003	264	25739
L22_V003	265	25766
L22_V003	266	25889
L22_V003	267	26039
L22_V003	268	26122
L22_V003	269	26202
L22_V003	270	26370
L22_V003	271	26460
L22_V003	272	26550
L22_V003	273	26624
L22_V003	274	26714
L22_V003	275	26794
L22_V003	276	26850
L22_V003	277	26939
L22_V003	278	27043
L22_V003	279	27095
L22_V003	280	27270
L22_V003	281	27372
L22_V003	282	27539
L22_V003	283	27660
L22_V003	284	27794
L22_V003	285	27900
L22_V003	286	28062
L22_V003	287	28074
L22_V003	288	28170
L22_V003	289	28335
L22_V003	290	28410
L22_V003	291	28530
L22_V003	292	28680
L22_V003	293	28805
L22_V003	294	28830
L22_V003	295	28974
L22_V003	296	29100
L22_V003	297	29132
L22_V003	298	29189
L22_V003	299	29257
L22_V003	300	29329
L22_V003	301	29362
L22_V003	302	29407
L22_V003	303	29445
L22_V003	304	29489
L22_V003	305	29632
L22_V003	306	29707
L22_V003	307	29811
L22_V003	308	29880
L22_V003	309	29992
L22_V003	310	30108
L22_V003	311	30120
L22_V003	312	30144
L22_V003	313	30270
L22_V003	314	30360
L22_V003	315	30450
L22_V004	1	0
L22_V004	2	90
L22_V004	3	300
L22_V004	4	414
L22_V004	5	552
L22_V004	6	623
L22_V004	7	662
L22_V004	8	777
L22_V004	9	867
L22_V004	10	927
L22_V004	11	1074
L22_V004	12	1208
L22_V004	13	1272
L22_V004	14	1314
L22_V004	15	1464
L22_V004	16	1674
L22_V004	17	1821
L22_V004	18	1922
L22_V004	19	2099
L22_V004	20	2189
L22_V004	21	2354
L22_V004	22	2444
L22_V004	23	2592
L22_V004	24	2636
L22_V004	25	2726
L22_V004	26	2825
L22_V004	27	2883
L22_V004	28	2942
L22_V004	29	3069
L22_V004	30	3179
L22_V004	31	3227
L22_V004	32	3414
L22_V004	33	3525
L22_V004	34	3594
L22_V004	35	3656
L22_V004	36	3729
L22_V004	37	3839
L22_V004	38	4004
L22_V004	39	4094
L22_V004	40	4187
L22_V004	41	4323
L22_V004	42	4385
L22_V004	43	4478
L22_V004	44	4590
L22_V004	45	4665
L22_V004	46	4731
L22_V004	47	4824
L22_V004	48	5003
L22_V004	49	5093
L22_V004	50	5213
L22_V004	51	5303
L22_V004	52	5405
L22_V004	53	5469
L22_V004	54	5505
L22_V004	55	5697
L22_V004	56	5769
L22_V004	57	5832
L22_V004	58	6042
L22_V004	59	6222
L22_V004	60	6312
L22_V004	61	6476
L22_V004	62	6534
L22_V004	63	6614
L22_V004	64	6764
L22_V004	65	6879
L22_V004	66	6909
L22_V004	67	7080
L22_V004	68	7122
L22_V004	69	7250
L22_V004	70	7445
L22_V004	71	7544
L22_V004	72	7575
L22_V004	73	7649
L22_V004	74	7779
L22_V004	75	7901
L22_V004	76	7988
L22_V004	77	8061
L22_V004	78	8151
L22_V004	79	8361
L22_V004	80	8561
L22_V004	81	8751
L22_V004	82	8846
L22_V004	83	8952
L22_V004	84	9090
L22_V004	85	9263
L22_V004	86	9387
L22_V004	87	9432
L22_V004	88	9515
L22_V004	89	9557
L22_V004	90	9767
L22_V004	91	9887
L22_V004	92	10062
L22_V004	93	10250
L22_V004	94	10422
L22_V004	95	10457
L22_V004	96	10652
L22_V004	97	10836
L22_V004	98	10931
L22_V004	99	10976
L22_V004	100	11027
L22_V004	101	11106
L22_V004	102	11316
L22_V004	103	11496
L22_V004	104	11676
L22_V004	105	11802
L22_V004	106	11976
L22_V004	107	12006
L22_V004	108	12104
L22_V004	109	12156
L22_V004	110	12285
L22_V004	111	12428
L22_V004	112	12488
L22_V004	113	12641
L22_V004	114	12686
L22_V004	115	12812
L22_V004	116	12908
L22_V004	117	12963
L22_V004	118	13074
L22_V004	119	13182
L22_V004	120	13358
L22_V004	121	13448
L22_V004	122	13557
L22_V004	123	13610
L22_V004	124	13820
L22_V004	125	14019
L22_V004	126	14169
L22_V004	127	14265
L22_V004	128	14423
L22_V004	129	14466
L22_V004	130	14583
L22_V004	131	14673
L22_V004	132	14781
L22_V004	133	14901
L22_V004	134	14957
L22_V004	135	15161
L22_V004	136	15272
L22_V004	137	15333
L22_V004	138	15363
L22_V004	139	15396
L22_V004	140	15465
L22_V004	141	15585
L22_V004	142	15641
L22_V004	143	15681
L22_V004	144	15810
L22_V004	145	15936
L22_V004	146	16007
L22_V004	147	16217
L22_V004	148	16397
L22_V004	149	16604
L22_V004	150	16746
L22_V004	151	16851
L22_V004	152	16998
L22_V004	153	17028
L22_V004	154	17147
L22_V004	155	17220
L22_V004	156	17400
L22_V004	157	17493
L22_V004	158	17661
L22_V004	159	17691
L22_V004	160	17783
L22_V004	161	17913
L22_V004	162	18099
L22_V004	163	18309
L22_V004	164	18428
L22_V004	165	18489
L22_V004	166	18554
L22_V004	167	18764
L22_V004	168	18875
L22_V004	169	19083
L22_V004	170	19179
L22_V004	171	19310
L22_V004	172	19434
L22_V004	173	19517
L22_V004	174	19659
L22_V004	175	19850
L22_V004	176	19928
L22_V004	177	20001
L22_V004	178	20085
L22_V004	179	20186
L22_V004	180	20318
L22_V004	181	20438
L22_V004	182	20579
L22_V004	183	20669
L22_V004	184	20849
L22_V004	185	21000
L22_V004	186	21189
L22_V004	187	21345
L22_V004	188	21381
L22_V004	189	21501
L22_V004	190	21623
L22_V004	191	21699
L22_V004	192	21812
L22_V004	193	21900
L22_V004	194	22049
L22_V004	195	22107
L22_V004	196	22223
L22_V004	197	22433
L22_V004	198	22547
L22_V004	199	22716
L22_V004	200	22857
L22_V004	201	23021
L22_V004	202	23051
L22_V004	203	23141
L22_V004	204	23291
L22_V004	205	23499
L22_V004	206	23624
L22_V004	207	23834
L22_V004	208	24044
L22_V004	209	24182
L22_V004	210	24282
L22_V004	211	24408
L22_V004	212	24603
L22_V004	213	24693
L22_V004	214	24837
L22_V004	215	24881
L22_V004	216	24966
L22_V004	217	25047
L22_V004	218	25173
L22_V004	219	25256
L22_V004	220	25403
L22_V004	221	25493
L22_V004	222	25622
L22_V004	223	25730
L22_V004	224	25827
L22_V004	225	25992
L22_V004	226	26025
L22_V004	227	26061
L22_V004	228	26121
L22_V004	229	26211
L22_V004	230	26277
L22_V004	231	26390
L22_V004	232	26531
L22_V004	233	26585
L22_V004	234	26795
L22_V004	235	26964
L22_V004	236	27143
L22_V004	237	27294
L22_V004	238	27324
L22_V004	239	27518
L22_V004	240	27645
L22_V004	241	27713
L22_V004	242	27807
L22_V004	243	27942
L22_V004	244	28152
L22_V004	245	28296
L22_V004	246	28506
L22_V004	247	28596
L22_V004	248	28734
L22_V004	249	28914
L22_V004	250	29124
L22_V004	251	29235
L22_V004	252	29300
L22_V004	253	29427
L22_V004	254	29637
L22_V004	255	29787
L22_V004	256	29997
L22_V004	257	30207
L22_V004	258	30380
L22_V004	259	30510
L22_V004	260	30644
L22_V004	261	30728
L22_V004	262	30792
L22_V004	263	30861
L22_V004	264	30950
L22_V004	265	31029
L22_V004	266	31118
L22_V004	267	31194
L22_V004	268	31260
L22_V004	269	31344
L22_V004	270	31409
L22_V004	271	31469
L22_V004	272	31679
L22_V004	273	31889
L22_V004	274	32036
L22_V004	275	32246
L22_V004	276	32411
L22_V004	277	32561
L22_V004	278	32693
L22_V004	279	32793
L22_V004	280	32891
L22_V004	281	33060
L22_V004	282	33201
L22_V004	283	33411
L22_V004	284	33555
L22_V004	285	33660
L22_V004	286	33870
L22_V004	287	33975
L22_V004	288	34122
L22_V004	289	34305
L22_V004	290	34514
L22_V004	291	34724
L22_V004	292	34859
L22_V004	293	34979
L22_V004	294	35129
L22_V004	295	35309
L22_V004	296	35405
L22_V004	297	35495
L22_V004	298	35655
L22_V004	299	35685
L22_V004	300	35850
L22_V004	301	35880
L22_V004	302	36023
L22_V004	303	36113
L22_V004	304	36249
L22_V004	305	36365
L22_V004	306	36468
L22_V004	307	36561
L22_V004	308	36705
L22_V004	309	36765
L22_V004	310	36975
L22_V004	311	37115
L22_V004	312	37325
L22_V004	313	37464
L22_V004	314	37593
L22_V004	315	37716
L22_V004	316	37773
L22_V004	317	37824
L22_V004	318	37869
L22_V004	319	37944
L22_V004	320	38037
L22_V004	321	38100
L22_V004	322	38178
L22_V004	323	38262
L22_V004	324	38303
L22_V004	325	38358
L22_V004	326	38439
L22_V004	327	38499
L22_V004	328	38558
L22_V004	329	38592
L22_V004	330	38637
L22_V004	331	38757
L22_V004	332	38907
L22_V005	1	0
L22_V005	2	98
L22_V005	3	261
L22_V005	4	342
L22_V005	5	351
L22_V005	6	405
L22_V005	7	479
L22_V005	8	557
L22_V005	9	587
L22_V005	10	705
L22_V005	11	795
L22_V005	12	864
L22_V005	13	924
L22_V005	14	1134
L22_V005	15	1343
L22_V005	16	1494
L22_V005	17	1662
L22_V005	18	1800
L22_V005	19	1863
L22_V005	20	1958
L22_V005	21	2006
L22_V005	22	2037
L22_V005	23	2237
L22_V005	24	2342
L22_V005	25	2475
L22_V005	26	2627
L22_V005	27	2829
L22_V005	28	2919
L22_V005	29	3020
L22_V005	30	3117
L22_V005	31	3275
L22_V005	32	3321
L22_V005	33	3531
L22_V005	34	3741
L22_V005	35	3945
L22_V005	36	4035
L22_V005	37	4227
L22_V005	38	4320
L22_V005	39	4389
L22_V005	40	4476
L22_V005	41	4581
L22_V005	42	4766
L22_V005	43	4872
L22_V005	44	5018
L22_V005	45	5111
L22_V005	46	5181
L22_V005	47	5315
L22_V005	48	5343
L22_V005	49	5450
L22_V005	50	5537
L22_V005	51	5717
L22_V005	52	5927
L22_V005	53	6062
L22_V005	54	6210
L22_V005	55	6360
L22_V005	56	6440
L22_V005	57	6531
L22_V005	58	6620
L22_V005	59	6668
L22_V005	60	6762
L22_V005	61	6792
L22_V005	62	6920
L22_V005	63	7130
L22_V005	64	7340
L22_V005	65	7460
L22_V005	66	7581
L22_V005	67	7701
L22_V005	68	7845
L22_V005	69	8055
L22_V005	70	8165
L22_V005	71	8255
L22_V005	72	8433
L22_V005	73	8498
L22_V005	74	8598
L22_V005	75	8765
L22_V005	76	8850
L22_V005	77	8957
L22_V005	78	9125
L22_V005	79	9248
L22_V005	80	9309
L22_V005	81	9519
L22_V005	82	9663
L22_V005	83	9723
L22_V005	84	9843
L22_V005	85	10053
L22_V005	86	10200
L22_V005	87	10323
L22_V005	88	10503
L22_V005	89	10683
L22_V005	90	10713
L22_V005	91	10893
L22_V005	92	10983
L22_V005	93	11085
L22_V005	94	11133
L22_V005	95	11304
L22_V005	96	11313
L22_V005	97	11444
L22_V005	98	11487
L22_V005	99	11529
L22_V005	100	11660
L22_V005	101	11784
L22_V005	102	11844
L22_V005	103	12054
L22_V005	104	12204
L22_V005	105	12303
L22_V005	106	12423
L22_V005	107	12531
L22_V005	108	12699
L22_V005	109	12849
L22_V005	110	13035
L22_V005	111	13211
L22_V005	112	13377
L22_V005	113	13553
L22_V005	114	13583
L22_V005	115	13722
L22_V005	116	13752
L22_V005	117	13863
L22_V005	118	14073
L22_V005	119	14199
L22_V005	120	14379
L22_V005	121	14469
L22_V005	122	14567
L22_V005	123	14727
L22_V005	124	14844
L22_V005	125	14937
L22_V005	126	15018
L22_V005	127	15159
L22_V005	128	15315
L22_V005	129	15405
L22_V005	130	15528
L22_V005	131	15653
L22_V005	132	15743
L22_V005	133	15876
L22_V005	134	16086
L22_V005	135	16241
L22_V005	136	16415
L22_V005	137	16493
L22_V005	138	16577
L22_V005	139	16746
L22_V005	140	16866
L22_V005	141	16980
L22_V005	142	17034
L22_V005	143	17171
L22_V005	144	17247
L22_V005	145	17286
L22_V005	146	17442
L22_V005	147	17652
L22_V005	148	17742
L22_V005	149	17891
L22_V005	150	18084
L22_V005	151	18249
L22_V005	152	18339
L22_V005	153	18405
L22_V005	154	18501
L22_V005	155	18606
L22_V005	156	18650
L22_V005	157	18801
L22_V005	158	18903
L22_V005	159	19100
L22_V005	160	19239
L22_V005	161	19284
L22_V005	162	19389
L22_V005	163	19449
L22_V005	164	19538
L22_V005	165	19599
L22_V005	166	19656
L22_V005	167	19665
L22_V005	168	19845
L22_V005	169	19881
L22_V005	170	20012
L22_V005	171	20136
L22_V005	172	20193
L22_V005	173	20403
L22_V005	174	20583
L22_V005	175	20787
L22_V005	176	20879
L22_V005	177	21023
L22_V005	178	21143
L22_V005	179	21329
L22_V005	180	21402
L22_V005	181	21482
L22_V005	182	21572
L22_V005	183	21663
L22_V005	184	21753
L22_V005	185	21915
L22_V005	186	22125
L22_V005	187	22215
L22_V005	188	22290
L22_V005	189	22365
L22_V005	190	22575
L22_V005	191	22680
L22_V005	192	22890
L22_V005	193	23070
L22_V005	194	23265
L22_V005	195	23355
L22_V005	196	23493
L22_V005	197	23663
L22_V005	198	23859
L22_V005	199	23951
L22_V005	200	24036
L22_V005	201	24177
L22_V005	202	24339
L22_V005	203	24357
L22_V005	204	24464
L22_V005	205	24557
L22_V005	206	24647
L22_V005	207	24759
L22_V005	208	24809
L22_V005	209	24942
L22_V005	210	25131
L22_V005	211	25221
L22_V005	212	25335
L22_V005	213	25538
L22_V005	214	25685
L22_V005	215	25796
L22_V005	216	25890
L22_V005	217	26003
L22_V005	218	26120
L22_V005	219	26208
L22_V005	220	26313
L22_V005	221	26420
L22_V005	222	26517
L22_V005	223	26727
L22_V005	224	26889
L22_V005	225	27069
L22_V005	226	27272
L22_V005	227	27279
L22_V005	228	27381
L22_V005	229	27429
L22_V005	230	27501
L22_V005	231	27515
L22_V005	232	27575
L22_V005	233	27725
L22_V005	234	27905
L22_V005	235	28107
L22_V005	236	28197
L22_V005	237	28343
L22_V005	238	28536
L22_V005	239	28686
L22_V005	240	28859
L22_V005	241	29043
L22_V005	242	29156
L22_V005	243	29261
L22_V005	244	29355
L22_V005	245	29565
L22_V005	246	29688
L22_V005	247	29838
L22_V005	248	29931
L22_V005	249	30015
L22_V005	250	30066
L22_V005	251	30126
L22_V005	252	30246
L22_V005	253	30351
L22_V005	254	30423
L22_V005	255	30507
L22_V005	256	30567
L22_V005	257	30771
L22_V005	258	30891
L22_V005	259	31071
L22_V008	1	0
L22_V008	2	90
L22_V008	3	259
L22_V008	4	413
L22_V008	5	446
L22_V008	6	573
L22_V008	7	673
L22_V008	8	739
L22_V008	9	810
L22_V008	10	900
L22_V008	11	1047
L22_V008	12	1168
L22_V008	13	1244
L22_V008	14	1374
L22_V008	15	1462
L22_V008	16	1470
L22_V008	17	1590
L22_V008	18	1764
L22_V008	19	1889
L22_V008	20	2038
L22_V008	21	2114
L22_V008	22	2271
L22_V008	23	2280
L22_V008	24	2430
L22_V008	25	2580
L22_V008	26	2670
L22_V008	27	2760
L22_V008	28	2834
L22_V008	29	2910
L22_V008	30	3014
L22_V008	31	3080
L22_V008	32	3180
L22_V008	33	3292
L22_V008	34	3390
L22_V008	35	3565
L22_V008	36	3668
L22_V008	37	3825
L22_V008	38	3908
L22_V008	39	3990
L22_V008	40	4085
L22_V008	41	4110
L22_V008	42	4200
L22_V008	43	4261
L22_V008	44	4350
L22_V008	45	4489
L22_V008	46	4500
L22_V008	47	4613
L22_V008	48	4620
L22_V008	49	4690
L22_V008	50	4740
L22_V008	51	4857
L22_V008	52	4890
L22_V008	53	4990
L22_V008	54	5010
L22_V008	55	5100
L22_V008	56	5275
L22_V008	57	5370
L22_V008	58	5540
L22_V008	59	5638
L22_V008	60	5745
L22_V008	61	5860
L22_V008	62	5966
L22_V008	63	6090
L22_V008	64	6207
L22_V008	65	6381
L22_V008	66	6501
L22_V008	67	6659
L22_V008	68	6716
L22_V008	69	6775
L22_V008	70	6913
L22_V008	71	6990
L22_V008	72	7131
L22_V008	73	7206
L22_V008	74	7323
L22_V008	75	7350
L22_V008	76	7470
L22_V008	77	7620
L22_V008	78	7709
L22_V008	79	7852
L22_V008	80	7887
L22_V008	81	7936
L22_V008	82	8009
L22_V008	83	8109
L22_V008	84	8220
L22_V008	85	8370
L22_V008	86	8545
L22_V008	87	8646
L22_V008	88	8791
L22_V008	89	8961
L22_V008	90	9122
L22_V008	91	9204
L22_V008	92	9318
L22_V008	93	9330
L22_V008	94	9480
L22_V008	95	9570
L22_V008	96	9615
L22_V008	97	9660
L22_V008	98	9835
L22_V008	99	9976
L22_V008	100	9990
L22_V008	101	10110
L22_V008	102	10194
L22_V008	103	10246
L22_V008	104	10377
L22_V008	105	10427
L22_V008	106	10530
L22_V008	107	10687
L22_V008	108	10860
L22_V008	109	10949
L22_V008	110	11100
L22_V008	111	11188
L22_V008	112	11310
L22_V008	113	11430
L22_V008	114	11580
L22_V008	115	11730
L22_V008	116	11850
L22_V008	117	11970
L22_V008	118	12074
L22_V008	119	12247
L22_V008	120	12330
L22_V008	121	12432
L22_V008	122	12450
L22_V008	123	12540
L22_V008	124	12630
L22_V008	125	12748
L22_V008	126	12780
L22_V008	127	12930
L22_V008	128	13019
L22_V008	129	13119
L22_V008	130	13279
L22_V008	131	13380
L22_V008	132	13551
L22_V008	133	13710
L22_V008	134	13793
L22_V008	135	13890
L22_V008	136	14038
L22_V008	137	14213
L22_V008	138	14310
L22_V008	139	14429
L22_V008	140	14558
L22_V008	141	14700
L22_V008	142	14844
L22_V008	143	15000
L22_V008	144	15129
L22_V008	145	15300
L22_V008	146	15419
L22_V008	147	15515
L22_V008	148	15660
L22_V008	149	15828
L22_V008	150	15930
L22_V008	151	16066
L22_V008	152	16230
L22_V008	153	16357
L22_V008	154	16380
L22_V008	155	16500
L22_V008	156	16621
L22_V008	157	16650
L22_V008	158	16770
L22_V008	159	16939
L22_V008	160	17114
L22_V008	161	17263
L22_V008	162	17430
L22_V008	163	17550
L22_V008	164	17700
L22_V008	165	17828
L22_V008	166	17970
L22_V008	167	18120
L22_V008	168	18274
L22_V008	169	18449
L22_V008	170	18537
L22_V008	171	18663
L22_V008	172	18693
L22_V008	173	18798
L22_V008	174	18873
L22_V008	175	18984
L22_V008	176	19007
L22_V008	177	19130
L22_V008	178	19140
L22_V008	179	19315
L22_V008	180	19457
L22_V008	181	19470
L22_V008	182	19643
L22_V008	183	19800
L22_V008	184	19887
L22_V008	185	20061
L22_V008	186	20213
L22_V008	187	20383
L22_V008	188	20550
L22_V008	189	20672
L22_V008	190	20725
L22_V008	191	20804
L22_V008	192	20911
L22_V008	193	21086
L22_V008	194	21197
L22_V008	195	21300
L22_V008	196	21390
L22_V008	197	21486
L22_V008	198	21633
L22_V008	199	21660
L22_V008	200	21763
L22_V008	201	21833
L22_V008	202	21960
L22_V008	203	22110
L22_V008	204	22213
L22_V008	205	22352
L22_V008	206	22431
L22_V008	207	22590
L22_V008	208	22740
L22_V008	209	22815
L22_V008	210	22903
L22_V008	211	22920
L22_V008	212	22977
L22_V008	213	23012
L22_V008	214	23070
L22_V008	215	23160
L22_V008	216	23333
L22_V008	217	23422
L22_V008	218	23568
L22_V008	219	23580
L22_V008	220	23670
L22_V008	221	23803
L22_V008	222	23884
L22_V008	223	23967
L22_V008	224	24046
L22_V008	225	24123
L22_V008	226	24180
L22_V008	227	24232
L22_V008	228	24407
L22_V008	229	24518
L22_V008	230	24600
L22_V008	231	24775
L22_V008	232	24900
L22_V008	233	25050
L22_V008	234	25142
L22_V008	235	25225
L22_V008	236	25309
L22_V008	237	25484
L22_V008	238	25612
L22_V008	239	25774
L22_V008	240	25902
L22_V008	241	26027
L22_V008	242	26070
L22_V008	243	26208
L22_V008	244	26220
L22_V008	245	26320
L22_V008	246	26339
L22_V008	247	26411
L22_V008	248	26489
L22_V008	249	26533
L22_V008	250	26658
L22_V008	251	26788
L22_V008	252	26939
L22_V008	253	27105
L22_V008	254	27180
L22_V008	255	27291
L22_V010	1	0
L22_V010	2	90
L22_V010	3	265
L22_V010	4	397
L22_V010	5	430
L22_V010	6	558
L22_V010	7	682
L22_V010	8	763
L22_V010	9	840
L22_V010	10	848
L22_V010	11	1015
L22_V010	12	1170
L22_V010	13	1314
L22_V010	14	1393
L22_V010	15	1470
L22_V010	16	1590
L22_V010	17	1695
L22_V010	18	1739
L22_V010	19	1798
L22_V010	20	1878
L22_V010	21	1998
L22_V010	22	2104
L22_V010	23	2222
L22_V010	24	2303
L22_V010	25	2366
L22_V010	26	2500
L22_V010	27	2575
L22_V010	28	2653
L22_V010	29	2670
L22_V010	30	2705
L22_V010	31	2762
L22_V010	32	2910
L22_V010	33	3046
L22_V010	34	3126
L22_V010	35	3210
L22_V010	36	3311
L22_V010	37	3389
L22_V010	38	3564
L22_V010	39	3661
L22_V010	40	3810
L22_V010	41	3952
L22_V010	42	4028
L22_V010	43	4140
L22_V010	44	4230
L22_V010	45	4350
L22_V010	46	4451
L22_V010	47	4497
L22_V010	48	4553
L22_V010	49	4614
L22_V010	50	4715
L22_V010	51	4886
L22_V010	52	4986
L22_V010	53	5160
L22_V010	54	5250
L22_V010	55	5359
L22_V010	56	5475
L22_V010	57	5550
L22_V010	58	5719
L22_V010	59	5798
L22_V010	60	5940
L22_V010	61	6060
L22_V010	62	6180
L22_V010	63	6330
L22_V010	64	6462
L22_V010	65	6637
L22_V010	66	6750
L22_V010	67	6925
L22_V010	68	7062
L22_V010	69	7080
L22_V010	70	7251
L22_V010	71	7345
L22_V010	72	7380
L22_V010	73	7500
L22_V010	74	7638
L22_V010	75	7656
L22_V010	76	7759
L22_V010	77	7830
L22_V010	78	7981
L22_V010	79	8120
L22_V010	80	8280
L22_V010	81	8430
L22_V010	82	8573
L22_V010	83	8580
L22_V010	84	8730
L22_V010	85	8905
L22_V010	86	9036
L22_V010	87	9100
L22_V010	88	9167
L22_V010	89	9227
L22_V010	90	9270
L22_V010	91	9420
L22_V010	92	9557
L22_V010	93	9570
L22_V010	94	9670
L22_V010	95	9718
L22_V010	96	9738
L22_V010	97	9900
L22_V010	98	9924
L22_V010	99	9975
L22_V010	100	10041
L22_V010	101	10135
L22_V010	102	10170
L22_V010	103	10225
L22_V010	104	10260
L22_V010	105	10392
L22_V010	106	10470
L22_V010	107	10519
L22_V010	108	10577
L22_V010	109	10620
L22_V010	110	10674
L22_V010	111	10720
L22_V010	112	10767
L22_V010	113	10844
L22_V010	114	10871
L22_V010	115	10890
L22_V010	116	11065
L22_V010	117	11220
L22_V010	118	11370
L22_V010	119	11483
L22_V010	120	11580
L22_V010	121	11725
L22_V010	122	11876
L22_V010	123	11957
L22_V010	124	12047
L22_V010	125	12180
L22_V010	126	12253
L22_V010	127	12300
L22_V010	128	12347
L22_V010	129	12413
L22_V010	130	12450
L22_V010	131	12540
L22_V010	132	12604
L22_V010	133	12690
L22_V010	134	12768
L22_V010	135	12810
L22_V010	136	12979
L22_V010	137	13154
L22_V010	138	13230
L22_V010	139	13347
L22_V010	140	13500
L22_V010	141	13619
L22_V010	142	13769
L22_V010	143	13940
L22_V010	144	14040
L22_V010	145	14190
L22_V010	146	14310
L22_V010	147	14438
L22_V010	148	14460
L22_V010	149	14610
L22_V010	150	14774
L22_V010	151	14940
L22_V010	152	15030
L22_V010	153	15122
L22_V010	154	15177
L22_V010	155	15269
L22_V010	156	15419
L22_V010	157	15525
L22_V010	158	15569
L22_V010	159	15690
L22_V010	160	15810
L22_V010	161	15900
L22_V010	162	16025
L22_V010	163	16050
L22_V010	164	16219
L22_V010	165	16305
L22_V010	166	16425
L22_V010	167	16587
L22_V010	168	16759
L22_V010	169	16930
L22_V010	170	17006
L22_V010	171	17160
L22_V010	172	17234
L22_V010	173	17286
L22_V010	174	17400
L22_V010	175	17471
L22_V010	176	17490
L22_V010	177	17568
L22_V010	178	17610
L22_V010	179	17701
L22_V010	180	17755
L22_V010	181	17850
L22_V010	182	17944
L22_V010	183	18024
L22_V010	184	18072
L22_V010	185	18120
L22_V010	186	18233
L22_V010	187	18270
L22_V010	188	18358
L22_V010	189	18390
L22_V010	190	18515
L22_V010	191	18690
L22_V010	192	18810
L22_V010	193	18882
L22_V010	194	18968
L22_V010	195	19046
L22_V010	196	19204
L22_V010	197	19320
L22_V010	198	19436
L22_V010	199	19470
L22_V010	200	19544
L22_V010	201	19643
L22_V010	202	19695
L22_V010	203	19770
L22_V010	204	19852
L22_V010	205	19917
L22_V010	206	19978
L22_V010	207	20034
L22_V010	208	20089
L22_V010	209	20133
L22_V010	210	20177
L22_V010	211	20218
L22_V010	212	20264
L22_V010	213	20312
L22_V010	214	20370
L22_V010	215	20428
L22_V010	216	20486
L22_V010	217	20520
L22_V010	218	20649
L22_V010	219	20670
L22_V010	220	20772
L22_V010	221	20790
L22_V010	222	20936
L22_V010	223	21090
L22_V010	224	21169
L22_V010	225	21330
L22_V010	226	21480
L22_V010	227	21562
L22_V010	228	21630
L22_V010	229	21720
L22_V010	230	21827
L22_V010	231	21870
L22_V010	232	21961
L22_V010	233	22020
L22_V010	234	22115
L22_V010	235	22165
L22_V010	236	22276
L22_V010	237	22339
L22_V010	238	22470
L22_V010	239	22645
L22_V010	240	22769
L22_V010	241	22904
L22_V010	242	22979
L22_V010	243	23067
L22_V010	244	23179
L22_V010	245	23225
L22_V010	246	23400
L22_V010	247	23495
L22_V010	248	23537
L22_V010	249	23585
L22_V010	250	23693
L22_V010	251	23776
L22_V010	252	23868
L22_V010	253	23970
L22_V010	254	24049
L22_V010	255	24224
L22_V010	256	24366
L22_V010	257	24510
L22_V010	258	24600
L22_V010	259	24714
L22_V010	260	24750
L22_V010	261	24798
L22_V010	262	24877
L22_V010	263	24900
L22_V010	264	25050
L22_V010	265	25214
L22_V010	266	25389
L22_V010	267	25524
L22_V010	268	25582
L22_V010	269	25620
L22_V010	270	25770
L22_V010	271	25858
L22_V010	272	25927
L22_V010	273	26093
L22_V010	274	26100
L22_V010	275	26189
L22_V010	276	26273
L22_V010	277	26310
L22_V010	278	26460
L22_V010	279	26580
L22_V010	280	26685
L22_V010	281	26730
L22_V010	282	26773
L22_V010	283	26885
L22_V010	284	27060
L22_V010	285	27144
L22_V012	1	0
L22_V012	2	90
L22_V012	3	257
L22_V012	4	347
L22_V012	5	411
L22_V012	6	471
L22_V012	7	564
L22_V012	8	713
L22_V012	9	855
L22_V012	10	917
L22_V012	11	1127
L22_V012	12	1277
L22_V012	13	1479
L22_V012	14	1601
L22_V012	15	1740
L22_V012	16	1800
L22_V012	17	1977
L22_V012	18	2187
L22_V012	19	2307
L22_V012	20	2447
L22_V012	21	2633
L22_V012	22	2817
L22_V012	23	2877
L22_V012	24	2922
L22_V012	25	3047
L22_V012	26	3099
L22_V012	27	3203
L22_V012	28	3284
L22_V012	29	3429
L22_V012	30	3519
L22_V012	31	3729
L22_V012	32	3861
L22_V012	33	4041
L22_V012	34	4131
L22_V012	35	4281
L22_V012	36	4394
L22_V012	37	4505
L22_V012	38	4590
L22_V012	39	4685
L22_V012	40	4767
L22_V012	41	4899
L22_V012	42	5109
L22_V012	43	5199
L22_V012	44	5409
L22_V012	45	5606
L22_V012	46	5807
L22_V012	47	5903
L22_V012	48	5991
L22_V012	49	6113
L22_V012	50	6173
L22_V012	51	6327
L22_V012	52	6371
L22_V012	53	6414
L22_V012	54	6485
L22_V012	55	6605
L22_V012	56	6815
L22_V012	57	6944
L22_V012	58	7005
L22_V012	59	7152
L22_V012	60	7353
L22_V012	61	7472
L22_V012	62	7502
L22_V012	63	7571
L22_V012	64	7638
L22_V012	65	7833
L22_V012	66	7965
L22_V012	67	8097
L22_V012	68	8187
L22_V012	69	8397
L22_V012	70	8607
L22_V012	71	8817
L22_V012	72	8979
L22_V012	73	9056
L22_V012	74	9165
L22_V012	75	9326
L22_V012	76	9375
L22_V012	77	9419
L22_V012	78	9533
L22_V012	79	9668
L22_V012	80	9816
L22_V012	81	9899
L22_V012	82	10022
L22_V012	83	10131
L22_V012	84	10263
L22_V012	85	10365
L22_V012	86	10455
L22_V012	87	10521
L22_V012	88	10643
L22_V012	89	10853
L22_V012	90	10943
L22_V012	91	11153
L22_V012	92	11294
L22_V012	93	11459
L22_V012	94	11570
L22_V012	95	11720
L22_V012	96	11780
L22_V012	97	11958
L22_V012	98	12066
L22_V012	99	12260
L22_V012	100	12362
L22_V012	101	12405
L22_V012	102	12588
L22_V012	103	12687
L22_V012	104	12777
L22_V012	105	12876
L22_V012	106	12977
L22_V012	107	13121
L22_V012	108	13176
L22_V012	109	13362
L22_V012	110	13406
L22_V012	111	13535
L22_V012	112	13727
L22_V012	113	13937
L22_V012	114	14027
L22_V012	115	14219
L22_V012	116	14429
L22_V012	117	14619
L22_V012	118	14813
L22_V012	119	15023
L22_V012	120	15149
L22_V012	121	15231
L22_V012	122	15363
L22_V012	123	15477
L22_V012	124	15639
L22_V012	125	15849
L22_V012	126	15969
L22_V012	127	16077
L22_V012	128	16227
L22_V012	129	16389
L22_V012	130	16568
L22_V012	131	16667
L22_V012	132	16854
L22_V012	133	17064
L22_V012	134	17156
L22_V012	135	17324
L22_V012	136	17480
L22_V012	137	17666
L22_V012	138	17781
L22_V012	139	17991
L22_V012	140	18111
L22_V012	141	18243
L22_V012	142	18405
L22_V012	143	18534
L22_V012	144	18645
L22_V012	145	18842
L22_V012	146	19005
L22_V012	147	19124
L22_V012	148	19221
L22_V012	149	19361
L22_V012	150	19565
L22_V012	151	19695
L22_V012	152	19787
L22_V012	153	19917
L22_V012	154	20127
L22_V012	155	20337
L22_V012	156	20442
L22_V012	157	20481
L22_V012	158	20675
L22_V012	159	20859
L22_V012	160	21015
L22_V012	161	21086
L22_V012	162	21177
L22_V012	163	21324
L22_V012	164	21417
L22_V012	165	21512
L22_V012	166	21591
L22_V012	167	21644
L22_V012	168	21755
L22_V012	169	21815
L22_V012	170	21911
L22_V012	171	22121
L22_V012	172	22317
L22_V012	173	22445
L22_V012	174	22569
L22_V012	175	22629
L22_V012	176	22712
L22_V012	177	22770
L22_V012	178	22922
L22_V012	179	23010
L22_V012	180	23067
L22_V012	181	23127
L22_V012	182	23204
L22_V012	183	23327
L22_V012	184	23453
L22_V012	185	23531
L22_V012	186	23570
L22_V012	187	23649
L22_V012	188	23799
L22_V012	189	23889
L22_V012	190	24045
L22_V012	191	24183
L22_V012	192	24237
L22_V012	193	24306
L22_V012	194	24332
L22_V012	195	24375
L22_V012	196	24405
L22_V012	197	24504
L22_V012	198	24591
L22_V012	199	24764
L22_V012	200	24845
L22_V012	201	24903
L22_V012	202	25113
L22_V012	203	25263
L22_V012	204	25386
L22_V012	205	25566
L22_V012	206	25746
L22_V012	207	25926
L22_V012	208	26076
L22_V012	209	26184
L22_V012	210	26316
L22_V012	211	26492
L22_V012	212	26699
L22_V012	213	26909
L22_V012	214	27078
L22_V012	215	27108
L22_V012	216	27228
L22_V012	217	27357
L22_V012	218	27459
L22_V012	219	27560
L22_V012	220	27645
L22_V012	221	27855
L22_V012	222	27975
L22_V012	223	28101
L22_V012	224	28203
L22_V012	225	28362
L22_V012	226	28508
L22_V012	227	28572
L22_V012	228	28692
L22_V012	229	28881
L22_V012	230	29054
L22_V012	231	29264
L22_V012	232	29384
L22_V012	233	29556
L22_V012	234	29756
L22_V012	235	29961
L22_V012	236	30111
L22_V012	237	30278
L22_V012	238	30422
L22_V012	239	30528
L22_V012	240	30627
L22_V012	241	30815
L22_V012	242	31005
L22_V012	243	31161
L22_V012	244	31259
L22_V012	245	31358
L22_V012	246	31430
L22_V012	247	31640
L22_V012	248	31790
L22_V012	249	31914
L22_V012	250	32105
L22_V012	251	32154
L22_V012	252	32259
L22_V012	253	32462
L22_V012	254	32621
L22_V012	255	32831
L22_V012	256	32931
L22_V012	257	32988
L22_V012	258	33102
L22_V012	259	33309
L22_V012	260	33465
L22_V012	261	33507
L22_V012	262	33621
L22_V012	263	33701
L22_V012	264	33821
L22_V012	265	33941
L22_V012	266	34091
L22_V012	267	34262
L22_V012	268	34400
L22_V012	269	34440
L22_V012	270	34530
L22_V012	271	34701
L22_V012	272	34809
L22_V012	273	34973
L22_V012	274	35153
L22_V012	275	35195
L22_V012	276	35250
L22_V012	277	35397
L22_V012	278	35448
L22_V012	279	35597
L22_V012	280	35685
L22_V012	281	35711
L22_V012	282	35801
L22_V012	283	35997
L22_V013	1	0
L22_V013	2	90
L22_V013	3	270
L22_V013	4	363
L22_V013	5	399
L22_V013	6	440
L22_V013	7	564
L22_V013	8	591
L22_V013	9	741
L22_V013	10	891
L22_V013	11	942
L22_V013	12	1086
L22_V013	13	1113
L22_V013	14	1136
L22_V013	15	1316
L22_V013	16	1406
L22_V013	17	1586
L22_V013	18	1676
L22_V013	19	1805
L22_V013	20	1970
L22_V013	21	2091
L22_V013	22	2157
L22_V013	23	2319
L22_V013	24	2514
L22_V013	25	2648
L22_V013	26	2801
L22_V013	27	2831
L22_V013	28	2973
L22_V013	29	3098
L22_V013	30	3182
L22_V013	31	3321
L22_V013	32	3531
L22_V013	33	3651
L22_V013	34	3755
L22_V013	35	3915
L22_V013	36	4070
L22_V013	37	4118
L22_V013	38	4233
L22_V013	39	4349
L22_V013	40	4499
L22_V013	41	4529
L22_V013	42	4592
L22_V013	43	4671
L22_V013	44	4721
L22_V013	45	4778
L22_V013	46	4947
L22_V013	47	5034
L22_V013	48	5130
L22_V013	49	5196
L22_V013	50	5271
L22_V013	51	5325
L22_V013	52	5475
L22_V013	53	5535
L22_V013	54	5745
L22_V013	55	5835
L22_V013	56	6015
L22_V013	57	6225
L22_V013	58	6332
L22_V013	59	6515
L22_V013	60	6578
L22_V013	61	6651
L22_V013	62	6716
L22_V013	63	6801
L22_V013	64	6881
L22_V013	65	6933
L22_V013	66	6993
L22_V013	67	7023
L22_V013	68	7173
L22_V013	69	7268
L22_V013	70	7308
L22_V013	71	7367
L22_V013	72	7434
L22_V013	73	7497
L22_V013	74	7557
L22_V013	75	7698
L22_V013	76	7764
L22_V013	77	7883
L22_V013	78	7941
L22_V013	79	8004
L22_V013	80	8121
L22_V013	81	8301
L22_V013	82	8511
L22_V013	83	8615
L22_V013	84	8751
L22_V013	85	8918
L22_V013	86	9080
L22_V013	87	9170
L22_V013	88	9282
L22_V013	89	9369
L22_V013	90	9507
L22_V013	91	9612
L22_V013	92	9669
L22_V013	93	9779
L22_V013	94	9894
L22_V013	95	9959
L22_V013	96	10070
L22_V013	97	10155
L22_V013	98	10218
L22_V013	99	10341
L22_V013	100	10431
L22_V013	101	10641
L22_V013	102	10829
L22_V013	103	10941
L22_V013	104	11069
L22_V013	105	11129
L22_V013	106	11243
L22_V013	107	11325
L22_V013	108	11478
L22_V013	109	11625
L22_V013	110	11753
L22_V013	111	11841
L22_V013	112	11871
L22_V013	113	11973
L22_V013	114	12060
L22_V013	115	12098
L22_V013	116	12185
L22_V013	117	12203
L22_V013	118	12237
L22_V013	119	12357
L22_V013	120	12453
L22_V013	121	12557
L22_V013	122	12708
L22_V013	123	12719
L22_V013	124	12779
L22_V013	125	12929
L22_V013	126	13125
L22_V013	127	13314
L22_V013	128	13439
L22_V013	129	13533
L22_V013	130	13743
L22_V013	131	13875
L22_V013	132	14078
L22_V013	133	14205
L22_V013	134	14277
L22_V013	135	14382
L22_V013	136	14580
L22_V013	137	14747
L22_V013	138	14886
L22_V013	139	15096
L22_V013	140	15276
L22_V013	141	15420
L22_V013	142	15581
L22_V013	143	15678
L22_V013	144	15752
L22_V013	145	15870
L22_V013	146	15990
L22_V013	147	16050
L22_V013	148	16190
L22_V013	149	16299
L22_V013	150	16383
L22_V013	151	16539
L22_V013	152	16730
L22_V013	153	16872
L22_V013	154	16956
L22_V013	155	17064
L22_V013	156	17274
L22_V013	157	17448
L22_V013	158	17538
L22_V013	159	17687
L22_V013	160	17873
L22_V013	161	17967
L22_V013	162	18108
L22_V013	163	18296
L22_V013	164	18438
L22_V013	165	18618
L22_V013	166	18780
L22_V013	167	18893
L22_V013	168	19070
L22_V013	169	19229
L22_V013	170	19355
L22_V013	171	19565
L22_V013	172	19695
L22_V013	173	19761
L22_V013	174	19916
L22_V013	175	19977
L22_V013	176	20088
L22_V013	177	20241
L22_V013	178	20276
L22_V013	179	20477
L22_V013	180	20597
L22_V013	181	20759
L22_V013	182	20922
L22_V013	183	21110
L22_V013	184	21225
L22_V013	185	21297
L22_V013	186	21507
L22_V013	187	21705
L22_V013	188	21857
L22_V013	189	21959
L22_V013	190	22109
L22_V013	191	22254
L22_V013	192	22395
L22_V013	193	22577
L22_V013	194	22722
L22_V013	195	22805
L22_V013	196	22875
L22_V013	197	22926
L22_V013	198	23052
L22_V013	199	23112
L22_V013	200	23207
L22_V013	201	23417
L22_V013	202	23567
L22_V013	203	23693
L22_V013	204	23880
L22_V013	205	24069
L22_V013	206	24177
L22_V013	207	24339
L22_V013	208	24429
L22_V013	209	24551
L22_V013	210	24674
L22_V013	211	24840
L22_V013	212	25041
L22_V013	213	25098
L22_V013	214	25131
L22_V013	215	25316
L22_V013	216	25521
L22_V013	217	25634
L22_V013	218	25844
L22_V013	219	25994
L22_V013	220	26136
L22_V013	221	26217
L22_V013	222	26259
L22_V013	223	26318
L22_V013	224	26384
L22_V013	225	26417
L22_V013	226	26511
L22_V013	227	26595
L22_V013	228	26685
L22_V013	229	26846
L22_V013	230	26949
L22_V013	231	27008
L22_V013	232	27158
L22_V013	233	27368
L22_V013	234	27567
L22_V013	235	27741
L22_V013	236	27951
L22_V013	237	28101
L22_V013	238	28280
L22_V013	239	28409
L22_V013	240	28499
L22_V013	241	28605
L22_V013	242	28676
L22_V013	243	28725
L22_V013	244	28766
L22_V013	245	28950
L22_V013	246	29141
L22_V013	247	29318
L22_V013	248	29499
L22_V013	249	29600
L22_V013	250	29690
L22_V013	251	29835
L22_V013	252	30009
L22_V013	253	30102
L22_V013	254	30296
L22_V013	255	30498
L22_V013	256	30626
L22_V013	257	30647
L22_V013	258	30815
L22_V013	259	30935
L22_V013	260	31037
L22_V013	261	31221
L22_V013	262	31311
L22_V013	263	31470
L22_V013	264	31611
L22_V013	265	31653
L22_V013	266	31754
L22_V013	267	31800
L22_V013	268	31950
L22_V013	269	32046
L22_V013	270	32222
L22_V013	271	32402
L22_V013	272	32612
L22_V013	273	32702
L22_V013	274	32834
L22_V013	275	33044
L22_V013	276	33254
L22_V013	277	33374
L22_V013	278	33477
L22_V013	279	33654
L22_V013	280	33812
L22_V013	281	34001
L22_V013	282	34211
L22_V013	283	34397
L22_V013	284	34547
L22_V013	285	34637
L22_V013	286	34779
L22_V013	287	34883
L22_V013	288	35001
L22_V013	289	35187
L22_V013	290	35345
L22_V013	291	35516
L22_V013	292	35648
L22_V013	293	35709
L22_V013	294	35919
L22_V013	295	36009
L22_V013	296	36143
L22_V013	297	36234
L22_V013	298	36293
L22_V013	299	36503
L22_V013	300	36693
L22_V013	301	36783
L22_V013	302	36897
L22_V013	303	36951
L22_V013	304	37085
L22_V013	305	37149
L22_V013	306	37215
L22_V013	307	37256
L22_V013	308	37379
L22_V013	309	37509
L22_V013	310	37689
L22_V013	311	37890
L22_V014	1	0
L22_V014	2	90
L22_V014	3	300
L22_V014	4	471
L22_V014	5	509
L22_V014	6	549
L22_V014	7	627
L22_V014	8	704
L22_V014	9	785
L22_V014	10	821
L22_V014	11	969
L22_V014	12	1065
L22_V014	13	1275
L22_V014	14	1425
L22_V014	15	1515
L22_V014	16	1695
L22_V014	17	1835
L22_V014	18	2027
L22_V014	19	2153
L22_V014	20	2246
L22_V014	21	2409
L22_V014	22	2501
L22_V014	23	2616
L22_V014	24	2753
L22_V014	25	2876
L22_V014	26	2937
L22_V014	27	3075
L22_V014	28	3233
L22_V014	29	3417
L22_V014	30	3507
L22_V014	31	3662
L22_V014	32	3842
L22_V014	33	3983
L22_V014	34	4193
L22_V014	35	4283
L22_V014	36	4475
L22_V014	37	4521
L22_V014	38	4602
L22_V014	39	4674
L22_V014	40	4728
L22_V014	41	4758
L22_V014	42	4817
L22_V014	43	5015
L22_V014	44	5192
L22_V014	45	5232
L22_V014	46	5289
L22_V014	47	5312
L22_V014	48	5390
L22_V014	49	5441
L22_V014	50	5484
L22_V014	51	5547
L22_V014	52	5754
L22_V014	53	5844
L22_V014	54	5967
L22_V014	55	6059
L22_V014	56	6123
L22_V014	57	6186
L22_V014	58	6318
L22_V014	59	6393
L22_V014	60	6513
L22_V014	61	6723
L22_V014	62	6918
L22_V014	63	7128
L22_V014	64	7316
L22_V014	65	7497
L22_V014	66	7686
L22_V014	67	7745
L22_V014	68	7832
L22_V014	69	7914
L22_V014	70	8025
L22_V014	71	8181
L22_V014	72	8319
L22_V014	73	8349
L22_V014	74	8373
L22_V014	75	8424
L22_V014	76	8487
L22_V014	77	8538
L22_V014	78	8628
L22_V014	79	8669
L22_V014	80	8760
L22_V014	81	8970
L22_V014	82	9150
L22_V014	83	9293
L22_V014	84	9399
L22_V014	85	9609
L22_V014	86	9788
L22_V014	87	9818
L22_V014	88	9966
L22_V014	89	10154
L22_V014	90	10359
L22_V014	91	10455
L22_V014	92	10497
L22_V014	93	10614
L22_V014	94	10712
L22_V014	95	10890
L22_V014	96	11009
L22_V014	97	11069
L22_V014	98	11190
L22_V014	99	11313
L22_V014	100	11523
L22_V014	101	11708
L22_V014	102	11828
L22_V014	103	12038
L22_V014	104	12218
L22_V014	105	12389
L22_V014	106	12564
L22_V014	107	12714
L22_V014	108	12818
L22_V014	109	12861
L22_V014	110	12918
L22_V014	111	13001
L22_V014	112	13088
L22_V014	113	13208
L22_V014	114	13311
L22_V014	115	13466
L22_V014	116	13556
L22_V014	117	13736
L22_V014	118	13826
L22_V014	119	14033
L22_V014	120	14189
L22_V014	121	14388
L22_V014	122	14598
L22_V014	123	14736
L22_V014	124	14766
L22_V014	125	14946
L22_V014	126	15122
L22_V014	127	15200
L22_V014	128	15332
L22_V014	129	15453
L22_V014	130	15483
L22_V014	131	15645
L22_V014	132	15747
L22_V014	133	15867
L22_V014	134	15975
L22_V014	135	16106
L22_V014	136	16316
L22_V014	137	16431
L22_V014	138	16446
L22_V014	139	16539
L22_V014	140	16667
L22_V014	141	16751
L22_V014	142	16781
L22_V014	143	16959
L22_V014	144	16989
L22_V014	145	17138
L22_V014	146	17283
L22_V014	147	17342
L22_V014	148	17475
L22_V014	149	17582
L22_V014	150	17693
L22_V014	151	17772
L22_V014	152	17835
L22_V014	153	17889
L22_V014	154	17927
L22_V014	155	17955
L22_V014	156	17997
L22_V014	157	18117
L22_V014	158	18213
L22_V014	159	18273
L22_V014	160	18401
L22_V014	161	18527
L22_V014	162	18737
L22_V014	163	18917
L22_V014	164	19037
L22_V014	165	19200
L22_V014	166	19230
L22_V014	167	19380
L22_V014	168	19491
L22_V014	169	19551
L22_V014	170	19655
L22_V014	171	19800
L22_V014	172	19890
L22_V014	173	20018
L22_V014	174	20151
L22_V014	175	20291
L22_V014	176	20351
L22_V014	177	20481
L22_V014	178	20639
L22_V014	179	20760
L22_V014	180	20877
L22_V014	181	21087
L22_V014	182	21177
L22_V014	183	21347
L22_V014	184	21527
L22_V014	185	21624
L22_V014	186	21654
L22_V014	187	21767
L22_V014	188	21941
L22_V014	189	21971
L22_V014	190	22134
L22_V014	191	22233
L22_V014	192	22301
L22_V014	193	22428
L22_V014	194	22569
L22_V014	195	22635
L22_V014	196	22745
L22_V014	197	22797
L22_V014	198	22920
L22_V014	199	23130
L22_V014	200	23340
L22_V014	201	23447
L22_V014	202	23570
L22_V014	203	23670
L22_V014	204	23787
L22_V014	205	23817
L22_V014	206	23901
L22_V014	207	24009
L22_V014	208	24189
L22_V014	209	24267
L22_V014	210	24393
L22_V014	211	24473
L22_V014	212	24552
L22_V014	213	24614
L22_V014	214	24696
L22_V014	215	24834
L22_V014	216	24941
L22_V014	217	25151
L22_V014	218	25275
L22_V014	219	25425
L22_V014	220	25572
L22_V014	221	25692
L22_V014	222	25863
L22_V014	223	26009
L22_V014	224	26141
L22_V014	225	26286
L22_V014	226	26462
L22_V014	227	26591
L22_V014	228	26727
L22_V014	229	26819
L22_V014	230	26969
L22_V014	231	27179
L22_V014	232	27389
L22_V014	233	27479
L22_V014	234	27689
L22_V014	235	27869
L22_V014	236	27959
L22_V014	237	28134
L22_V014	238	28284
L22_V014	239	28437
L22_V014	240	28647
L22_V014	241	28773
L22_V014	242	28857
L22_V014	243	28917
L22_V014	244	29024
L22_V014	245	29109
L22_V014	246	29199
L22_V014	247	29285
L22_V014	248	29373
L22_V014	249	29456
L22_V014	250	29538
L22_V014	251	29633
L22_V014	252	29693
L22_V014	253	29735
L22_V014	254	29837
L22_V014	255	29867
L22_V014	256	30077
L22_V014	257	30227
L22_V014	258	30362
L22_V014	259	30543
L22_V014	260	30734
L22_V014	261	30821
L22_V014	262	30905
L22_V014	263	31026
L22_V014	264	31220
L22_V014	265	31310
L22_V014	266	31383
L22_V014	267	31502
L22_V014	268	31589
L22_V014	269	31667
L22_V014	270	31746
L22_V014	271	31842
L22_V014	272	31992
L22_V014	273	32172
L22_V014	274	32361
L22_V014	275	32552
L22_V014	276	32643
L22_V014	277	32754
L22_V014	278	32912
L22_V014	279	32943
L22_V014	280	33033
L22_V014	281	33243
L22_V014	282	33272
L22_V014	283	33387
L22_V014	284	33450
L22_V014	285	33660
L22_V014	286	33839
L22_V014	287	33930
L22_V015	1	0
L22_V015	2	120
L22_V015	3	270
L22_V015	4	363
L22_V015	5	431
L22_V015	6	509
L22_V015	7	584
L22_V015	8	644
L22_V015	9	732
L22_V015	10	834
L22_V015	11	882
L22_V015	12	963
L22_V015	13	1061
L22_V015	14	1134
L22_V015	15	1341
L22_V015	16	1521
L22_V015	17	1587
L22_V015	18	1689
L22_V015	19	1779
L22_V015	20	1865
L22_V015	21	1958
L22_V015	22	2063
L22_V015	23	2193
L22_V015	24	2250
L22_V015	25	2384
L22_V015	26	2460
L22_V015	27	2559
L22_V015	28	2631
L22_V015	29	2820
L22_V015	30	2930
L22_V015	31	3027
L22_V015	32	3129
L22_V015	33	3200
L22_V015	34	3255
L22_V015	35	3465
L22_V015	36	3578
L22_V015	37	3758
L22_V015	38	3945
L22_V015	39	4070
L22_V015	40	4203
L22_V015	41	4352
L22_V015	42	4397
L22_V015	43	4562
L22_V015	44	4587
L22_V015	45	4629
L22_V015	46	4689
L22_V015	47	4808
L22_V015	48	4851
L22_V015	49	5061
L22_V015	50	5229
L22_V015	51	5397
L22_V015	52	5517
L22_V015	53	5676
L22_V015	54	5807
L22_V015	55	5918
L22_V015	56	5997
L22_V015	57	6119
L22_V015	58	6225
L22_V015	59	6363
L22_V015	60	6479
L22_V015	61	6590
L22_V015	62	6800
L22_V015	63	6995
L22_V015	64	7205
L22_V015	65	7395
L22_V015	66	7599
L22_V015	67	7755
L22_V015	68	7785
L22_V015	69	7893
L22_V015	70	8036
L22_V015	71	8076
L22_V015	72	8169
L22_V015	73	8255
L22_V015	74	8313
L22_V015	75	8369
L22_V015	76	8427
L22_V015	77	8547
L22_V015	78	8609
L22_V015	79	8819
L22_V015	80	8909
L22_V015	81	9119
L22_V015	82	9327
L22_V015	83	9479
L22_V015	84	9570
L22_V015	85	9713
L22_V015	86	9858
L22_V015	87	9980
L22_V015	88	10070
L22_V015	89	10203
L22_V015	90	10263
L22_V015	91	10323
L22_V015	92	10407
L22_V015	93	10551
L22_V015	94	10587
L22_V015	95	10617
L22_V015	96	10781
L22_V015	97	10868
L22_V015	98	10950
L22_V015	99	11061
L22_V015	100	11151
L22_V015	101	11361
L22_V015	102	11571
L22_V015	103	11759
L22_V015	104	11903
L22_V015	105	12065
L22_V015	106	12221
L22_V015	107	12264
L22_V015	108	12441
L22_V015	109	12609
L22_V015	110	12789
L22_V015	111	12978
L22_V015	112	13143
L22_V015	113	13263
L22_V015	114	13392
L22_V015	115	13434
L22_V015	116	13626
L22_V015	117	13695
L22_V015	118	13832
L22_V015	119	14027
L22_V015	120	14220
L22_V015	121	14355
L22_V015	122	14546
L22_V015	123	14745
L22_V015	124	14915
L22_V015	125	15125
L22_V015	126	15218
L22_V015	127	15339
L22_V015	128	15464
L22_V015	129	15591
L22_V015	130	15771
L22_V015	131	15861
L22_V015	132	16047
L22_V015	133	16257
L22_V015	134	16401
L22_V015	135	16569
L22_V015	136	16749
L22_V015	137	16869
L22_V015	138	17019
L22_V015	139	17225
L22_V015	140	17330
L22_V015	141	17475
L22_V015	142	17606
L22_V015	143	17816
L22_V015	144	17966
L22_V015	145	18162
L22_V015	146	18252
L22_V015	147	18462
L22_V015	148	18546
L22_V015	149	18605
L22_V015	150	18795
L22_V015	151	19005
L22_V015	152	19100
L22_V015	153	19190
L22_V015	154	19391
L22_V015	155	19485
L22_V015	156	19548
L22_V015	157	19623
L22_V015	158	19814
L22_V015	159	20024
L22_V015	160	20186
L22_V015	161	20349
L22_V015	162	20442
L22_V015	163	20580
L22_V015	164	20712
L22_V015	165	20849
L22_V015	166	21042
L22_V015	167	21203
L22_V015	168	21399
L22_V015	169	21534
L22_V015	170	21737
L22_V015	171	21882
L22_V015	172	21912
L22_V015	173	22122
L22_V015	174	22319
L22_V015	175	22418
L22_V015	176	22590
L22_V015	177	22653
L22_V015	178	22791
L22_V015	179	22902
L22_V015	180	23010
L22_V015	181	23075
L22_V015	182	23139
L22_V015	183	23202
L22_V015	184	23321
L22_V015	185	23397
L22_V015	186	23532
L22_V015	187	23597
L22_V015	188	23700
L22_V015	189	23825
L22_V015	190	23915
L22_V015	191	24125
L22_V015	192	24315
L22_V015	193	24405
L22_V015	194	24605
L22_V015	195	24695
L22_V015	196	24863
L22_V015	197	25071
L22_V015	198	25206
L22_V015	199	25277
L22_V015	200	25460
L22_V015	201	25656
L22_V015	202	25815
L22_V015	203	25905
L22_V015	204	26100
L22_V015	205	26181
L22_V015	206	26234
L22_V015	207	26294
L22_V015	208	26399
L22_V015	209	26450
L22_V015	210	26660
L22_V015	211	26700
L22_V015	212	26754
L22_V015	213	26964
L22_V015	214	27155
L22_V015	215	27279
L22_V015	216	27369
L22_V015	217	27459
L22_V015	218	27561
L22_V015	219	27657
L22_V015	220	27741
L22_V015	221	27804
L22_V015	222	27897
L22_V015	223	27947
L22_V015	224	28127
L22_V015	225	28221
L22_V015	226	28431
L22_V015	227	28545
L22_V015	228	28635
L22_V015	229	28793
L22_V015	230	28845
L22_V015	231	28935
L22_V015	232	29055
L22_V015	233	29157
L22_V015	234	29301
L22_V015	235	29331
L22_V015	236	29397
L22_V015	237	29505
L22_V015	238	29622
L22_V015	239	29832
L22_V015	240	29928
L22_V015	241	30138
L22_V015	242	30321
L22_V015	243	30479
L22_V015	244	30663
L22_V015	245	30842
L22_V015	246	31052
L22_V015	247	31259
L22_V015	248	31449
L22_V015	249	31655
L22_V015	250	31745
L22_V015	251	31826
L22_V015	252	31913
L22_V015	253	32043
L22_V015	254	32187
L22_V015	255	32397
L22_V015	256	32547
L22_V015	257	32667
L22_V015	258	32787
L22_V015	259	32994
L22_V015	260	33141
L22_V015	261	33293
L22_V015	262	33348
L22_V015	263	33558
L22_V015	264	33678
L22_V015	265	33813
L22_V015	266	33933
L22_V015	267	34106
L22_V015	268	34316
L22_V015	269	34484
L22_V015	270	34646
L22_V015	271	34775
L22_V015	272	34805
L22_V015	273	34973
L22_V015	274	35096
L22_V015	275	35306
L22_V015	276	35448
L22_V015	277	35543
L22_V015	278	35735
L22_V015	279	35855
L22_V015	280	36065
L22_V015	281	36275
L22_V015	282	36365
L22_V015	283	36461
L22_V015	284	36609
L22_V015	285	36699
L22_V015	286	36867
L22_V015	287	36957
L22_V015	288	37073
L22_V015	289	37229
L22_V015	290	37373
L22_V015	291	37575
L22_V015	292	37785
L22_V015	293	37905
L22_V015	294	38088
L22_V015	295	38226
L22_V015	296	38283
L22_V015	297	38372
L22_V015	298	38481
L22_V015	299	38691
L22_V015	300	38847
L22_V015	301	39057
L22_V017	1	0
L22_V017	2	90
L22_V017	3	259
L22_V017	4	360
L22_V017	5	420
L22_V017	6	509
L22_V017	7	547
L22_V017	8	671
L22_V017	9	769
L22_V017	10	843
L22_V017	11	1018
L22_V017	12	1153
L22_V017	13	1192
L22_V017	14	1227
L22_V017	15	1290
L22_V017	16	1412
L22_V017	17	1462
L22_V017	18	1559
L22_V017	19	1620
L22_V017	20	1770
L22_V017	21	1838
L22_V017	22	1903
L22_V017	23	1967
L22_V017	24	2019
L22_V017	25	2039
L22_V017	26	2121
L22_V017	27	2166
L22_V017	28	2277
L22_V017	29	2319
L22_V017	30	2490
L22_V017	31	2655
L22_V017	32	2821
L22_V017	33	2970
L22_V017	34	3090
L22_V017	35	3180
L22_V017	36	3329
L22_V017	37	3446
L22_V017	38	3482
L22_V017	39	3529
L22_V017	40	3643
L22_V017	41	3690
L22_V017	42	3865
L22_V017	43	3960
L22_V017	44	4054
L22_V017	45	4200
L22_V017	46	4350
L22_V017	47	4500
L22_V017	48	4560
L22_V017	49	4628
L22_V017	50	4650
L22_V017	51	4740
L22_V017	52	4770
L22_V017	53	4884
L22_V017	54	4920
L22_V017	55	5070
L22_V017	56	5147
L22_V017	57	5199
L22_V017	58	5306
L22_V017	59	5370
L22_V017	60	5490
L22_V017	61	5610
L22_V017	62	5732
L22_V017	63	5907
L22_V017	64	6030
L22_V017	65	6180
L22_V017	66	6332
L22_V017	67	6492
L22_V017	68	6638
L22_V017	69	6745
L22_V017	70	6809
L22_V017	71	6930
L22_V017	72	7005
L22_V017	73	7020
L22_V017	74	7123
L22_V017	75	7170
L22_V017	76	7275
L22_V017	77	7320
L22_V017	78	7408
L22_V017	79	7470
L22_V017	80	7590
L22_V017	81	7692
L22_V017	82	7740
L22_V017	83	7814
L22_V017	84	7830
L22_V017	85	7895
L22_V017	86	7945
L22_V017	87	8120
L22_V017	88	8280
L22_V017	89	8412
L22_V017	90	8580
L22_V017	91	8700
L22_V017	92	8780
L22_V017	93	8820
L22_V017	94	8939
L22_V017	95	9030
L22_V017	96	9150
L22_V017	97	9284
L22_V017	98	9402
L22_V017	99	9480
L22_V017	100	9548
L22_V017	101	9630
L22_V017	102	9721
L22_V017	103	9774
L22_V017	104	9877
L22_V017	105	9900
L22_V017	106	9983
L22_V017	107	10020
L22_V017	108	10160
L22_V017	109	10170
L22_V017	110	10341
L22_V017	111	10515
L22_V017	112	10590
L22_V017	113	10710
L22_V017	114	10883
L22_V017	115	10958
L22_V017	116	11130
L22_V017	117	11259
L22_V017	118	11379
L22_V017	119	11430
L22_V017	120	11536
L22_V017	121	11593
L22_V017	122	11700
L22_V017	123	11795
L22_V017	124	11850
L22_V017	125	12010
L22_V017	126	12180
L22_V017	127	12341
L22_V017	128	12442
L22_V017	129	12542
L22_V017	130	12644
L22_V017	131	12750
L22_V017	132	12840
L22_V017	133	12926
L22_V017	134	13101
L22_V017	135	13197
L22_V017	136	13335
L22_V017	137	13410
L22_V017	138	13560
L22_V017	139	13716
L22_V017	140	13851
L22_V017	141	13950
L22_V017	142	14036
L22_V017	143	14105
L22_V017	144	14177
L22_V017	145	14340
L22_V017	146	14416
L22_V017	147	14516
L22_V017	148	14594
L22_V017	149	14760
L22_V017	150	14910
L22_V017	151	15060
L22_V017	152	15231
L22_V017	153	15406
L22_V017	154	15541
L22_V017	155	15694
L22_V017	156	15780
L22_V017	157	15899
L22_V017	158	15974
L22_V017	159	16061
L22_V017	160	16147
L22_V017	161	16286
L22_V017	162	16406
L22_V017	163	16563
L22_V017	164	16738
L22_V017	165	16860
L22_V017	166	16935
L22_V017	167	17100
L22_V017	168	17220
L22_V017	169	17370
L22_V017	170	17525
L22_V017	171	17640
L22_V017	172	17758
L22_V017	173	17921
L22_V017	174	18096
L22_V017	175	18237
L22_V017	176	18376
L22_V017	177	18451
L22_V017	178	18574
L22_V017	179	18664
L22_V017	180	18731
L22_V017	181	18885
L22_V017	182	18982
L22_V017	183	19080
L22_V017	184	19231
L22_V017	185	19380
L22_V017	186	19555
L22_V017	187	19730
L22_V017	188	19809
L22_V017	189	19909
L22_V017	190	20067
L22_V017	191	20142
L22_V017	192	20310
L22_V017	193	20430
L22_V017	194	20557
L22_V017	195	20700
L22_V017	196	20863
L22_V017	197	20927
L22_V017	198	20940
L22_V017	199	21050
L22_V017	200	21180
L22_V017	201	21257
L22_V017	202	21390
L22_V017	203	21540
L22_V017	204	21690
L22_V017	205	21844
L22_V017	206	21991
L22_V017	207	22140
L22_V017	208	22260
L22_V017	209	22423
L22_V017	210	22590
L22_V017	211	22680
L22_V017	212	22807
L22_V017	213	22830
L22_V017	214	22920
L22_V017	215	23027
L22_V017	216	23088
L22_V017	217	23150
L22_V017	218	23160
L22_V017	219	23279
L22_V017	220	23454
L22_V017	221	23550
L22_V017	222	23638
L22_V017	223	23755
L22_V017	224	23910
L22_V017	225	23997
L22_V017	226	24078
L22_V017	227	24227
L22_V017	228	24360
L22_V017	229	24510
L22_V017	230	24528
L22_V017	231	24642
L22_V017	232	24660
L22_V017	233	24761
L22_V017	234	24815
L22_V017	235	24861
L22_V017	236	24990
L22_V017	237	25107
L22_V017	238	25140
L22_V017	239	25225
L22_V017	240	25335
L22_V017	241	25350
L22_V017	242	25424
L22_V017	243	25500
L22_V017	244	25608
L22_V017	245	25620
L22_V017	246	25708
L22_V017	247	25810
L22_V017	248	25830
L22_V017	249	25999
L22_V017	250	26117
L22_V017	251	26261
L22_V017	252	26338
L22_V017	253	26489
L22_V017	254	26575
L22_V017	255	26674
L22_V017	256	26700
L22_V017	257	26820
L22_V017	258	26992
L22_V017	259	27067
L22_V017	260	27239
L22_V017	261	27389
L22_V018	1	0
L22_V018	2	120
L22_V018	3	294
L22_V018	4	371
L22_V018	5	384
L22_V018	6	434
L22_V018	7	554
L22_V018	8	585
L22_V018	9	726
L22_V018	10	837
L22_V018	11	903
L22_V018	12	956
L22_V018	13	1163
L22_V018	14	1343
L22_V018	15	1479
L22_V018	16	1545
L22_V018	17	1619
L22_V018	18	1683
L22_V018	19	1749
L22_V018	20	1779
L22_V018	21	1896
L22_V018	22	2003
L22_V018	23	2087
L22_V018	24	2229
L22_V018	25	2274
L22_V018	26	2381
L22_V018	27	2411
L22_V018	28	2523
L22_V018	29	2645
L22_V018	30	2699
L22_V018	31	2769
L22_V018	32	2819
L22_V018	33	2901
L22_V018	34	2927
L22_V018	35	3089
L22_V018	36	3299
L22_V018	37	3509
L22_V018	38	3603
L22_V018	39	3774
L22_V018	40	3809
L22_V018	41	3935
L22_V018	42	4080
L22_V018	43	4110
L22_V018	44	4179
L22_V018	45	4233
L22_V018	46	4343
L22_V018	47	4404
L22_V018	48	4434
L22_V018	49	4530
L22_V018	50	4557
L22_V018	51	4767
L22_V018	52	4977
L22_V018	53	5097
L22_V018	54	5294
L22_V018	55	5427
L22_V018	56	5499
L22_V018	57	5589
L22_V018	58	5739
L22_V018	59	5937
L22_V018	60	6077
L22_V018	61	6287
L22_V018	62	6497
L22_V018	63	6594
L22_V018	64	6714
L22_V018	65	6765
L22_V018	66	6944
L22_V018	67	6975
L22_V018	68	7068
L22_V018	69	7122
L22_V018	70	7268
L22_V018	71	7382
L22_V018	72	7463
L22_V018	73	7506
L22_V018	74	7601
L22_V018	75	7643
L22_V018	76	7794
L22_V018	77	7841
L22_V018	78	7871
L22_V018	79	8018
L22_V018	80	8129
L22_V018	81	8225
L22_V018	82	8306
L22_V018	83	8361
L22_V018	84	8423
L22_V018	85	8547
L22_V018	86	8667
L22_V018	87	8870
L22_V018	88	8966
L22_V018	89	9107
L22_V018	90	9227
L22_V018	91	9318
L22_V018	92	9470
L22_V018	93	9554
L22_V018	94	9629
L22_V018	95	9774
L22_V018	96	9836
L22_V018	97	10013
L22_V018	98	10220
L22_V018	99	10298
L22_V018	100	10418
L22_V018	101	10496
L22_V018	102	10569
L22_V018	103	10779
L22_V018	104	10899
L22_V018	105	10997
L22_V018	106	11129
L22_V018	107	11241
L22_V018	108	11369
L22_V018	109	11469
L22_V018	110	11549
L22_V018	111	11654
L22_V018	112	11748
L22_V018	113	11840
L22_V018	114	11915
L22_V018	115	12065
L22_V018	116	12147
L22_V018	117	12261
L22_V018	118	12393
L22_V018	119	12471
L22_V018	120	12681
L22_V018	121	12801
L22_V018	122	12902
L22_V018	123	13049
L22_V018	124	13199
L22_V018	125	13259
L22_V018	126	13380
L22_V018	127	13442
L22_V018	128	13557
L22_V018	129	13629
L22_V018	130	13679
L22_V018	131	13709
L22_V018	132	13794
L22_V018	133	13847
L22_V018	134	13977
L22_V018	135	14069
L22_V018	136	14141
L22_V018	137	14219
L22_V018	138	14249
L22_V018	139	14376
L22_V018	140	14475
L22_V018	141	14577
L22_V018	142	14607
L22_V018	143	14727
L22_V018	144	14823
L22_V018	145	14913
L22_V018	146	15087
L22_V018	147	15267
L22_V018	148	15357
L22_V018	149	15537
L22_V018	150	15630
L22_V018	151	15809
L22_V018	152	15981
L22_V018	153	16188
L22_V018	154	16397
L22_V018	155	16517
L22_V018	156	16706
L22_V018	157	16856
L22_V018	158	16956
L22_V018	159	17166
L22_V018	160	17256
L22_V018	161	17360
L22_V018	162	17396
L22_V018	163	17498
L22_V018	164	17625
L22_V018	165	17700
L22_V018	166	17768
L22_V018	167	17820
L22_V018	168	17924
L22_V018	169	18017
L22_V018	170	18222
L22_V018	171	18383
L22_V018	172	18483
L22_V018	173	18642
L22_V018	174	18759
L22_V018	175	18801
L22_V018	176	18905
L22_V018	177	19031
L22_V018	178	19241
L22_V018	179	19391
L22_V018	180	19497
L22_V018	181	19677
L22_V018	182	19848
L22_V018	183	19992
L22_V018	184	20091
L22_V018	185	20267
L22_V018	186	20469
L22_V018	187	20637
L22_V018	188	20732
L22_V018	189	20846
L22_V018	190	20966
L22_V018	191	21026
L22_V018	192	21236
L22_V018	193	21416
L22_V018	194	21549
L22_V018	195	21756
L22_V018	196	21887
L22_V018	197	21999
L22_V018	198	22167
L22_V018	199	22308
L22_V018	200	22500
L22_V018	201	22667
L22_V018	202	22785
L22_V018	203	22872
L22_V018	204	23001
L22_V018	205	23109
L22_V018	206	23316
L22_V018	207	23469
L22_V018	208	23637
L22_V018	209	23817
L22_V018	210	24027
L22_V018	211	24167
L22_V018	212	24308
L22_V018	213	24351
L22_V018	214	24527
L22_V018	215	24621
L22_V018	216	24801
L22_V018	217	24822
L22_V018	218	24983
L22_V018	219	25115
L22_V018	220	25208
L22_V018	221	25314
L22_V018	222	25524
L22_V018	223	25614
L22_V018	224	25785
L22_V018	225	25967
L22_V018	226	26045
L22_V018	227	26141
L22_V018	228	26171
L22_V018	229	26279
L22_V018	230	26379
L22_V018	231	26499
L22_V018	232	26673
L22_V018	233	26705
L22_V018	234	26805
L22_V018	235	26889
L22_V018	236	26958
L22_V018	237	27167
L22_V018	238	27258
L22_V018	239	27327
L22_V018	240	27411
L22_V018	241	27590
L22_V018	242	27620
L22_V018	243	27737
L22_V018	244	27869
L22_V018	245	27983
L22_V018	246	28013
L22_V018	247	28103
L22_V018	248	28223
L22_V018	249	28325
L22_V018	250	28422
L22_V018	251	28491
L22_V018	252	28620
L22_V018	253	28733
L22_V018	254	28743
L22_V018	255	28910
L22_V018	256	28959
L22_V018	257	29109
L22_V018	258	29207
L22_V018	259	29256
L22_V018	260	29267
L22_V018	261	29417
L22_V018	262	29619
L22_V018	263	29709
L22_V018	264	29823
L22_V018	265	30009
L22_V018	266	30153
L22_V018	267	30212
L22_V018	268	30315
L22_V018	269	30431
L22_V018	270	30602
L22_V018	271	30750
L22_V018	272	30840
L22_V018	273	31032
L22_V018	274	31182
L22_V018	275	31292
L22_V018	276	31482
L22_V018	277	31634
L22_V018	278	31733
L22_V018	279	31943
L22_V018	280	32076
L22_V018	281	32237
L22_V018	282	32381
L22_V018	283	32526
L22_V018	284	32661
L22_V018	285	32828
L22_V018	286	32991
L22_V018	287	33027
L22_V018	288	33237
L22_V018	289	33327
L22_V018	290	33501
L22_V018	291	33602
L22_V018	292	33765
L22_V018	293	33962
L22_V018	294	34053
L22_V018	295	34143
L22_V018	296	34293
L22_V018	297	34475
L22_V018	298	34643
L22_V018	299	34778
L22_V018	300	34833
L22_V018	301	35043
L22_V018	302	35163
L22_V018	303	35285
L22_V018	304	35427
L22_V018	305	35529
L22_V018	306	35619
L22_V018	307	35679
L22_V018	308	35769
L22_V018	309	35925
L22_V018	310	36105
L22_V018	311	36216
L22_V018	312	36362
L22_V018	313	36428
L22_V018	314	36557
L22_V018	315	36767
L22_V018	316	36945
L22_V018	317	37023
L22_V018	318	37091
L22_V018	319	37211
L22_V018	320	37347
L22_V018	321	37491
L22_V018	322	37635
L22_V018	323	37745
L22_V018	324	37832
L22_V018	325	37977
L22_V018	326	38081
L22_V018	327	38111
L22_V018	328	38321
L22_V018	329	38423
L22_V018	330	38513
L22_V018	331	38649
L22_V018	332	38721
L22_V018	333	38813
L22_V018	334	38861
L22_V018	335	39071
L22_V018	336	39267
L22_V018	337	39477
L22_V018	338	39608
L22_V018	339	39794
L22_V018	340	39944
L22_V018	341	40034
L22_V018	342	40070
L22_V018	343	40190
L22_V018	344	40367
L22_V018	345	40397
L22_V018	346	40526
L22_V018	347	40601
L22_V018	348	40694
L22_V018	349	40769
L22_V018	350	40979
L22_V018	351	41129
L22_V022	1	0
L22_V022	2	90
L22_V022	3	300
L22_V022	4	450
L22_V022	5	555
L22_V022	6	578
L22_V022	7	615
L22_V022	8	675
L22_V022	9	768
L22_V022	10	798
L22_V022	11	917
L22_V022	12	1067
L22_V022	13	1266
L22_V022	14	1310
L22_V022	15	1430
L22_V022	16	1640
L22_V022	17	1820
L22_V022	18	1935
L22_V022	19	2010
L22_V022	20	2190
L22_V022	21	2280
L22_V022	22	2424
L22_V022	23	2490
L22_V022	24	2550
L22_V022	25	2607
L22_V022	26	2642
L22_V022	27	2697
L22_V022	28	2769
L22_V022	29	2840
L22_V022	30	2909
L22_V022	31	2957
L22_V022	32	3138
L22_V022	33	3284
L22_V022	34	3399
L22_V022	35	3572
L22_V022	36	3693
L22_V022	37	3791
L22_V022	38	3833
L22_V022	39	4043
L22_V022	40	4173
L22_V022	41	4224
L22_V022	42	4307
L22_V022	43	4472
L22_V022	44	4598
L22_V022	45	4773
L22_V022	46	4958
L22_V022	47	5036
L22_V022	48	5078
L22_V022	49	5087
L22_V022	50	5297
L22_V022	51	5387
L22_V022	52	5556
L22_V022	53	5625
L22_V022	54	5685
L22_V022	55	5837
L22_V022	56	6017
L22_V022	57	6129
L22_V022	58	6243
L22_V022	59	6330
L22_V022	60	6420
L22_V022	61	6569
L22_V022	62	6681
L22_V022	63	6746
L22_V022	64	6881
L22_V022	65	7047
L22_V022	66	7182
L22_V022	67	7233
L22_V022	68	7443
L22_V022	69	7563
L22_V022	70	7655
L22_V022	71	7796
L22_V022	72	7926
L22_V022	73	7998
L22_V022	74	8084
L22_V022	75	8139
L22_V022	76	8331
L22_V022	77	8412
L22_V022	78	8502
L22_V022	79	8559
L22_V022	80	8628
L22_V022	81	8697
L22_V022	82	8841
L22_V022	83	8990
L22_V022	84	9102
L22_V022	85	9203
L22_V022	86	9413
L22_V022	87	9510
L22_V022	88	9630
L22_V022	89	9825
L22_V022	90	10023
L22_V022	91	10143
L22_V022	92	10268
L22_V022	93	10331
L22_V022	94	10446
L22_V022	95	10473
L22_V022	96	10509
L22_V022	97	10629
L22_V022	98	10725
L22_V022	99	10815
L22_V022	100	10979
L22_V022	101	11022
L22_V022	102	11039
L22_V022	103	11231
L22_V022	104	11339
L22_V022	105	11447
L22_V022	106	11537
L22_V022	107	11726
L22_V022	108	11876
L22_V022	109	12027
L22_V022	110	12114
L22_V022	111	12234
L22_V022	112	12444
L22_V022	113	12654
L22_V022	114	12792
L22_V022	115	13002
L22_V022	116	13107
L22_V022	117	13235
L22_V022	118	13377
L22_V022	119	13476
L22_V022	120	13674
L22_V022	121	13782
L22_V022	122	13956
L22_V022	123	14069
L22_V022	124	14219
L22_V022	125	14399
L22_V022	126	14508
L22_V022	127	14657
L22_V022	128	14781
L22_V022	129	14898
L22_V022	130	15045
L22_V022	131	15153
L22_V022	132	15215
L22_V022	133	15353
L22_V022	134	15447
L22_V022	135	15582
L22_V022	136	15648
L22_V022	137	15755
L22_V022	138	15803
L22_V022	139	15950
L22_V022	140	16077
L22_V022	141	16146
L22_V022	142	16227
L22_V022	143	16437
L22_V022	144	16611
L22_V022	145	16755
L22_V022	146	16871
L22_V022	147	16956
L22_V022	148	17069
L22_V022	149	17253
L22_V022	150	17375
L22_V022	151	17550
L22_V022	152	17759
L22_V022	153	17961
L22_V022	154	18159
L22_V022	155	18290
L22_V022	156	18396
L22_V022	157	18441
L22_V022	158	18572
L22_V022	159	18632
L22_V022	160	18765
L22_V022	161	18855
L22_V022	162	19002
L22_V022	163	19161
L22_V022	164	19347
L22_V022	165	19517
L22_V022	166	19655
L22_V022	167	19821
L22_V022	168	19923
L22_V022	169	20013
L22_V022	170	20091
L22_V022	171	20144
L22_V022	172	20234
L22_V022	173	20424
L22_V022	174	20594
L22_V022	175	20804
L22_V022	176	20954
L22_V022	177	21059
L22_V022	178	21179
L22_V022	179	21323
L22_V022	180	21353
L22_V022	181	21543
L22_V022	182	21669
L22_V022	183	21725
L22_V022	184	21879
L22_V022	185	21975
L22_V022	186	22088
L22_V022	187	22193
L22_V022	188	22269
L22_V022	189	22349
L22_V022	190	22449
L22_V022	191	22556
L22_V022	192	22766
L22_V022	193	22910
L22_V022	194	23093
L22_V022	195	23301
L22_V022	196	23487
L22_V022	197	23591
L22_V022	198	23739
L22_V022	199	23949
L22_V022	200	24069
L22_V022	201	24216
L22_V022	202	24309
L22_V022	203	24449
L22_V022	204	24636
L22_V022	205	24728
L22_V022	206	24872
L22_V022	207	24932
L22_V022	208	25113
L22_V022	209	25182
L22_V022	210	25241
L22_V022	211	25421
L22_V022	212	25512
L22_V022	213	25700
L22_V022	214	25865
L22_V022	215	25992
L22_V022	216	26129
L22_V022	217	26279
L22_V022	218	26433
L22_V022	219	26631
L22_V022	220	26841
L22_V022	221	26937
L22_V022	222	27066
L22_V022	223	27276
L22_V022	224	27411
L22_V022	225	27561
L22_V022	226	27731
L22_V022	227	27915
L22_V022	228	28005
L22_V022	229	28215
L22_V022	230	28401
L22_V022	231	28611
L22_V022	232	28701
L22_V022	233	28907
L22_V022	234	29022
L22_V022	235	29120
L22_V022	236	29150
L22_V022	237	29277
L22_V022	238	29342
L22_V022	239	29481
L22_V022	240	29543
L22_V022	241	29663
L22_V022	242	29805
L22_V022	243	30015
L22_V022	244	30113
L22_V022	245	30182
L22_V022	246	30257
L22_V022	247	30441
L22_V022	248	30648
L22_V022	249	30842
L22_V022	250	30987
L22_V022	251	31094
L22_V022	252	31304
L22_V022	253	31481
L22_V022	254	31677
L22_V022	255	31817
L22_V022	256	31899
L22_V022	257	32012
L22_V022	258	32072
L22_V022	259	32120
L22_V022	260	32330
L22_V022	261	32430
L22_V022	262	32580
L22_V022	263	32685
L22_V022	264	32715
L22_V022	265	32835
L22_V022	266	32999
L22_V022	267	33135
L22_V022	268	33191
L22_V022	269	33329
L22_V022	270	33372
L22_V022	271	33455
L22_V022	272	33566
L22_V022	273	33653
L22_V022	274	33773
L22_V022	275	33983
L22_V023	1	0
L22_V023	2	90
L22_V023	3	265
L22_V023	4	374
L22_V023	5	434
L22_V023	6	450
L22_V023	7	540
L22_V023	8	561
L22_V023	9	654
L22_V023	10	685
L22_V023	11	850
L22_V023	12	930
L22_V023	13	1105
L22_V023	14	1268
L22_V023	15	1380
L22_V023	16	1470
L22_V023	17	1553
L22_V023	18	1598
L22_V023	19	1642
L22_V023	20	1719
L22_V023	21	1800
L22_V023	22	1892
L22_V023	23	1950
L22_V023	24	2039
L22_V023	25	2190
L22_V023	26	2280
L22_V023	27	2411
L22_V023	28	2430
L22_V023	29	2507
L22_V023	30	2580
L22_V023	31	2670
L22_V023	32	2746
L22_V023	33	2773
L22_V023	34	2940
L22_V023	35	3086
L22_V023	36	3210
L22_V023	37	3326
L22_V023	38	3421
L22_V023	39	3556
L22_V023	40	3590
L22_V023	41	3702
L22_V023	42	3759
L22_V023	43	3818
L22_V023	44	3886
L22_V023	45	4035
L22_V023	46	4050
L22_V023	47	4142
L22_V023	48	4207
L22_V023	49	4258
L22_V023	50	4308
L22_V023	51	4380
L22_V023	52	4425
L22_V023	53	4461
L22_V023	54	4548
L22_V023	55	4723
L22_V023	56	4860
L22_V023	57	4945
L22_V023	58	5070
L22_V023	59	5215
L22_V023	60	5344
L22_V023	61	5377
L22_V023	62	5527
L22_V023	63	5604
L22_V023	64	5678
L22_V023	65	5763
L22_V023	66	5850
L22_V023	67	5970
L22_V023	68	6092
L22_V023	69	6255
L22_V023	70	6330
L22_V023	71	6420
L22_V023	72	6470
L22_V023	73	6569
L22_V023	74	6734
L22_V023	75	6809
L22_V023	76	6967
L22_V023	77	7140
L22_V023	78	7225
L22_V023	79	7316
L22_V023	80	7475
L22_V023	81	7548
L22_V023	82	7579
L22_V023	83	7654
L22_V023	84	7783
L22_V023	85	7859
L22_V023	86	7959
L22_V023	87	8031
L22_V023	88	8091
L22_V023	89	8131
L22_V023	90	8217
L22_V023	91	8278
L22_V023	92	8358
L22_V023	93	8461
L22_V023	94	8636
L22_V023	95	8802
L22_V023	96	8940
L22_V023	97	9090
L22_V023	98	9155
L22_V023	99	9236
L22_V023	100	9390
L22_V023	101	9557
L22_V023	102	9732
L22_V023	103	9874
L22_V023	104	9970
L22_V023	105	10125
L22_V023	106	10160
L22_V023	107	10200
L22_V023	108	10340
L22_V023	109	10350
L22_V023	110	10484
L22_V023	111	10594
L22_V023	112	10650
L22_V023	113	10825
L22_V023	114	10920
L22_V023	115	11015
L22_V023	116	11160
L22_V023	117	11293
L22_V023	118	11310
L22_V023	119	11460
L22_V023	120	11610
L22_V023	121	11730
L22_V023	122	11850
L22_V023	123	11970
L22_V023	124	12060
L22_V023	125	12210
L22_V023	126	12300
L22_V023	127	12393
L22_V023	128	12568
L22_V023	129	12690
L22_V023	130	12777
L22_V023	131	12900
L22_V023	132	13011
L22_V023	133	13019
L22_V023	134	13169
L22_V023	135	13277
L22_V023	136	13319
L22_V023	137	13469
L22_V023	138	13619
L22_V023	139	13710
L22_V023	140	13860
L22_V023	141	13950
L22_V023	142	14040
L22_V023	143	14190
L22_V023	144	14327
L22_V023	145	14405
L22_V023	146	14481
L22_V023	147	14559
L22_V023	148	14700
L22_V023	149	14850
L22_V023	150	15000
L22_V023	151	15150
L22_V023	152	15240
L22_V023	153	15390
L22_V023	154	15518
L22_V023	155	15630
L22_V023	156	15765
L22_V023	157	15900
L22_V023	158	16075
L22_V023	159	16169
L22_V023	160	16294
L22_V023	161	16380
L22_V023	162	16543
L22_V023	163	16616
L22_V023	164	16680
L22_V023	165	16805
L22_V023	166	16924
L22_V023	167	16992
L22_V023	168	17066
L22_V023	169	17070
L22_V023	170	17140
L22_V023	171	17220
L22_V023	172	17265
L22_V023	173	17318
L22_V023	174	17377
L22_V023	175	17506
L22_V023	176	17681
L22_V023	177	17820
L22_V023	178	17970
L22_V023	179	18045
L22_V023	180	18180
L22_V023	181	18279
L22_V023	182	18300
L22_V023	183	18450
L22_V023	184	18540
L22_V023	185	18648
L22_V023	186	18791
L22_V023	187	18898
L22_V023	188	19022
L22_V023	189	19196
L22_V023	190	19371
L22_V023	191	19402
L22_V023	192	19470
L22_V023	193	19546
L22_V023	194	19582
L22_V023	195	19726
L22_V023	196	19740
L22_V023	197	19830
L22_V023	198	19841
L22_V023	199	19950
L22_V023	200	20060
L22_V023	201	20135
L22_V023	202	20220
L22_V023	203	20376
L22_V023	204	20550
L22_V023	205	20700
L22_V023	206	20873
L22_V023	207	20960
L22_V023	208	21048
L22_V023	209	21180
L22_V023	210	21284
L22_V023	211	21390
L22_V023	212	21510
L22_V023	213	21660
L22_V023	214	21744
L22_V023	215	21810
L22_V023	216	21982
L22_V023	217	22157
L22_V023	218	22260
L22_V023	219	22335
L22_V023	220	22440
L22_V023	221	22589
L22_V023	222	22689
L22_V023	223	22789
L22_V023	224	22849
L22_V023	225	22950
L22_V023	226	22989
L22_V023	227	23066
L22_V023	228	23150
L22_V023	229	23220
L22_V023	230	23386
L22_V023	231	23461
L22_V023	232	23490
L22_V023	233	23665
L22_V023	234	23821
L22_V023	235	23963
L22_V023	236	24071
L22_V023	237	24146
L22_V023	238	24236
L22_V023	239	24274
L22_V023	240	24330
L22_V023	241	24376
L22_V023	242	24420
L22_V023	243	24531
L22_V023	244	24660
L22_V023	245	24810
L22_V023	246	24985
L22_V023	247	25080
L22_V023	248	25203
L22_V023	249	25350
L22_V023	250	25512
L22_V023	251	25687
L22_V023	252	25818
L22_V023	253	25885
L22_V023	254	25949
L22_V023	255	26008
L22_V023	256	26100
L22_V023	257	26275
L22_V023	258	26370
L22_V023	259	26482
L22_V023	260	26580
L22_V023	261	26689
L22_V023	262	26820
L22_V023	263	26949
L22_V023	264	27033
L22_V023	265	27180
L22_V023	266	27285
L22_V023	267	27414
L22_V023	268	27526
L22_V023	269	27639
L22_V023	270	27662
L22_V023	271	27837
L22_V023	272	27933
L22_V023	273	28050
L22_V023	274	28139
L22_V023	275	28289
L22_V023	276	28464
L22_V023	277	28620
L22_V023	278	28792
L22_V023	279	28920
L22_V023	280	29064
L22_V023	281	29108
L22_V023	282	29189
L22_V023	283	29339
L22_V023	284	29460
L22_V023	285	29550
L22_V023	286	29580
L22_V023	287	29663
L22_V023	288	29769
L22_V023	289	29789
L22_V023	290	29880
L22_V023	291	30011
L22_V023	292	30149
L22_V023	293	30180
L22_V023	294	30300
L22_V023	295	30402
L22_V023	296	30450
L22_V023	297	30600
L22_V023	298	30626
L22_V023	299	30750
L22_V023	300	30900
L22_V024	1	0
L22_V024	2	90
L22_V024	3	254
L22_V024	4	336
L22_V024	5	354
L22_V024	6	387
L22_V024	7	514
L22_V024	8	609
L22_V024	9	638
L22_V024	10	761
L22_V024	11	811
L22_V024	12	986
L22_V024	13	1137
L22_V024	14	1278
L22_V024	15	1346
L22_V024	16	1380
L22_V024	17	1406
L22_V024	18	1470
L22_V024	19	1541
L22_V024	20	1607
L22_V024	21	1739
L22_V024	22	1819
L22_V024	23	1860
L22_V024	24	1950
L22_V024	25	2018
L22_V024	26	2192
L22_V024	27	2354
L22_V024	28	2520
L22_V024	29	2610
L22_V024	30	2760
L22_V024	31	2802
L22_V024	32	2891
L22_V024	33	2921
L22_V024	34	3060
L22_V024	35	3153
L22_V024	36	3180
L22_V024	37	3270
L22_V024	38	3404
L22_V024	39	3479
L22_V024	40	3597
L22_V024	41	3629
L22_V024	42	3720
L22_V024	43	3829
L22_V024	44	3960
L22_V024	45	4040
L22_V024	46	4200
L22_V024	47	4306
L22_V024	48	4350
L22_V024	49	4426
L22_V024	50	4497
L22_V024	51	4672
L22_V024	52	4785
L22_V024	53	4863
L22_V024	54	5010
L22_V024	55	5060
L22_V024	56	5171
L22_V024	57	5274
L22_V024	58	5340
L22_V024	59	5399
L22_V024	60	5471
L22_V024	61	5559
L22_V024	62	5641
L22_V024	63	5784
L22_V024	64	5910
L22_V024	65	5989
L22_V024	66	6120
L22_V024	67	6188
L22_V024	68	6270
L22_V024	69	6348
L22_V024	70	6443
L22_V024	71	6615
L22_V024	72	6750
L22_V024	73	6838
L22_V024	74	6929
L22_V024	75	6990
L22_V024	76	7086
L22_V024	77	7163
L22_V024	78	7219
L22_V024	79	7259
L22_V024	80	7323
L22_V024	81	7461
L22_V024	82	7484
L22_V024	83	7519
L22_V024	84	7645
L22_V024	85	7720
L22_V024	86	7894
L22_V024	87	7980
L22_V024	88	8079
L22_V024	89	8130
L22_V024	90	8280
L22_V024	91	8455
L22_V024	92	8550
L22_V024	93	8645
L22_V024	94	8820
L22_V024	95	8910
L22_V024	96	8948
L22_V024	97	9078
L22_V024	98	9118
L22_V024	99	9208
L22_V024	100	9347
L22_V024	101	9499
L22_V024	102	9608
L22_V024	103	9727
L22_V024	104	9829
L22_V024	105	9897
L22_V024	106	9974
L22_V024	107	10072
L22_V024	108	10153
L22_V024	109	10170
L22_V024	110	10262
L22_V024	111	10290
L22_V024	112	10465
L22_V024	113	10606
L22_V024	114	10699
L22_V024	115	10830
L22_V024	116	10886
L22_V024	117	10964
L22_V024	118	11080
L22_V024	119	11155
L22_V024	120	11262
L22_V024	121	11370
L22_V024	122	11513
L22_V024	123	11568
L22_V024	124	11670
L22_V024	125	11795
L22_V024	126	11837
L22_V024	127	12012
L22_V024	128	12134
L22_V024	129	12309
L22_V024	130	12427
L22_V024	131	12450
L22_V024	132	12606
L22_V024	133	12690
L22_V024	134	12778
L22_V024	135	12844
L22_V024	136	12966
L22_V024	137	12990
L22_V024	138	13083
L22_V024	139	13235
L22_V024	140	13380
L22_V024	141	13469
L22_V024	142	13590
L22_V024	143	13710
L22_V024	144	13790
L22_V024	145	13950
L22_V024	146	14062
L22_V024	147	14138
L22_V024	148	14280
L22_V024	149	14430
L22_V024	150	14519
L22_V024	151	14668
L22_V024	152	14753
L22_V024	153	14904
L22_V024	154	15041
L22_V024	155	15216
L22_V024	156	15330
L22_V024	157	15432
L22_V024	158	15591
L22_V024	159	15719
L22_V024	160	15869
L22_V024	161	16010
L22_V024	162	16110
L22_V024	163	16200
L22_V024	164	16375
L22_V024	165	16470
L22_V024	166	16604
L22_V024	167	16740
L22_V024	168	16875
L22_V024	169	16950
L22_V024	170	17061
L22_V024	171	17070
L22_V024	172	17153
L22_V024	173	17328
L22_V024	174	17502
L22_V024	175	17627
L22_V024	176	17790
L22_V024	177	17908
L22_V024	178	18083
L22_V024	179	18180
L22_V024	180	18270
L22_V024	181	18396
L22_V024	182	18511
L22_V024	183	18540
L22_V024	184	18631
L22_V024	185	18729
L22_V024	186	18780
L22_V024	187	18903
L22_V024	188	18940
L22_V024	189	19022
L22_V024	190	19110
L22_V024	191	19273
L22_V024	192	19382
L22_V024	193	19410
L22_V024	194	19500
L22_V024	195	19590
L22_V024	196	19765
L22_V024	197	19940
L22_V024	198	20100
L22_V024	199	20255
L22_V024	200	20430
L22_V024	201	20520
L22_V024	202	20670
L22_V024	203	20760
L22_V024	204	20910
L22_V024	205	21060
L22_V024	206	21197
L22_V024	207	21372
L22_V024	208	21540
L22_V024	209	21639
L22_V024	210	21754
L22_V024	211	21909
L22_V024	212	21992
L22_V024	213	22057
L22_V024	214	22148
L22_V024	215	22216
L22_V024	216	22354
L22_V024	217	22418
L22_V024	218	22499
L22_V024	219	22625
L22_V024	220	22800
L22_V024	221	22920
L22_V024	222	23002
L22_V024	223	23100
L22_V024	224	23250
L22_V024	225	23400
L22_V024	226	23562
L22_V024	227	23692
L22_V024	228	23823
L22_V024	229	23965
L22_V024	230	24140
L22_V024	231	24246
L22_V024	232	24330
L22_V024	233	24476
L22_V024	234	24630
L22_V024	235	24780
L22_V024	236	24897
L22_V024	237	25072
L22_V024	238	25240
L22_V024	239	25415
L22_V024	240	25590
L22_V024	241	25739
L22_V024	242	25877
L22_V024	243	25998
L22_V024	244	26131
L22_V024	245	26225
L22_V024	246	26400
L22_V024	247	26489
L22_V024	248	26588
L22_V024	249	26652
L22_V024	250	26719
L22_V024	251	26839
L22_V024	252	26964
L22_V024	253	27089
L22_V024	254	27180
L22_V024	255	27295
L22_V024	256	27338
L22_V024	257	27427
L22_V024	258	27508
L22_V024	259	27675
L22_V024	260	27750
L22_V024	261	27900
L22_V024	262	28006
L22_V024	263	28050
L22_V024	264	28220
L22_V024	265	28380
L22_V024	266	28514
L22_V024	267	28589
L22_V024	268	28739
L22_V024	269	28860
L22_V024	270	29035
L22_V024	271	29114
L22_V024	272	29189
L22_V024	273	29339
L22_V024	274	29514
L22_V024	275	29639
L22_V024	276	29730
L22_V024	277	29858
L22_V024	278	29880
L22_V024	279	29962
L22_V024	280	29970
L22_V024	281	30060
L22_V024	282	30210
L22_V024	283	30360
L22_V024	284	30510
L22_V024	285	30600
L22_V024	286	30714
L22_V024	287	30770
L22_V024	288	30833
L22_V024	289	30893
L22_V024	290	30943
L22_V024	291	30993
L22_V024	292	31045
L22_V024	293	31110
L22_V024	294	31222
L22_V024	295	31230
L22_V024	296	31405
L22_V024	297	31530
L22_V025	1	0
L22_V025	2	90
L22_V025	3	227
L22_V025	4	317
L22_V025	5	389
L22_V025	6	503
L22_V025	7	542
L22_V025	8	636
L22_V025	9	690
L22_V025	10	863
L22_V025	11	890
L22_V025	12	1095
L22_V025	13	1281
L22_V025	14	1343
L22_V025	15	1460
L22_V025	16	1557
L22_V025	17	1707
L22_V025	18	1857
L22_V025	19	1995
L22_V025	20	2145
L22_V025	21	2295
L22_V025	22	2457
L22_V025	23	2661
L22_V025	24	2799
L22_V025	25	2828
L22_V025	26	2990
L22_V025	27	3132
L22_V025	28	3177
L22_V025	29	3387
L22_V025	30	3563
L22_V025	31	3720
L22_V025	32	3875
L22_V025	33	4061
L22_V025	34	4175
L22_V025	35	4329
L22_V025	36	4436
L22_V025	37	4499
L22_V025	38	4647
L22_V025	39	4722
L22_V025	40	4788
L22_V025	41	4811
L22_V025	42	4931
L22_V025	43	5091
L22_V025	44	5174
L22_V025	45	5300
L22_V025	46	5445
L22_V025	47	5541
L22_V025	48	5751
L22_V025	49	5853
L22_V025	50	5964
L22_V025	51	6126
L22_V025	52	6245
L22_V025	53	6393
L22_V025	54	6476
L22_V025	55	6558
L22_V025	56	6627
L22_V025	57	6747
L22_V025	58	6843
L22_V025	59	6924
L22_V025	60	7061
L22_V025	61	7152
L22_V025	62	7241
L22_V025	63	7421
L22_V025	64	7523
L22_V025	65	7553
L22_V025	66	7611
L22_V025	67	7659
L22_V025	68	7739
L22_V025	69	7754
L22_V025	70	7964
L22_V025	71	8174
L22_V025	72	8276
L22_V025	73	8391
L22_V025	74	8517
L22_V025	75	8723
L22_V025	76	8840
L22_V025	77	8952
L22_V025	78	9092
L22_V025	79	9227
L22_V025	80	9327
L22_V025	81	9530
L22_V025	82	9669
L22_V025	83	9795
L22_V025	84	9891
L22_V025	85	9992
L22_V025	86	10065
L22_V025	87	10122
L22_V025	88	10332
L22_V025	89	10509
L22_V025	90	10635
L22_V025	91	10707
L22_V025	92	10764
L22_V025	93	10851
L22_V025	94	10919
L22_V025	95	10958
L22_V025	96	11067
L22_V025	97	11139
L22_V025	98	11213
L22_V025	99	11325
L22_V025	100	11418
L22_V025	101	11495
L22_V025	102	11577
L22_V025	103	11727
L22_V025	104	11781
L22_V025	105	11879
L22_V025	106	11969
L22_V025	107	12057
L22_V025	108	12177
L22_V025	109	12291
L22_V025	110	12360
L22_V025	111	12548
L22_V025	112	12728
L22_V025	113	12819
L22_V025	114	12963
L22_V025	115	13173
L22_V025	116	13227
L22_V025	117	13322
L22_V025	118	13382
L22_V025	119	13500
L22_V025	120	13560
L22_V025	121	13584
L22_V025	122	13676
L22_V025	123	13769
L22_V025	124	13818
L22_V025	125	13881
L22_V025	126	13977
L22_V025	127	14073
L22_V025	128	14162
L22_V025	129	14258
L22_V025	130	14349
L22_V025	131	14507
L22_V025	132	14514
L22_V025	133	14544
L22_V025	134	14675
L22_V025	135	14715
L22_V025	136	14760
L22_V025	137	14910
L22_V025	138	15068
L22_V025	139	15278
L22_V025	140	15437
L22_V025	141	15645
L22_V025	142	15842
L22_V025	143	15990
L22_V025	144	16148
L22_V025	145	16238
L22_V025	146	16371
L22_V025	147	16398
L22_V025	148	16496
L22_V025	149	16518
L22_V025	150	16590
L22_V025	151	16674
L22_V025	152	16761
L22_V025	153	16859
L22_V025	154	17046
L22_V025	155	17199
L22_V025	156	17246
L22_V025	157	17336
L22_V025	158	17466
L22_V025	159	17543
L22_V025	160	17685
L22_V025	161	17871
L22_V025	162	18045
L22_V025	163	18191
L22_V025	164	18266
L22_V025	165	18339
L22_V025	166	18491
L22_V025	167	18651
L22_V025	168	18732
L22_V025	169	18825
L22_V025	170	18855
L22_V025	171	19005
L22_V025	172	19179
L22_V025	173	19269
L22_V025	174	19404
L22_V025	175	19614
L22_V025	176	19721
L22_V025	177	19841
L22_V025	178	20010
L22_V025	179	20135
L22_V025	180	20310
L22_V025	181	20505
L22_V025	182	20667
L22_V025	183	20799
L22_V025	184	20859
L22_V025	185	21039
L22_V025	186	21134
L22_V025	187	21225
L22_V025	188	21387
L22_V025	189	21435
L22_V025	190	21600
L22_V025	191	21629
L22_V025	192	21774
L22_V025	193	21822
L22_V025	194	21945
L22_V025	195	22092
L22_V025	196	22250
L22_V025	197	22302
L22_V025	198	22416
L22_V025	199	22476
L22_V025	200	22605
L22_V025	201	22815
L22_V025	202	22935
L22_V025	203	23121
L22_V025	204	23282
L22_V025	205	23430
L22_V025	206	23586
L22_V025	207	23615
L22_V025	208	23724
L22_V025	209	23768
L22_V025	210	23871
L22_V025	211	23993
L22_V025	212	24081
L22_V025	213	24231
L22_V025	214	24242
L22_V025	215	24332
L22_V025	216	24458
L22_V025	217	24581
L22_V025	218	24665
L22_V025	219	24771
L22_V025	220	24981
L22_V025	221	25143
L22_V025	222	25353
L22_V025	223	25512
L22_V025	224	25641
L22_V025	225	25677
L22_V025	226	25857
L22_V025	227	26066
L22_V025	228	26276
L22_V025	229	26417
L22_V025	230	26507
L22_V025	231	26717
L22_V025	232	26892
L22_V025	233	27102
L22_V025	234	27252
L22_V025	235	27432
L22_V025	236	27617
L22_V025	237	27797
L22_V025	238	28007
L22_V025	239	28127
L22_V025	240	28230
L22_V025	241	28388
L22_V025	242	28490
L22_V025	243	28556
L22_V025	244	28640
L22_V025	245	28701
L22_V025	246	28769
L22_V025	247	28817
L22_V025	248	28877
L22_V025	249	28959
L22_V025	250	29000
L22_V025	251	29057
L22_V025	252	29112
L22_V025	253	29169
L22_V025	254	29337
L22_V025	255	29427
L22_V025	256	29501
L22_V025	257	29577
L22_V025	258	29634
L22_V025	259	29720
L22_V025	260	29841
L22_V025	261	30042
L22_V025	262	30132
L22_V025	263	30222
L22_V025	264	30425
L22_V025	265	30552
L22_V025	266	30702
L22_V025	267	30893
L22_V025	268	31062
L22_V025	269	31077
L22_V025	270	31197
L22_V025	271	31407
L22_V025	272	31614
L22_V025	273	31704
L22_V025	274	31854
L22_V025	275	31977
L22_V025	276	32102
L22_V025	277	32267
L22_V025	278	32406
L22_V025	279	32471
L22_V025	280	32595
L22_V025	281	32670
L22_V025	282	32760
L22_V025	283	32838
L22_V025	284	32958
L22_V025	285	33020
L22_V025	286	33105
L22_V025	287	33255
L22_V025	288	33465
L22_V025	289	33615
L22_V025	290	33761
L22_V026	1	0
L22_V026	2	90
L22_V026	3	300
L22_V026	4	401
L22_V026	5	467
L22_V026	6	504
L22_V026	7	620
L22_V026	8	768
L22_V026	9	798
L22_V026	10	920
L22_V026	11	936
L22_V026	12	981
L22_V026	13	1101
L22_V026	14	1311
L22_V026	15	1437
L22_V026	16	1581
L22_V026	17	1638
L22_V026	18	1698
L22_V026	19	1754
L22_V026	20	1943
L22_V026	21	2088
L22_V026	22	2178
L22_V026	23	2255
L22_V026	24	2295
L22_V026	25	2373
L22_V026	26	2561
L22_V026	27	2709
L22_V026	28	2759
L22_V026	29	2813
L22_V026	30	2949
L22_V026	31	3147
L22_V026	32	3278
L22_V026	33	3363
L22_V026	34	3449
L22_V026	35	3593
L22_V026	36	3621
L22_V026	37	3831
L22_V026	38	3950
L22_V026	39	4161
L22_V026	40	4251
L22_V026	41	4442
L22_V026	42	4641
L22_V026	43	4761
L22_V026	44	4797
L22_V026	45	4925
L22_V026	46	5124
L22_V026	47	5331
L22_V026	48	5421
L22_V026	49	5550
L22_V026	50	5718
L22_V026	51	5885
L22_V026	52	6042
L22_V026	53	6123
L22_V026	54	6186
L22_V026	55	6396
L22_V026	56	6546
L22_V026	57	6636
L22_V026	58	6843
L22_V026	59	6966
L22_V026	60	7137
L22_V026	61	7239
L22_V026	62	7310
L22_V026	63	7509
L22_V026	64	7625
L22_V026	65	7655
L22_V026	66	7749
L22_V026	67	7896
L22_V026	68	7959
L22_V026	69	8075
L22_V026	70	8160
L22_V026	71	8270
L22_V026	72	8384
L22_V026	73	8430
L22_V026	74	8613
L22_V026	75	8747
L22_V026	76	8837
L22_V026	77	8882
L22_V026	78	9027
L22_V026	79	9113
L22_V026	80	9173
L22_V026	81	9356
L22_V026	82	9441
L22_V026	83	9515
L22_V026	84	9588
L22_V026	85	9687
L22_V026	86	9806
L22_V026	87	9869
L22_V026	88	10002
L22_V026	89	10154
L22_V026	90	10263
L22_V026	91	10310
L22_V026	92	10413
L22_V026	93	10481
L22_V026	94	10511
L22_V026	95	10602
L22_V026	96	10682
L22_V026	97	10892
L22_V026	98	11102
L22_V026	99	11222
L22_V026	100	11397
L22_V026	101	11577
L22_V026	102	11766
L22_V026	103	11940
L22_V026	104	12023
L22_V026	105	12131
L22_V026	106	12183
L22_V026	107	12234
L22_V026	108	12375
L22_V026	109	12522
L22_V026	110	12581
L22_V026	111	12639
L22_V026	112	12704
L22_V026	113	12824
L22_V026	114	12867
L22_V026	115	12914
L22_V026	116	12938
L22_V026	117	12999
L22_V026	118	13056
L22_V026	119	13115
L22_V026	120	13185
L22_V026	121	13316
L22_V026	122	13395
L22_V026	123	13515
L22_V026	124	13656
L22_V026	125	13719
L22_V026	126	13929
L22_V026	127	14079
L22_V026	128	14169
L22_V026	129	14309
L22_V026	130	14409
L22_V026	131	14535
L22_V026	132	14601
L22_V026	133	14757
L22_V026	134	14952
L22_V026	135	15102
L22_V026	136	15297
L22_V026	137	15488
L22_V026	138	15698
L22_V026	139	15866
L22_V026	140	15998
L22_V026	141	16208
L22_V026	142	16310
L22_V026	143	16467
L22_V026	144	16637
L22_V026	145	16727
L22_V026	146	16935
L22_V026	147	17093
L22_V026	148	17199
L22_V026	149	17406
L22_V026	150	17517
L22_V026	151	17642
L22_V026	152	17768
L22_V026	153	17847
L22_V026	154	18057
L22_V026	155	18207
L22_V026	156	18338
L22_V026	157	18548
L22_V026	158	18677
L22_V026	159	18795
L22_V026	160	18966
L22_V026	161	19058
L22_V026	162	19268
L22_V026	163	19412
L22_V026	164	19562
L22_V026	165	19743
L22_V026	166	19833
L22_V026	167	19983
L22_V026	168	20193
L22_V026	169	20328
L22_V026	170	20451
L22_V026	171	20625
L22_V026	172	20736
L22_V026	173	20826
L22_V026	174	20966
L22_V026	175	20996
L22_V026	176	21131
L22_V026	177	21213
L22_V026	178	21306
L22_V026	179	21405
L22_V026	180	21483
L22_V026	181	21561
L22_V026	182	21657
L22_V026	183	21822
L22_V026	184	21915
L22_V026	185	21996
L22_V026	186	22146
L22_V026	187	22260
L22_V026	188	22470
L22_V026	189	22590
L22_V026	190	22682
L22_V026	191	22862
L22_V026	192	22991
L22_V026	193	23082
L22_V026	194	23141
L22_V026	195	23301
L22_V026	196	23501
L22_V026	197	23595
L22_V026	198	23724
L22_V026	199	23913
L22_V026	200	24077
L22_V026	201	24231
L22_V026	202	24309
L22_V026	203	24399
L22_V026	204	24489
L22_V026	205	24525
L22_V026	206	24654
L22_V026	207	24779
L22_V026	208	24837
L22_V026	209	25047
L22_V026	210	25190
L22_V026	211	25400
L22_V026	212	25577
L22_V026	213	25671
L22_V026	214	25881
L22_V026	215	26013
L22_V026	216	26223
L22_V026	217	26387
L22_V026	218	26589
L22_V026	219	26685
L22_V026	220	26892
L22_V026	221	26984
L22_V026	222	27194
L22_V026	223	27279
L22_V026	224	27309
L22_V026	225	27494
L22_V026	226	27704
L22_V026	227	27914
L22_V026	228	28077
L22_V026	229	28167
L22_V026	230	28317
L22_V026	231	28457
L22_V026	232	28590
L22_V026	233	28799
L22_V026	234	28952
L22_V026	235	29064
L22_V026	236	29211
L22_V026	237	29390
L22_V026	238	29600
L22_V026	239	29720
L22_V026	240	29915
L22_V026	241	30054
L22_V026	242	30195
L22_V026	243	30374
L22_V026	244	30584
L22_V026	245	30699
L22_V026	246	30845
L22_V026	247	31055
L22_V026	248	31145
L22_V026	249	31299
L22_V026	250	31419
L22_V026	251	31539
L22_V026	252	31689
L22_V026	253	31809
L22_V026	254	31947
L22_V026	255	32141
L22_V026	256	32351
L22_V026	257	32445
L22_V026	258	32565
L22_V026	259	32715
L22_V026	260	32894
L22_V026	261	33042
L22_V026	262	33195
L22_V026	263	33405
L22_V026	264	33587
L22_V026	265	33692
L22_V026	266	33842
L22_V027	1	0
L22_V027	2	90
L22_V027	3	300
L22_V027	4	482
L22_V027	5	551
L22_V027	6	603
L22_V027	7	701
L22_V027	8	854
L22_V027	9	1002
L22_V027	10	1100
L22_V027	11	1181
L22_V027	12	1256
L22_V027	13	1466
L22_V027	14	1611
L22_V027	15	1721
L22_V027	16	1929
L22_V027	17	2019
L22_V027	18	2120
L22_V027	19	2220
L22_V027	20	2310
L22_V027	21	2385
L22_V027	22	2457
L22_V027	23	2529
L22_V027	24	2651
L22_V027	25	2861
L22_V027	26	3071
L22_V027	27	3281
L22_V027	28	3339
L22_V027	29	3405
L22_V027	30	3605
L22_V027	31	3728
L22_V027	32	3800
L22_V027	33	3945
L22_V027	34	4064
L22_V027	35	4109
L22_V027	36	4251
L22_V027	37	4355
L22_V027	38	4515
L22_V027	39	4671
L22_V027	40	4721
L22_V027	41	4788
L22_V027	42	4892
L22_V027	43	4941
L22_V027	44	4995
L22_V027	45	5045
L22_V027	46	5255
L22_V027	47	5436
L22_V027	48	5619
L22_V027	49	5769
L22_V027	50	5979
L22_V027	51	6189
L22_V027	52	6249
L22_V027	53	6380
L22_V027	54	6492
L22_V027	55	6609
L22_V027	56	6695
L22_V027	57	6798
L22_V027	58	6912
L22_V027	59	6999
L22_V027	60	7044
L22_V027	61	7127
L22_V027	62	7193
L22_V027	63	7251
L22_V027	64	7389
L22_V027	65	7479
L22_V027	66	7682
L22_V027	67	7772
L22_V027	68	7893
L22_V027	69	8030
L22_V027	70	8193
L22_V027	71	8235
L22_V027	72	8333
L22_V027	73	8439
L22_V027	74	8513
L22_V027	75	8580
L22_V027	76	8699
L22_V027	77	8769
L22_V027	78	8859
L22_V027	79	9069
L22_V027	80	9177
L22_V027	81	9237
L22_V027	82	9311
L22_V027	83	9405
L22_V027	84	9435
L22_V027	85	9554
L22_V027	86	9764
L22_V027	87	9927
L22_V027	88	10083
L22_V027	89	10226
L22_V027	90	10308
L22_V027	91	10419
L22_V027	92	10602
L22_V027	93	10661
L22_V027	94	10749
L22_V027	95	10913
L22_V027	96	10985
L22_V027	97	11085
L22_V027	98	11169
L22_V027	99	11256
L22_V027	100	11346
L22_V027	101	11483
L22_V027	102	11619
L22_V027	103	11778
L22_V027	104	11946
L22_V027	105	12089
L22_V027	106	12237
L22_V027	107	12327
L22_V027	108	12419
L22_V027	109	12587
L22_V027	110	12677
L22_V027	111	12863
L22_V027	112	12951
L22_V027	113	13073
L22_V027	114	13224
L22_V027	115	13314
L22_V027	116	13499
L22_V027	117	13692
L22_V027	118	13902
L22_V027	119	14022
L22_V027	120	14139
L22_V027	121	14232
L22_V027	122	14379
L22_V027	123	14493
L22_V027	124	14690
L22_V027	125	14805
L22_V027	126	14955
L22_V027	127	15141
L22_V027	128	15144
L22_V027	129	15317
L22_V027	130	15471
L22_V027	131	15615
L22_V027	132	15711
L22_V027	133	15902
L22_V027	134	16112
L22_V027	135	16322
L22_V027	136	16473
L22_V027	137	16629
L22_V027	138	16719
L22_V027	139	16928
L22_V027	140	17018
L22_V027	141	17226
L22_V027	142	17327
L22_V027	143	17487
L22_V027	144	17537
L22_V027	145	17747
L22_V027	146	17880
L22_V027	147	18077
L22_V027	148	18254
L22_V027	149	18462
L22_V027	150	18582
L22_V027	151	18714
L22_V027	152	18744
L22_V027	153	18839
L22_V027	154	18870
L22_V027	155	19080
L22_V027	156	19142
L22_V027	157	19290
L22_V027	158	19412
L22_V027	159	19547
L22_V027	160	19643
L22_V027	161	19824
L22_V027	162	19850
L22_V027	163	19940
L22_V027	164	20090
L22_V027	165	20180
L22_V027	166	20277
L22_V027	167	20381
L22_V027	168	20489
L22_V027	169	20549
L22_V027	170	20702
L22_V027	171	20847
L22_V027	172	20891
L22_V027	173	20978
L22_V027	174	21086
L22_V027	175	21153
L22_V027	176	21230
L22_V027	177	21273
L22_V027	178	21483
L22_V027	179	21683
L22_V027	180	21854
L22_V027	181	21944
L22_V027	182	22041
L22_V027	183	22106
L22_V027	184	22281
L22_V027	185	22419
L22_V027	186	22539
L22_V027	187	22671
L22_V027	188	22851
L22_V027	189	23006
L22_V027	190	23129
L22_V027	191	23333
L22_V027	192	23493
L22_V027	193	23601
L22_V027	194	23811
L22_V027	195	23961
L22_V027	196	24147
L22_V027	197	24285
L22_V027	198	24375
L22_V027	199	24567
L22_V027	200	24660
L22_V027	201	24813
L22_V027	202	24933
L22_V027	203	25055
L22_V027	204	25146
L22_V027	205	25319
L22_V027	206	25442
L22_V027	207	25652
L22_V027	208	25802
L22_V027	209	26007
L22_V027	210	26172
L22_V027	211	26325
L22_V027	212	26493
L22_V027	213	26637
L22_V027	214	26765
L22_V027	215	26820
L22_V027	216	26883
L22_V027	217	27018
L22_V027	218	27228
L22_V027	219	27378
L22_V027	220	27507
L22_V027	221	27645
L22_V027	222	27770
L22_V027	223	27950
L22_V027	224	28044
L22_V027	225	28125
L22_V027	226	28209
L22_V027	227	28323
L22_V027	228	28446
L22_V027	229	28599
L22_V027	230	28629
L22_V027	231	28772
L22_V027	232	28911
L22_V027	233	28941
L22_V027	234	29082
L22_V027	235	29289
L22_V027	236	29447
L22_V027	237	29597
L22_V027	238	29742
L22_V027	239	29837
L22_V027	240	30047
L22_V027	241	30137
L22_V027	242	30191
L22_V027	243	30305
L22_V027	244	30402
L22_V027	245	30462
L22_V027	246	30516
L22_V027	247	30629
L22_V027	248	30839
L22_V027	249	30929
L22_V027	250	31101
L22_V027	251	31214
L22_V027	252	31344
L22_V027	253	31374
L22_V027	254	31494
L22_V027	255	31665
L22_V027	256	31755
L22_V027	257	31950
L22_V027	258	32097
L22_V027	259	32234
L22_V027	260	32264
L22_V027	261	32345
L22_V027	262	32447
L22_V027	263	32597
L22_V027	264	32807
L22_V027	265	32957
L22_V027	266	33087
L22_V031	1	0
L22_V031	2	90
L22_V031	3	265
L22_V031	4	437
L22_V031	5	597
L22_V031	6	630
L22_V031	7	757
L22_V031	8	869
L22_V031	9	881
L22_V031	10	930
L22_V031	11	1006
L22_V031	12	1170
L22_V031	13	1204
L22_V031	14	1290
L22_V031	15	1380
L22_V031	16	1500
L22_V031	17	1579
L22_V031	18	1717
L22_V031	19	1832
L22_V031	20	1889
L22_V031	21	2010
L22_V031	22	2143
L22_V031	23	2253
L22_V031	24	2280
L22_V031	25	2344
L22_V031	26	2430
L22_V031	27	2520
L22_V031	28	2672
L22_V031	29	2748
L22_V031	30	2850
L22_V031	31	2933
L22_V031	32	3030
L22_V031	33	3204
L22_V031	34	3379
L22_V031	35	3510
L22_V031	36	3629
L22_V031	37	3750
L22_V031	38	3881
L22_V031	39	3900
L22_V031	40	3990
L22_V031	41	4111
L22_V031	42	4140
L22_V031	43	4211
L22_V031	44	4290
L22_V031	45	4440
L22_V031	46	4531
L22_V031	47	4628
L22_V031	48	4803
L22_V031	49	4925
L22_V031	50	5040
L22_V031	51	5100
L22_V031	52	5250
L22_V031	53	5307
L22_V031	54	5400
L22_V031	55	5550
L22_V031	56	5656
L22_V031	57	5701
L22_V031	58	5762
L22_V031	59	5863
L22_V031	60	6015
L22_V031	61	6090
L22_V031	62	6229
L22_V031	63	6396
L22_V031	64	6543
L22_V031	65	6620
L22_V031	66	6681
L22_V031	67	6764
L22_V031	68	6870
L22_V031	69	7045
L22_V031	70	7145
L22_V031	71	7259
L22_V031	72	7372
L22_V031	73	7409
L22_V031	74	7500
L22_V031	75	7555
L22_V031	76	7604
L22_V031	77	7653
L22_V031	78	7776
L22_V031	79	7800
L22_V031	80	7925
L22_V031	81	7950
L22_V031	82	8040
L22_V031	83	8076
L22_V031	84	8114
L22_V031	85	8190
L22_V031	86	8291
L22_V031	87	8394
L22_V031	88	8430
L22_V031	89	8498
L22_V031	90	8552
L22_V031	91	8580
L22_V031	92	8700
L22_V031	93	8875
L22_V031	94	9025
L22_V031	95	9185
L22_V031	96	9339
L22_V031	97	9387
L22_V031	98	9456
L22_V031	99	9510
L22_V031	100	9660
L22_V031	101	9803
L22_V031	102	9810
L22_V031	103	9900
L22_V031	104	9951
L22_V031	105	10020
L22_V031	106	10107
L22_V031	107	10140
L22_V031	108	10260
L22_V031	109	10402
L22_V031	110	10577
L22_V031	111	10740
L22_V031	112	10860
L22_V031	113	10982
L22_V031	114	11130
L22_V031	115	11223
L22_V031	116	11278
L22_V031	117	11430
L22_V031	118	11463
L22_V031	119	11551
L22_V031	120	11604
L22_V031	121	11713
L22_V031	122	11730
L22_V031	123	11779
L22_V031	124	11880
L22_V031	125	12039
L22_V031	126	12168
L22_V031	127	12180
L22_V031	128	12299
L22_V031	129	12342
L22_V031	130	12396
L22_V031	131	12451
L22_V031	132	12502
L22_V031	133	12540
L22_V031	134	12570
L22_V031	135	12594
L22_V031	136	12678
L22_V031	137	12711
L22_V031	138	12775
L22_V031	139	12869
L22_V031	140	13000
L22_V031	141	13032
L22_V031	142	13080
L22_V031	143	13255
L22_V031	144	13410
L22_V031	145	13509
L22_V031	146	13619
L22_V031	147	13740
L22_V031	148	13860
L22_V031	149	13950
L22_V031	150	14040
L22_V031	151	14133
L22_V031	152	14209
L22_V031	153	14288
L22_V031	154	14310
L22_V031	155	14380
L22_V031	156	14444
L22_V031	157	14460
L22_V031	158	14516
L22_V031	159	14594
L22_V031	160	14610
L22_V031	161	14730
L22_V031	162	14905
L22_V031	163	15072
L22_V031	164	15210
L22_V031	165	15313
L22_V031	166	15388
L22_V031	167	15530
L22_V031	168	15621
L22_V031	169	15690
L22_V031	170	15853
L22_V031	171	15947
L22_V031	172	16019
L22_V031	173	16110
L22_V031	174	16177
L22_V031	175	16290
L22_V031	176	16410
L22_V031	177	16562
L22_V031	178	16680
L22_V031	179	16830
L22_V031	180	16950
L22_V031	181	17100
L22_V031	182	17250
L22_V031	183	17400
L22_V031	184	17550
L22_V031	185	17700
L22_V031	186	17874
L22_V031	187	18049
L22_V031	188	18178
L22_V031	189	18270
L22_V031	190	18414
L22_V031	191	18570
L22_V031	192	18671
L22_V031	193	18690
L22_V031	194	18840
L22_V031	195	18914
L22_V031	196	18990
L22_V031	197	19080
L22_V031	198	19126
L22_V031	199	19255
L22_V031	200	19350
L22_V031	201	19412
L22_V031	202	19470
L22_V031	203	19551
L22_V031	204	19608
L22_V031	205	19759
L22_V031	206	19788
L22_V031	207	19892
L22_V031	208	19929
L22_V031	209	20050
L22_V031	210	20070
L22_V031	211	20235
L22_V031	212	20310
L22_V031	213	20471
L22_V031	214	20580
L22_V031	215	20749
L22_V031	216	20910
L22_V031	217	21000
L22_V031	218	21135
L22_V031	219	21150
L22_V031	220	21205
L22_V031	221	21265
L22_V031	222	21300
L22_V031	223	21450
L22_V031	224	21531
L22_V031	225	21626
L22_V031	226	21710
L22_V031	227	21824
L22_V031	228	21870
L22_V031	229	21982
L22_V031	230	22047
L22_V031	231	22122
L22_V031	232	22140
L22_V031	233	22221
L22_V031	234	22285
L22_V031	235	22456
L22_V031	236	22584
L22_V031	237	22710
L22_V031	238	22860
L22_V031	239	22980
L22_V031	240	23130
L22_V031	241	23247
L22_V031	242	23422
L22_V031	243	23550
L22_V031	244	23632
L22_V031	245	23682
L22_V031	246	23798
L22_V031	247	23880
L22_V031	248	24014
L22_V031	249	24059
L22_V031	250	24186
L22_V031	251	24276
L22_V031	252	24360
L22_V031	253	24440
L22_V031	254	24530
L22_V031	255	24689
L22_V031	256	24864
L22_V031	257	24990
L22_V031	258	25080
L22_V031	259	25230
L22_V031	260	25380
L22_V031	261	25478
L22_V031	262	25569
L22_V031	263	25744
L22_V031	264	25873
L22_V031	265	25950
L22_V031	266	26100
L22_V031	267	26264
L22_V031	268	26370
L22_V031	269	26445
L22_V031	270	26457
L22_V031	271	26595
L22_V031	272	26670
L22_V031	273	26760
L22_V031	274	26910
L22_V031	275	27018
L22_V031	276	27030
L22_V031	277	27118
L22_V031	278	27150
L22_V031	279	27239
L22_V031	280	27398
L22_V031	281	27487
L22_V031	282	27566
L22_V031	283	27570
L22_V031	284	27689
L22_V031	285	27816
L22_V031	286	27868
L22_V031	287	27951
L22_V031	288	27989
L22_V031	289	28164
L22_V031	290	28289
L22_V031	291	28372
L22_V031	292	28530
L22_V031	293	28680
L22_V031	294	28830
L22_V031	295	28950
L22_V031	296	29045
L22_V031	297	29077
L22_V031	298	29131
L22_V031	299	29250
L22_V031	300	29413
L22_V031	301	29580
L23_V001	1	0
L23_V001	2	87
L23_V001	3	125
L23_V001	4	222
L23_V001	5	250
L23_V001	6	294
L23_V001	7	301
L23_V001	8	375
L23_V001	9	500
L23_V001	10	625
L23_V001	11	701
L23_V001	12	750
L23_V001	13	875
L23_V001	14	1000
L23_V001	15	1125
L23_V001	16	1185
L23_V001	17	1250
L23_V001	18	1375
L23_V001	19	1500
L23_V001	20	1560
L23_V001	21	1625
L23_V001	22	1750
L23_V001	23	1823
L23_V001	24	1875
L23_V001	25	1905
L23_V001	26	2000
L23_V001	27	2125
L23_V001	28	2250
L23_V001	29	2375
L23_V001	30	2500
L23_V001	31	2506
L23_V001	32	2625
L23_V001	33	2644
L23_V001	34	2750
L23_V001	35	2875
L23_V001	36	3000
L23_V001	37	3033
L23_V001	38	3125
L23_V001	39	3250
L23_V001	40	3307
L23_V001	41	3375
L23_V001	42	3500
L23_V001	43	3625
L23_V001	44	3750
L23_V001	45	3784
L23_V001	46	3875
L23_V001	47	4000
L23_V001	48	4125
L23_V001	49	4250
L23_V001	50	4370
L23_V002	1	0
L23_V002	2	108
L23_V002	3	159
L23_V002	4	204
L23_V002	5	305
L23_V002	6	380
L23_V002	7	527
L23_V002	8	554
L23_V002	9	684
L23_V002	10	711
L23_V002	11	803
L23_V002	12	903
L23_V002	13	1054
L23_V002	14	1183
L23_V002	15	1357
L23_V002	16	1532
L23_V002	17	1625
L23_V002	18	1725
L23_V002	19	1900
L23_V002	20	2030
L23_V002	21	2205
L23_V002	22	2300
L23_V002	23	2353
L23_V002	24	2475
L23_V002	25	2575
L23_V002	26	2637
L23_V002	27	2661
L23_V002	28	2708
L23_V002	29	2794
L23_V002	30	2950
L23_V002	31	3075
L23_V002	32	3225
L23_V002	33	3379
L23_V002	34	3554
L23_V002	35	3675
L23_V002	36	3810
L23_V002	37	3979
L23_V002	38	4056
L23_V002	39	4189
L23_V002	40	4364
L23_V002	41	4489
L23_V002	42	4650
L23_V002	43	4775
L23_V002	44	4861
L23_V002	45	5017
L23_V002	46	5092
L23_V002	47	5208
L23_V002	48	5283
L23_V002	49	5365
L23_V002	50	5540
L23_V002	51	5635
L23_V002	52	5727
L23_V002	53	5902
L23_V002	54	6008
L23_V002	55	6070
L23_V002	56	6183
L23_V002	57	6259
L23_V002	58	6395
L23_V002	59	6570
L23_V002	60	6650
L23_V002	61	6759
L23_V002	62	6934
L23_V002	63	7050
L23_V002	64	7225
L23_V002	65	7320
L23_V002	66	7425
L23_V002	67	7580
L23_V002	68	7725
L23_V002	69	7889
L23_V002	70	8055
L23_V002	71	8230
L23_V002	72	8375
L23_V002	73	8550
L23_V002	74	8675
L23_V002	75	8795
L23_V002	76	8900
L23_V002	77	9050
L23_V002	78	9122
L23_V002	79	9125
L23_V002	80	9300
L23_V002	81	9383
L23_V002	82	9410
L23_V002	83	9492
L23_V002	84	9620
L23_V002	85	9789
L23_V002	86	9964
L23_V002	87	10040
L23_V002	88	10142
L23_V002	89	10316
L23_V002	90	10439
L23_V002	91	10614
L23_V002	92	10700
L23_V002	93	10792
L23_V003	1	0
L23_V003	2	75
L23_V003	3	237
L23_V003	4	411
L23_V003	5	583
L23_V003	6	750
L23_V003	7	872
L23_V003	8	1047
L23_V003	9	1161
L23_V003	10	1252
L23_V003	11	1383
L23_V003	12	1447
L23_V003	13	1498
L23_V003	14	1666
L23_V003	15	1839
L23_V003	16	1966
L23_V003	17	2134
L23_V003	18	2198
L23_V003	19	2211
L23_V003	20	2371
L23_V003	21	2446
L23_V003	22	2620
L23_V003	23	2775
L23_V003	24	2861
L23_V003	25	2968
L23_V003	26	3036
L23_V003	27	3134
L23_V003	28	3211
L23_V003	29	3261
L23_V003	30	3346
L23_V003	31	3404
L23_V003	32	3575
L23_V003	33	3650
L23_V003	34	3711
L23_V003	35	3825
L23_V003	36	3914
L23_V003	37	4069
L23_V003	38	4244
L23_V003	39	4319
L23_V003	40	4494
L23_V003	41	4667
L23_V003	42	4734
L23_V003	43	4823
L23_V003	44	4983
L23_V003	45	5067
L23_V003	46	5242
L23_V003	47	5375
L23_V003	48	5550
L23_V003	49	5625
L23_V003	50	5776
L23_V003	51	5780
L23_V003	52	5955
L23_V003	53	6126
L23_V003	54	6195
L23_V003	55	6267
L23_V003	56	6357
L23_V003	57	6387
L23_V003	58	6488
L23_V003	59	6639
L23_V003	60	6714
L23_V003	61	6795
L23_V003	62	6970
L23_V003	63	7100
L23_V003	64	7198
L23_V003	65	7275
L23_V003	66	7348
L23_V003	67	7409
L23_V003	68	7577
L23_V003	69	7654
L23_V006	1	0
L23_V006	2	125
L23_V006	3	250
L23_V006	4	375
L23_V006	5	500
L23_V006	6	591
L23_V006	7	625
L23_V006	8	750
L23_V006	9	861
L23_V006	10	875
L23_V006	11	1000
L23_V006	12	1125
L23_V006	13	1250
L23_V006	14	1334
L23_V006	15	1375
L23_V006	16	1500
L23_V006	17	1625
L23_V006	18	1651
L23_V006	19	1750
L23_V006	20	1875
L23_V006	21	2000
L23_V006	22	2007
L23_V006	23	2125
L23_V006	24	2250
L23_V006	25	2375
L23_V006	26	2474
L23_V006	27	2500
L23_V006	28	2625
L23_V006	29	2692
L23_V006	30	2750
L23_V006	31	2875
L23_V006	32	3000
L23_V006	33	3125
L23_V006	34	3239
L23_V006	35	3250
L23_V006	36	3375
L23_V006	37	3500
L23_V006	38	3539
L23_V006	39	3560
L23_V006	40	3625
L23_V006	41	3747
L23_V006	42	3750
L23_V006	43	3875
L23_V006	44	3979
L23_V006	45	4000
L23_V006	46	4072
L23_V006	47	4125
L23_V006	48	4250
L23_V006	49	4375
L23_V006	50	4500
L23_V006	51	4625
L23_V006	52	4750
L23_V006	53	4851
L23_V006	54	4875
L23_V006	55	4883
L23_V006	56	5000
L23_V006	57	5125
L23_V006	58	5153
L23_V006	59	5250
L23_V006	60	5375
L23_V006	61	5500
L23_V006	62	5625
L23_V006	63	5750
L23_V006	64	5859
L23_V006	65	5863
L23_V006	66	5864
L23_V006	67	5875
L23_V006	68	5877
L23_V006	69	5878
L23_V006	70	5906
L23_V006	71	5946
L23_V006	72	5947
L23_V006	73	5949
L23_V006	74	5973
L23_V006	75	5975
L23_V006	76	6000
L23_V006	77	6011
L23_V006	78	6033
L23_V006	79	6034
L23_V006	80	6038
L23_V006	81	6039
L23_V006	82	6040
L23_V006	83	6041
L23_V006	84	6100
L23_V006	85	6101
L23_V006	86	6102
L23_V006	87	6125
L23_V006	88	6161
L23_V006	89	6250
L23_V006	90	6321
L23_V006	91	6375
L23_V006	92	6500
L23_V006	93	6625
L23_V006	94	6645
L23_V006	95	6718
L23_V006	96	6750
L23_V006	97	6844
L23_V006	98	6875
L23_V006	99	7000
L23_V006	100	7092
L23_V006	101	7125
L23_V006	102	7250
L23_V006	103	7356
L23_V006	104	7375
L23_V006	105	7500
L23_V006	106	7625
L23_V006	107	7698
L23_V006	108	7750
L23_V006	109	7875
L23_V006	110	8000
L23_V006	111	8122
L23_V006	112	8125
L23_V006	113	8250
L23_V006	114	8360
L23_V006	115	8375
L23_V006	116	8500
L23_V006	117	8625
L23_V006	118	8750
L23_V006	119	8831
L23_V007	1	0
L23_V007	2	163
L23_V007	3	242
L23_V007	4	341
L23_V007	5	363
L23_V007	6	466
L23_V007	7	598
L23_V007	8	673
L23_V007	9	848
L23_V007	10	975
L23_V007	11	1150
L23_V007	12	1298
L23_V007	13	1473
L23_V007	14	1594
L23_V007	15	1626
L23_V007	16	1769
L23_V007	17	1895
L23_V007	18	2036
L23_V007	19	2070
L23_V007	20	2186
L23_V007	21	2348
L23_V007	22	2505
L23_V007	23	2523
L23_V007	24	2650
L23_V007	25	2798
L23_V007	26	2927
L23_V007	27	3059
L23_V007	28	3134
L23_V007	29	3246
L23_V007	30	3421
L23_V007	31	3500
L23_V007	32	3608
L23_V007	33	3783
L23_V007	34	3869
L23_V007	35	3918
L23_V007	36	4059
L23_V007	37	4234
L23_V007	38	4375
L23_V007	39	4525
L23_V007	40	4600
L23_V007	41	4775
L23_V007	42	4905
L23_V007	43	5012
L23_V007	44	5096
L23_V007	45	5149
L23_V007	46	5324
L23_V007	47	5460
L23_V007	48	5576
L23_V007	49	5604
L23_V007	50	5720
L23_V007	51	5813
L23_V007	52	5979
L23_V007	53	6143
L23_V007	54	6318
L23_V007	55	6452
L23_V007	56	6550
L23_V007	57	6575
L23_V007	58	6750
L23_V007	59	6900
L23_V007	60	7051
L23_V007	61	7186
L23_V007	62	7190
L23_V007	63	7262
L23_V007	64	7314
L23_V007	65	7489
L23_V007	66	7589
L23_V007	67	7679
L23_V007	68	7826
L23_V007	69	7959
L23_V007	70	8001
L23_V007	71	8176
L23_V007	72	8299
L23_V007	73	8474
L23_V007	74	8600
L23_V007	75	8714
L23_V007	76	8866
L23_V007	77	8973
L23_V007	78	9119
L23_V007	79	9234
L23_V007	80	9409
L23_V007	81	9510
L23_V007	82	9601
L23_V007	83	9619
L23_V007	84	9770
L23_V007	85	9774
L23_V009	1	0
L23_V009	2	125
L23_V009	3	299
L23_V009	4	434
L23_V009	5	583
L23_V009	6	758
L23_V009	7	850
L23_V009	8	1025
L23_V009	9	1183
L23_V009	10	1300
L23_V009	11	1455
L23_V009	12	1586
L23_V009	13	1752
L23_V009	14	1905
L23_V009	15	2061
L23_V009	16	2138
L23_V009	17	2313
L23_V009	18	2425
L23_V009	19	2517
L23_V009	20	2667
L23_V009	21	2819
L23_V009	22	2957
L23_V009	23	3041
L23_V009	24	3215
L23_V009	25	3343
L23_V009	26	3517
L23_V009	27	3675
L23_V009	28	3850
L23_V009	29	3967
L23_V009	30	4067
L23_V009	31	4217
L23_V009	32	4329
L23_V009	33	4479
L23_V009	34	4643
L23_V009	35	4750
L23_V009	36	4825
L23_V009	37	5000
L23_V009	38	5166
L23_V009	39	5316
L23_V009	40	5416
L23_V009	41	5566
L23_V009	42	5661
L23_V009	43	5733
L23_V009	44	5885
L23_V009	45	6060
L23_V009	46	6225
L23_V009	47	6336
L23_V009	48	6345
L23_V009	49	6450
L23_V009	50	6575
L23_V009	51	6650
L23_V009	52	6775
L23_V009	53	6816
L23_V009	54	6822
L23_V009	55	6989
L23_V009	56	7064
L23_V009	57	7161
L23_V009	58	7336
L23_V009	59	7498
L23_V009	60	7673
L23_V009	61	7751
L23_V010	1	0
L23_V010	2	125
L23_V010	3	250
L23_V010	4	317
L23_V010	5	375
L23_V010	6	500
L23_V010	7	521
L23_V010	8	625
L23_V010	9	645
L23_V010	10	728
L23_V010	11	750
L23_V010	12	875
L23_V010	13	977
L23_V010	14	1000
L23_V010	15	1125
L23_V010	16	1250
L23_V010	17	1375
L23_V010	18	1500
L23_V010	19	1625
L23_V010	20	1750
L23_V010	21	1875
L23_V010	22	2000
L23_V010	23	2125
L23_V010	24	2250
L23_V010	25	2319
L23_V010	26	2375
L23_V010	27	2445
L23_V010	28	2500
L23_V010	29	2625
L23_V010	30	2750
L23_V010	31	2875
L23_V010	32	3000
L23_V010	33	3125
L23_V010	34	3250
L23_V010	35	3375
L23_V010	36	3500
L23_V010	37	3625
L23_V010	38	3750
L23_V010	39	3875
L23_V010	40	4000
L23_V010	41	4027
L23_V010	42	4125
L23_V010	43	4250
L23_V010	44	4289
L23_V010	45	4375
L23_V010	46	4500
L23_V010	47	4596
L23_V010	48	4625
L23_V010	49	4750
L23_V010	50	4875
L23_V010	51	5000
L23_V010	52	5125
L23_V010	53	5250
L23_V010	54	5262
L23_V010	55	5302
L23_V010	56	5375
L23_V010	57	5500
L23_V010	58	5625
L23_V010	59	5643
L23_V010	60	5750
L23_V010	61	5875
L23_V010	62	5933
L23_V010	63	6000
L23_V010	64	6125
L23_V010	65	6250
L23_V010	66	6375
L23_V010	67	6408
L23_V010	68	6500
L23_V010	69	6625
L23_V010	70	6750
L23_V010	71	6875
L23_V010	72	6901
L23_V010	73	7000
L23_V010	74	7125
L23_V010	75	7250
L23_V010	76	7375
L23_V010	77	7500
L23_V010	78	7625
L23_V010	79	7644
L23_V010	80	7705
L23_V011	1	0
L23_V011	2	62
L23_V011	3	125
L23_V011	4	138
L23_V011	5	250
L23_V011	6	375
L23_V011	7	500
L23_V011	8	614
L23_V011	9	625
L23_V011	10	701
L23_V011	11	750
L23_V011	12	875
L23_V011	13	1000
L23_V011	14	1060
L23_V011	15	1071
L23_V011	16	1125
L23_V011	17	1250
L23_V011	18	1252
L23_V011	19	1375
L23_V011	20	1500
L23_V011	21	1625
L23_V011	22	1687
L23_V011	23	1734
L23_V011	24	1750
L23_V011	25	1875
L23_V011	26	2000
L23_V011	27	2125
L23_V011	28	2158
L23_V011	29	2250
L23_V011	30	2361
L23_V011	31	2375
L23_V011	32	2500
L23_V011	33	2625
L23_V011	34	2750
L23_V011	35	2826
L23_V011	36	2875
L23_V011	37	2908
L23_V011	38	3000
L23_V011	39	3002
L23_V011	40	3125
L23_V011	41	3250
L23_V011	42	3375
L23_V011	43	3376
L23_V011	44	3500
L23_V011	45	3625
L23_V011	46	3750
L23_V011	47	3875
L23_V011	48	4000
L23_V011	49	4125
L23_V011	50	4250
L23_V011	51	4270
L23_V011	52	4331
L23_V011	53	4375
L23_V011	54	4500
L23_V011	55	4530
L23_V011	56	4625
L23_V011	57	4726
L23_V011	58	4750
L23_V011	59	4875
L23_V011	60	5000
L23_V011	61	5125
L23_V011	62	5250
L23_V011	63	5375
L23_V011	64	5500
L23_V011	65	5625
L23_V011	66	5750
L23_V011	67	5875
L23_V011	68	6000
L23_V011	69	6125
L23_V011	70	6250
L23_V011	71	6375
L23_V011	72	6500
L23_V011	73	6625
L23_V011	74	6644
L23_V011	75	6695
L23_V011	76	6750
L23_V011	77	6875
L23_V011	78	7000
L23_V011	79	7089
L23_V011	80	7125
L23_V011	81	7250
L23_V011	82	7375
L23_V011	83	7455
L23_V011	84	7500
L23_V011	85	7625
L23_V011	86	7750
L23_V011	87	7866
L23_V011	88	7875
L23_V011	89	8000
L23_V011	90	8125
L23_V011	91	8194
L23_V011	92	8250
L23_V011	93	8375
L23_V011	94	8500
L23_V011	95	8625
L23_V011	96	8648
L23_V011	97	8750
L23_V011	98	8875
L23_V011	99	9000
L23_V011	100	9125
L23_V011	101	9186
L23_V011	102	9250
L23_V011	103	9262
L23_V011	104	9375
L23_V011	105	9500
L23_V011	106	9625
L23_V011	107	9661
L23_V011	108	9750
L23_V011	109	9875
L23_V011	110	10000
L23_V011	111	10028
L23_V012	1	0
L23_V012	2	99
L23_V012	3	219
L23_V012	4	369
L23_V012	5	487
L23_V012	6	662
L23_V012	7	825
L23_V012	8	925
L23_V012	9	1025
L23_V012	10	1125
L23_V012	11	1300
L23_V012	12	1425
L23_V012	13	1575
L23_V012	14	1725
L23_V012	15	1825
L23_V012	16	1975
L23_V012	17	2125
L23_V012	18	2225
L23_V012	19	2375
L23_V012	20	2432
L23_V012	21	2550
L23_V012	22	2700
L23_V012	23	2841
L23_V012	24	3015
L23_V012	25	3095
L23_V012	26	3270
L23_V012	27	3410
L23_V012	28	3425
L23_V012	29	3575
L23_V012	30	3717
L23_V012	31	3839
L23_V012	32	3888
L23_V012	33	3949
L23_V012	34	3982
L23_V012	35	4132
L23_V012	36	4282
L23_V012	37	4353
L23_V012	38	4450
L23_V012	39	4517
L23_V012	40	4582
L23_V012	41	4712
L23_V012	42	4887
L23_V012	43	5039
L23_V012	44	5189
L23_V012	45	5289
L23_V012	46	5389
L23_V012	47	5489
L23_V012	48	5589
L23_V012	49	5689
L23_V012	50	5839
L23_V012	51	5939
L23_V012	52	6043
L23_V012	53	6058
L23_V012	54	6148
L23_V012	55	6233
L23_V012	56	6382
L23_V012	57	6392
L23_V012	58	6527
L23_V012	59	6531
L23_V012	60	6631
L23_V012	61	6792
L23_V012	62	6881
L23_V012	63	7031
L23_V012	64	7131
L23_V012	65	7270
L23_V012	66	7388
L23_V012	67	7425
L23_V012	68	7600
L23_V012	69	7725
L23_V012	70	7875
L23_V012	71	7956
L23_V012	72	8001
L23_V012	73	8175
L23_V012	74	8350
L23_V012	75	8447
L23_V012	76	8509
L23_V012	77	8622
L23_V012	78	8750
L23_V012	79	8875
L23_V012	80	9037
L23_V012	81	9103
L23_V012	82	9169
L23_V012	83	9185
L23_V012	84	9281
L23_V012	85	9428
L23_V012	86	9514
L23_V012	87	9560
L23_V012	88	9651
L23_V012	89	9703
L23_V012	90	9870
L23_V012	91	9904
L23_V012	92	9945
L23_V012	93	10031
L23_V012	94	10206
L23_V012	95	10321
L23_V012	96	10330
L23_V014	1	0
L23_V014	2	125
L23_V014	3	250
L23_V014	4	375
L23_V014	5	500
L23_V014	6	625
L23_V014	7	750
L23_V014	8	875
L23_V014	9	1000
L23_V014	10	1125
L23_V014	11	1250
L23_V014	12	1375
L23_V014	13	1500
L23_V014	14	1625
L23_V014	15	1750
L23_V014	16	1875
L23_V014	17	2000
L23_V014	18	2003
L23_V014	19	2125
L23_V014	20	2246
L23_V014	21	2250
L23_V014	22	2375
L23_V014	23	2427
L23_V014	24	2500
L23_V014	25	2625
L23_V014	26	2750
L23_V014	27	2775
L23_V014	28	2875
L23_V014	29	3000
L23_V014	30	3125
L23_V014	31	3250
L23_V014	32	3375
L23_V014	33	3500
L23_V014	34	3625
L23_V014	35	3750
L23_V014	36	3875
L23_V014	37	4000
L23_V014	38	4125
L23_V014	39	4204
L23_V014	40	4250
L23_V014	41	4375
L23_V014	42	4486
L23_V014	43	4500
L23_V014	44	4625
L23_V014	45	4750
L23_V014	46	4766
L23_V014	47	4875
L23_V014	48	5000
L23_V014	49	5125
L23_V014	50	5158
L23_V014	51	5250
L23_V014	52	5375
L23_V014	53	5454
L23_V014	54	5500
L23_V014	55	5625
L23_V014	56	5750
L23_V014	57	5836
L23_V014	58	5875
L23_V014	59	6000
L23_V014	60	6052
L23_V014	61	6125
L23_V014	62	6214
L23_V014	63	6250
L23_V014	64	6375
L23_V014	65	6500
L23_V014	66	6625
L23_V014	67	6750
L23_V014	68	6813
L23_V014	69	6875
L23_V014	70	7000
L23_V014	71	7125
L23_V014	72	7250
L23_V014	73	7334
L23_V014	74	7375
L23_V014	75	7500
L23_V014	76	7591
L23_V014	77	7625
L23_V014	78	7750
L23_V014	79	7875
L23_V014	80	7908
L23_V015	1	0
L23_V015	2	92
L23_V015	3	225
L23_V015	4	395
L23_V015	5	525
L23_V015	6	700
L23_V015	7	802
L23_V015	8	826
L23_V015	9	952
L23_V015	10	1028
L23_V015	11	1203
L23_V015	12	1297
L23_V015	13	1472
L23_V015	14	1592
L23_V015	15	1734
L23_V015	16	1825
L23_V015	17	1975
L23_V015	18	2150
L23_V015	19	2250
L23_V015	20	2425
L23_V015	21	2573
L23_V015	22	2673
L23_V015	23	2813
L23_V015	24	2988
L23_V015	25	3077
L23_V015	26	3192
L23_V015	27	3327
L23_V015	28	3428
L23_V015	29	3602
L23_V015	30	3772
L23_V015	31	3947
L23_V015	32	4077
L23_V015	33	4227
L23_V015	34	4377
L23_V015	35	4527
L23_V015	36	4677
L23_V015	37	4792
L23_V015	38	4875
L23_V015	39	5050
L23_V015	40	5130
L23_V015	41	5305
L23_V015	42	5475
L23_V015	43	5625
L23_V015	44	5775
L23_V015	45	5900
L23_V015	46	6027
L23_V015	47	6161
L23_V015	48	6258
L23_V015	49	6372
L23_V015	50	6466
L23_V015	51	6531
L23_V015	52	6539
L23_V015	53	6617
L23_V015	54	6679
L23_V015	55	6695
L23_V015	56	6870
L23_V015	57	7013
L23_V015	58	7188
L23_V015	59	7300
L23_V015	60	7390
L23_V015	61	7416
L23_V015	62	7565
L23_V015	63	7675
L23_V015	64	7775
L23_V015	65	7925
L23_V015	66	8100
L23_V015	67	8175
L23_V015	68	8261
L23_V015	69	8291
L23_V015	70	8466
L23_V015	71	8625
L23_V015	72	8735
L23_V015	73	8910
L23_V015	74	9075
L23_V015	75	9159
L23_V017	1	0
L23_V017	2	125
L23_V017	3	231
L23_V017	4	407
L23_V017	5	519
L23_V017	6	533
L23_V017	7	655
L23_V017	8	780
L23_V017	9	933
L23_V017	10	1065
L23_V017	11	1108
L23_V017	12	1283
L23_V017	13	1439
L23_V017	14	1574
L23_V017	15	1629
L23_V017	16	1678
L23_V017	17	1853
L23_V017	18	1961
L23_V017	19	2073
L23_V017	20	2248
L23_V017	21	2402
L23_V017	22	2547
L23_V017	23	2579
L23_V017	24	2722
L23_V017	25	2812
L23_V017	26	2987
L23_V017	27	3075
L23_V017	28	3170
L23_V017	29	3327
L23_V017	30	3404
L23_V017	31	3579
L23_V017	32	3715
L23_V017	33	3863
L23_V017	34	3911
L23_V017	35	4004
L23_V017	36	4175
L23_V017	37	4250
L23_V017	38	4425
L23_V017	39	4539
L23_V017	40	4714
L23_V017	41	4821
L23_V017	42	4996
L23_V017	43	5075
L23_V017	44	5186
L23_V017	45	5205
L23_V017	46	5358
L23_V017	47	5375
L23_V017	48	5550
L23_V017	49	5650
L23_V017	50	5825
L23_V017	51	5982
L23_V017	52	6157
L23_V017	53	6250
L23_V017	54	6425
L23_V017	55	6600
L23_V017	56	6769
L23_V017	57	6944
L23_V017	58	7034
L23_V017	59	7208
L23_V017	60	7350
L23_V017	61	7475
L23_V017	62	7650
L23_V017	63	7775
L23_V017	64	7852
L23_V018	1	0
L23_V018	2	175
L23_V018	3	276
L23_V018	4	450
L23_V018	5	525
L23_V018	6	636
L23_V018	7	811
L23_V018	8	986
L23_V018	9	1061
L23_V018	10	1212
L23_V018	11	1352
L23_V018	12	1483
L23_V018	13	1558
L23_V018	14	1707
L23_V018	15	1832
L23_V018	16	1907
L23_V018	17	2077
L23_V018	18	2105
L23_V018	19	2246
L23_V018	20	2315
L23_V018	21	2321
L23_V018	22	2496
L23_V018	23	2614
L23_V018	24	2689
L23_V018	25	2850
L23_V018	26	2926
L23_V018	27	3100
L23_V018	28	3250
L23_V018	29	3418
L23_V018	30	3564
L23_V018	31	3639
L23_V018	32	3800
L23_V018	33	3845
L23_V018	34	3975
L23_V018	35	4150
L23_V018	36	4302
L23_V018	37	4477
L23_V018	38	4650
L23_V018	39	4756
L23_V018	40	4836
L23_V018	41	4983
L23_V018	42	5059
L23_V018	43	5226
L23_V018	44	5301
L23_V018	45	5475
L23_V018	46	5625
L23_V018	47	5730
L23_V018	48	5847
L23_V018	49	5850
L23_V018	50	6025
L23_V018	51	6200
L23_V018	52	6350
L23_V018	53	6486
L23_V018	54	6606
L23_V018	55	6734
L23_V018	56	6809
L23_V018	57	6938
L23_V018	58	7008
L23_V018	59	7013
L23_V018	60	7094
L23_V018	61	7269
L23_V018	62	7326
L23_V018	63	7370
L23_V018	64	7545
L23_V018	65	7591
L23_V018	66	7714
L23_V018	67	7825
L23_V018	68	7914
L23_V018	69	8089
L23_V018	70	8172
L23_V018	71	8220
L23_V018	72	8295
L23_V018	73	8425
L23_V018	74	8525
L23_V018	75	8700
L23_V018	76	8875
L23_V018	77	9025
L23_V018	78	9195
L23_V018	79	9300
L23_V018	80	9439
L23_V018	81	9582
L23_V018	82	9657
L23_V018	83	9797
L23_V018	84	9900
L23_V018	85	9998
L23_V018	86	10011
L23_V018	87	10175
L23_V018	88	10350
L23_V018	89	10478
L23_V018	90	10517
L23_V018	91	10525
L23_V018	92	10700
L23_V018	93	10775
L23_V018	94	10895
L23_V018	95	11070
L23_V018	96	11205
L23_V018	97	11298
L23_V018	98	11471
L23_V018	99	11546
L23_V018	100	11713
L23_V018	101	11825
L23_V018	102	11969
L23_V018	103	12075
L23_V018	104	12250
L23_V018	105	12325
L23_V018	106	12475
L23_V018	107	12600
L23_V018	108	12603
L23_V020	1	0
L23_V020	2	108
L23_V020	3	217
L23_V020	4	373
L23_V020	5	484
L23_V020	6	645
L23_V020	7	805
L23_V020	8	914
L23_V020	9	1080
L23_V020	10	1197
L23_V020	11	1255
L23_V020	12	1426
L23_V020	13	1525
L23_V020	14	1700
L23_V020	15	1775
L23_V020	16	1919
L23_V020	17	1994
L23_V020	18	2143
L23_V020	19	2318
L23_V020	20	2400
L23_V020	21	2425
L23_V020	22	2575
L23_V020	23	2605
L23_V020	24	2711
L23_V020	25	2817
L23_V020	26	2992
L23_V020	27	3100
L23_V020	28	3225
L23_V020	29	3364
L23_V020	30	3435
L23_V020	31	3539
L23_V020	32	3644
L23_V020	33	3819
L23_V020	34	3975
L23_V020	35	4125
L23_V020	36	4177
L23_V020	37	4215
L23_V020	38	4237
L23_V020	39	4269
L23_V020	40	4320
L23_V020	41	4363
L23_V020	42	4397
L23_V020	43	4571
L23_V020	44	4667
L23_V020	45	4842
L23_V020	46	5003
L23_V020	47	5178
L23_V020	48	5322
L23_V020	49	5489
L23_V020	50	5622
L23_V020	51	5655
L23_V020	52	5797
L23_V020	53	5900
L23_V020	54	6008
L23_V020	55	6075
L23_V020	56	6250
L23_V020	57	6389
L23_V020	58	6478
L23_V020	59	6547
L23_V020	60	6722
L23_V020	61	6892
L23_V020	62	7055
L23_V020	63	7077
L23_V020	64	7230
L23_V020	65	7306
L23_V020	66	7481
L23_V020	67	7587
L23_V020	68	7690
L23_V020	69	7843
L23_V020	70	7918
L23_V020	71	8034
L23_V020	72	8092
L23_V020	73	8267
L23_V020	74	8375
L23_V020	75	8532
L23_V020	76	8626
L23_V020	77	8675
L23_V020	78	8802
L23_V020	79	8825
L23_V020	80	8942
L23_V020	81	8951
L23_V020	82	8995
L23_V020	83	9026
L23_V020	84	9200
L23_V020	85	9358
L23_V020	86	9533
L23_V020	87	9536
L23_V021	1	0
L23_V021	2	155
L23_V021	3	325
L23_V021	4	330
L23_V021	5	475
L23_V021	6	650
L23_V021	7	757
L23_V021	8	900
L23_V021	9	1008
L23_V021	10	1075
L23_V021	11	1178
L23_V021	12	1206
L23_V021	13	1320
L23_V021	14	1381
L23_V021	15	1492
L23_V021	16	1567
L23_V021	17	1657
L23_V021	18	1832
L23_V021	19	1911
L23_V021	20	2078
L23_V021	21	2239
L23_V021	22	2414
L23_V021	23	2525
L23_V021	24	2620
L23_V021	25	2637
L23_V021	26	2777
L23_V021	27	2852
L23_V021	28	2957
L23_V021	29	3132
L23_V021	30	3225
L23_V021	31	3325
L23_V021	32	3484
L23_V021	33	3625
L23_V021	34	3701
L23_V021	35	3876
L23_V021	36	3984
L23_V021	37	3995
L23_V021	38	4111
L23_V021	39	4246
L23_V021	40	4286
L23_V021	41	4373
L23_V021	42	4514
L23_V021	43	4532
L23_V021	44	4630
L23_V021	45	4725
L23_V021	46	4811
L23_V021	47	4831
L23_V021	48	4841
L23_V021	49	4898
L23_V021	50	4945
L23_V021	51	5035
L23_V021	52	5050
L23_V021	53	5134
L23_V021	54	5235
L23_V021	55	5300
L23_V021	56	5396
L23_V021	57	5437
L23_V021	58	5491
L23_V021	59	5583
L23_V021	60	5758
L23_V021	61	5850
L23_V021	62	5985
L23_V021	63	6147
L23_V021	64	6222
L23_V021	65	6396
L23_V021	66	6431
L23_V021	67	6463
L23_V021	68	6481
L23_V021	69	6650
L23_V021	70	6737
L23_V021	71	6912
L23_V021	72	7025
L23_V021	73	7150
L23_V021	74	7297
L23_V021	75	7312
L23_V021	76	7465
L23_V021	77	7500
L23_V021	78	7540
L23_V021	79	7715
L23_V021	80	7800
L23_V021	81	7808
L23_V021	82	7920
L23_V021	83	8026
L23_V021	84	8137
L23_V021	85	8212
L23_V021	86	8331
L23_V021	87	8406
L23_V021	88	8553
L23_V021	89	8595
L23_V021	90	8727
L23_V021	91	8900
L23_V021	92	9075
L23_V021	93	9192
L23_V021	94	9274
L23_V021	95	9419
L23_V021	96	9494
L23_V021	97	9668
L23_V021	98	9779
L23_V021	99	9954
L23_V021	100	10095
L23_V021	101	10138
L23_V021	102	10242
L23_V021	103	10361
L23_V021	104	10536
L23_V021	105	10681
L23_V021	106	10700
L23_V021	107	10814
L23_V021	108	10899
L23_V021	109	10952
L23_V021	110	11020
L23_V021	111	11027
L23_V021	112	11093
L23_V021	113	11114
L23_V021	114	11286
L23_V021	115	11307
L23_V021	116	11361
L23_V021	117	11528
L23_V021	118	11702
L23_V021	119	11825
L23_V021	120	11853
L23_V021	121	11884
L23_V021	122	11969
L23_V021	123	12135
L23_V021	124	12300
L23_V021	125	12461
L23_V021	126	12603
L23_V021	127	12678
L23_V021	128	12806
L23_V021	129	12840
L23_V021	130	12853
L23_V021	131	12880
L23_V021	132	12944
L23_V021	133	12952
L23_V021	134	13066
L23_V021	135	13111
L23_V021	136	13197
L23_V021	137	13235
L23_V021	138	13409
L23_V021	139	13500
L23_V022	1	0
L23_V022	2	153
L23_V022	3	328
L23_V022	4	405
L23_V022	5	575
L23_V022	6	725
L23_V022	7	900
L23_V022	8	975
L23_V022	9	1100
L23_V022	10	1225
L23_V022	11	1375
L23_V022	12	1500
L23_V022	13	1625
L23_V022	14	1795
L23_V022	15	1925
L23_V022	16	2023
L23_V022	17	2100
L23_V022	18	2214
L23_V022	19	2389
L23_V022	20	2471
L23_V022	21	2622
L23_V022	22	2786
L23_V022	23	2955
L23_V022	24	3099
L23_V022	25	3174
L23_V022	26	3324
L23_V022	27	3349
L23_V022	28	3445
L23_V022	29	3581
L23_V022	30	3745
L23_V022	31	3756
L23_V022	32	3861
L23_V022	33	3977
L23_V022	34	4008
L23_V022	35	4056
L23_V022	36	4163
L23_V022	37	4338
L23_V022	38	4500
L23_V022	39	4625
L23_V022	40	4766
L23_V022	41	4941
L23_V022	42	5100
L23_V022	43	5227
L23_V022	44	5378
L23_V022	45	5453
L23_V022	46	5628
L23_V022	47	5711
L23_V022	48	5886
L23_V022	49	5998
L23_V022	50	6167
L23_V022	51	6254
L23_V022	52	6420
L23_V022	53	6542
L23_V022	54	6570
L23_V022	55	6633
L23_V022	56	6667
L23_V022	57	6720
L23_V022	58	6895
L23_V022	59	7031
L23_V022	60	7206
L23_V022	61	7367
L23_V022	62	7509
L23_V022	63	7598
L23_V022	64	7773
L23_V022	65	7875
L23_V022	66	7950
L23_V022	67	8125
L23_V022	68	8285
L23_V022	69	8450
L23_V022	70	8575
L23_V022	71	8750
L23_V022	72	8825
L23_V022	73	8979
L23_V022	74	9023
L23_V023	1	0
L23_V023	2	90
L23_V023	3	200
L23_V023	4	300
L23_V023	5	357
L23_V023	6	475
L23_V023	7	633
L23_V023	8	762
L23_V023	9	900
L23_V023	10	1067
L23_V023	11	1242
L23_V023	12	1417
L23_V023	13	1587
L23_V023	14	1675
L23_V023	15	1850
L23_V023	16	1975
L23_V023	17	2150
L23_V023	18	2300
L23_V023	19	2438
L23_V023	20	2601
L23_V023	21	2775
L23_V023	22	2933
L23_V023	23	3108
L23_V023	24	3168
L23_V023	25	3220
L23_V023	26	3322
L23_V023	27	3450
L23_V023	28	3536
L23_V023	29	3561
L23_V023	30	3652
L23_V023	31	3825
L23_V023	32	3975
L23_V023	33	4125
L23_V023	34	4280
L23_V023	35	4455
L23_V023	36	4575
L23_V023	37	4656
L23_V023	38	4750
L23_V023	39	4900
L23_V023	40	5048
L23_V023	41	5158
L23_V023	42	5333
L23_V023	43	5450
L23_V023	44	5535
L23_V023	45	5577
L23_V023	46	5583
L23_V023	47	5685
L23_V023	48	5832
L23_V023	49	6007
L23_V023	50	6150
L23_V023	51	6225
L23_V023	52	6392
L23_V023	53	6523
L23_V023	54	6601
L23_V023	55	6698
L23_V023	56	6792
L23_V023	57	6798
L23_V023	58	6875
L23_V023	59	7050
L23_V023	60	7225
L23_V023	61	7362
L23_V023	62	7400
L23_V023	63	7525
L23_V023	64	7628
L23_V023	65	7800
L23_V023	66	7955
L23_V023	67	8070
L23_V023	68	8125
L23_V023	69	8225
L23_V023	70	8365
L23_V023	71	8517
L23_V023	72	8689
L23_V023	73	8862
L23_V023	74	8971
L23_V023	75	9146
L23_V023	76	9261
L23_V023	77	9375
L23_V023	78	9500
L23_V023	79	9675
L23_V023	80	9707
L23_V023	81	9750
L23_V023	82	9789
L23_V025	1	0
L23_V025	2	125
L23_V025	3	250
L23_V025	4	262
L23_V025	5	375
L23_V025	6	500
L23_V025	7	625
L23_V025	8	750
L23_V025	9	875
L23_V025	10	1000
L23_V025	11	1125
L23_V025	12	1250
L23_V025	13	1375
L23_V025	14	1500
L23_V025	15	1625
L23_V025	16	1750
L23_V025	17	1875
L23_V025	18	2000
L23_V025	19	2125
L23_V025	20	2250
L23_V025	21	2358
L23_V025	22	2375
L23_V025	23	2500
L23_V025	24	2575
L23_V025	25	2625
L23_V025	26	2675
L23_V025	27	2750
L23_V025	28	2875
L23_V025	29	3000
L23_V025	30	3125
L23_V025	31	3250
L23_V025	32	3375
L23_V025	33	3500
L23_V025	34	3625
L23_V025	35	3750
L23_V025	36	3875
L23_V025	37	4000
L23_V025	38	4125
L23_V025	39	4250
L23_V025	40	4362
L23_V025	41	4375
L23_V025	42	4500
L23_V025	43	4625
L23_V025	44	4641
L23_V025	45	4750
L23_V025	46	4875
L23_V025	47	5000
L23_V025	48	5125
L23_V025	49	5250
L23_V025	50	5375
L23_V025	51	5394
L23_V025	52	5473
L23_V025	53	5500
L23_V025	54	5625
L23_V025	55	5750
L23_V025	56	5759
L23_V025	57	5864
L23_V025	58	5875
L23_V025	59	6000
L23_V025	60	6063
L23_V025	61	6125
L23_V025	62	6222
L23_V025	63	6250
L23_V025	64	6375
L23_V025	65	6395
L23_V025	66	6500
L23_V025	67	6625
L23_V025	68	6750
L23_V025	69	6875
L23_V025	70	6970
L23_V025	71	7000
L23_V025	72	7065
L23_V025	73	7125
L23_V025	74	7213
L23_V025	75	7250
L23_V025	76	7345
L23_V025	77	7375
L23_V025	78	7500
L23_V025	79	7625
L23_V025	80	7750
L23_V025	81	7875
L23_V025	82	8000
L23_V025	83	8070
L23_V025	84	8125
L23_V025	85	8250
L23_V025	86	8375
L23_V025	87	8500
L23_V025	88	8615
L23_V025	89	8625
L23_V025	90	8750
L23_V025	91	8875
L23_V025	92	8971
L23_V025	93	9000
L23_V025	94	9089
L23_V025	95	9125
L23_V025	96	9250
L23_V025	97	9258
L23_V025	98	9375
L23_V025	99	9500
L23_V025	100	9625
L23_V025	101	9677
L23_V025	102	9750
L23_V025	103	9875
L23_V025	104	9911
L23_V025	105	9988
L23_V025	106	10000
L23_V025	107	10125
L23_V025	108	10161
L23_V025	109	10250
L23_V025	110	10375
L23_V025	111	10467
L23_V025	112	10500
L23_V025	113	10625
L23_V025	114	10750
L23_V025	115	10774
L23_V025	116	10875
L23_V025	117	10991
L23_V025	118	11000
L23_V025	119	11125
L23_V025	120	11250
L23_V025	121	11375
L23_V025	122	11404
L23_V025	123	11500
L23_V025	124	11549
L23_V025	125	11550
L23_V025	126	11625
L23_V025	127	11669
L23_V025	128	11671
L23_V025	129	11686
L23_V025	130	11750
L23_V025	131	11812
L23_V025	132	11875
L23_V025	133	12000
L23_V025	134	12074
L23_V025	135	12125
L23_V025	136	12244
L23_V025	137	12250
L23_V025	138	12375
L23_V025	139	12500
L23_V025	140	12505
L23_V025	141	12625
L23_V025	142	12750
L23_V025	143	12856
L23_V025	144	12875
L23_V025	145	13000
L23_V025	146	13125
L23_V025	147	13194
L23_V025	148	13250
L23_V025	149	13375
L23_V025	150	13500
L23_V025	151	13601
L23_V025	152	13625
L23_V025	153	13750
L23_V025	154	13875
L23_V025	155	13951
L23_V025	156	14000
L23_V025	157	14125
L23_V025	158	14250
L23_V025	159	14375
L23_V025	160	14412
L23_V025	161	14500
L23_V025	162	14625
L23_V025	163	14750
L23_V025	164	14875
L23_V025	165	15000
L23_V025	166	15125
L23_V025	167	15250
L23_V025	168	15375
L23_V025	169	15500
L23_V025	170	15625
L23_V025	171	15750
L23_V025	172	15875
L23_V025	173	16000
L23_V025	174	16125
L23_V025	175	16204
L23_V025	176	16250
L23_V025	177	16375
L23_V025	178	16500
L23_V025	179	16625
L23_V025	180	16750
L23_V025	181	16875
L23_V025	182	16904
L23_V025	183	16954
L23_V025	184	17000
L23_V025	185	17125
L23_V025	186	17140
L23_V025	187	17185
L23_V025	188	17250
L23_V025	189	17256
L23_V025	190	17375
L23_V025	191	17410
L23_V025	192	17441
L23_V025	193	17500
L23_V025	194	17588
L23_V025	195	17625
L23_V025	196	17702
L23_V025	197	17750
L23_V025	198	17849
L23_V025	199	17875
L23_V025	200	18000
L23_V025	201	18019
L23_V025	202	18125
L23_V025	203	18158
L23_V025	204	18250
L23_V025	205	18375
L23_V025	206	18393
L23_V025	207	18500
L23_V025	208	18625
L23_V025	209	18633
L23_V025	210	18736
L23_V025	211	18750
L23_V025	212	18875
L23_V025	213	18976
L23_V025	214	19000
L23_V025	215	19125
L23_V025	216	19147
L23_V025	217	19204
L23_V025	218	19250
L23_V025	219	19375
L23_V025	220	19500
L23_V025	221	19625
L23_V025	222	19750
L23_V025	223	19875
L23_V025	224	19878
L23_V025	225	20000
L23_V025	226	20121
L23_V025	227	20125
L23_V025	228	20230
L23_V025	229	20250
L23_V025	230	20375
L23_V025	231	20500
L23_V025	232	20521
L23_V025	233	20625
L23_V025	234	20750
L23_V025	235	20831
L23_V025	236	20875
L23_V025	237	21000
L23_V025	238	21077
L23_V025	239	21125
L23_V025	240	21250
L23_V025	241	21375
L24_V002	1	0
L24_V002	2	40
L24_V002	3	124
L24_V002	4	128
L24_V002	5	256
L24_V002	6	328
L24_V002	7	384
L24_V002	8	478
L24_V002	9	512
L24_V002	10	640
L24_V002	11	768
L24_V002	12	877
L24_V002	13	896
L24_V002	14	1024
L24_V002	15	1152
L24_V002	16	1280
L24_V002	17	1408
L24_V002	18	1536
L24_V002	19	1664
L24_V002	20	1792
L24_V002	21	1841
L24_V002	22	1920
L24_V002	23	2030
L24_V002	24	2048
L24_V002	25	2176
L24_V002	26	2304
L24_V002	27	2432
L24_V002	28	2560
L24_V002	29	2688
L24_V002	30	2816
L24_V002	31	2944
L24_V002	32	3072
L24_V002	33	3200
L24_V002	34	3328
L24_V002	35	3456
L24_V002	36	3584
L24_V002	37	3711
L24_V002	38	3815
L24_V002	39	3840
L24_V002	40	3902
L24_V002	41	3968
L24_V002	42	4093
L24_V002	43	4096
L24_V002	44	4224
L24_V002	45	4257
L24_V002	46	4352
L24_V002	47	4480
L24_V002	48	4608
L24_V002	49	4736
L24_V002	50	4751
L24_V002	51	4864
L24_V002	52	4992
L24_V002	53	5020
L24_V002	54	5120
L24_V002	55	5248
L24_V002	56	5376
L24_V002	57	5504
L24_V002	58	5632
L24_V002	59	5760
L24_V002	60	5885
L24_V002	61	5888
L24_V002	62	5935
L24_V002	63	6016
L24_V002	64	6064
L24_V002	65	6144
L24_V002	66	6147
L24_V002	67	6272
L24_V002	68	6400
L24_V002	69	6528
L24_V002	70	6656
L24_V002	71	6736
L24_V002	72	6784
L24_V002	73	6827
L24_V002	74	6912
L24_V002	75	6993
L24_V002	76	7040
L24_V002	77	7087
L24_V002	78	7168
L24_V002	79	7243
L24_V002	80	7295
L24_V002	81	7334
L24_V002	82	7423
L24_V002	83	7465
L24_V002	84	7552
L24_V002	85	7628
L24_V002	86	7680
L24_V002	87	7808
L24_V002	88	7936
L24_V002	89	8064
L24_V002	90	8192
L24_V002	91	8244
L24_V002	92	8320
L24_V002	93	8379
L24_V002	94	8448
L24_V002	95	8466
L24_V002	96	8531
L24_V002	97	8569
L24_V002	98	8576
L24_V002	99	8647
L24_V002	100	8704
L24_V002	101	8737
L24_V002	102	8832
L24_V002	103	8946
L24_V002	104	8960
L24_V002	105	9006
L24_V002	106	9088
L24_V002	107	9216
L24_V002	108	9243
L24_V002	109	9344
L24_V002	110	9472
L24_V002	111	9592
L24_V002	112	9600
L24_V002	113	9728
L24_V002	114	9744
L24_V002	115	9808
L24_V002	116	9856
L24_V002	117	9973
L24_V002	118	9984
L24_V002	119	10112
L24_V002	120	10139
L24_V002	121	10240
L24_V002	122	10368
L24_V002	123	10490
L24_V002	124	10496
L24_V002	125	10531
L24_V002	126	10624
L24_V002	127	10689
L24_V002	128	10752
L24_V002	129	10780
L24_V002	130	10880
L24_V002	131	10894
L24_V002	132	10930
L24_V002	133	11008
L24_V002	134	11066
L24_V002	135	11136
L24_V002	136	11151
L24_V002	137	11264
L24_V002	138	11392
L24_V002	139	11520
L24_V002	140	11648
L24_V002	141	11776
L24_V002	142	11779
L24_V002	143	11904
L24_V002	144	11926
L24_V002	145	12032
L24_V002	146	12113
L24_V002	147	12160
L24_V002	148	12208
L24_V002	149	12288
L24_V002	150	12416
L24_V002	151	12448
L24_V002	152	12541
L24_V002	153	12544
L24_V002	154	12672
L24_V002	155	12800
L24_V002	156	12846
L24_V002	157	12928
L24_V002	158	12949
L24_V002	159	13056
L24_V002	160	13184
L24_V002	161	13312
L24_V002	162	13440
L24_V002	163	13458
L24_V002	164	13533
L24_V002	165	13568
L24_V002	166	13696
L24_V002	167	13761
L24_V002	168	13813
L24_V002	169	13824
L24_V002	170	13952
L24_V002	171	13987
L24_V002	172	14080
L24_V002	173	14208
L24_V002	174	14255
L24_V002	175	14336
L24_V002	176	14463
L24_V002	177	14543
L24_V002	178	14591
L24_V002	179	14719
L24_V002	180	14797
L24_V002	181	14847
L24_V002	182	14976
L24_V002	183	15104
L24_V002	184	15232
L24_V002	185	15246
L24_V002	186	15360
L24_V002	187	15382
L24_V002	188	15488
L24_V002	189	15522
L24_V002	190	15616
L24_V002	191	15700
L24_V002	192	15744
L24_V002	193	15872
L24_V002	194	16000
L24_V002	195	16128
L24_V002	196	16256
L24_V002	197	16299
L24_V002	198	16384
L24_V002	199	16424
L24_V002	200	16454
L24_V002	201	16494
L24_V002	202	16512
L24_V002	203	16609
L24_V002	204	16640
L24_V002	205	16725
L24_V002	206	16768
L24_V002	207	16790
L24_V002	208	16869
L24_V002	209	16896
L24_V002	210	16920
L24_V002	211	16989
L24_V002	212	17024
L24_V002	213	17152
L24_V002	214	17280
L24_V002	215	17323
L24_V002	216	17373
L24_V002	217	17408
L24_V002	218	17470
L24_V002	219	17536
L24_V003	1	0
L24_V003	2	66
L24_V003	3	128
L24_V003	4	256
L24_V003	5	303
L24_V003	6	384
L24_V003	7	512
L24_V003	8	581
L24_V003	9	640
L24_V003	10	768
L24_V003	11	896
L24_V003	12	1024
L24_V003	13	1097
L24_V003	14	1152
L24_V003	15	1280
L24_V003	16	1408
L24_V003	17	1536
L24_V003	18	1664
L24_V003	19	1792
L24_V003	20	1920
L24_V003	21	2048
L24_V003	22	2176
L24_V003	23	2304
L24_V003	24	2432
L24_V003	25	2560
L24_V003	26	2631
L24_V003	27	2688
L24_V003	28	2801
L24_V003	29	2816
L24_V003	30	2944
L24_V003	31	2966
L24_V003	32	3072
L24_V003	33	3115
L24_V003	34	3200
L24_V003	35	3242
L24_V003	36	3272
L24_V003	37	3328
L24_V003	38	3452
L24_V003	39	3456
L24_V003	40	3584
L24_V003	41	3624
L24_V003	42	3711
L24_V003	43	3840
L24_V003	44	3968
L24_V003	45	3995
L24_V003	46	4096
L24_V003	47	4131
L24_V003	48	4224
L24_V003	49	4246
L24_V003	50	4323
L24_V003	51	4352
L24_V003	52	4480
L24_V003	53	4608
L24_V003	54	4622
L24_V003	55	4649
L24_V003	56	4723
L24_V003	57	4736
L24_V003	58	4864
L24_V003	59	4968
L24_V003	60	4992
L24_V003	61	5120
L24_V003	62	5248
L24_V003	63	5330
L24_V003	64	5376
L24_V003	65	5445
L24_V003	66	5504
L24_V003	67	5528
L24_V003	68	5632
L24_V003	69	5760
L24_V003	70	5888
L24_V003	71	5930
L24_V003	72	6007
L24_V003	73	6016
L24_V003	74	6144
L24_V003	75	6249
L24_V003	76	6272
L24_V003	77	6400
L24_V003	78	6528
L24_V003	79	6656
L24_V003	80	6784
L24_V003	81	6912
L24_V003	82	7040
L24_V003	83	7168
L24_V003	84	7295
L24_V003	85	7423
L24_V003	86	7515
L24_V003	87	7552
L24_V003	88	7673
L24_V003	89	7680
L24_V003	90	7808
L24_V003	91	7936
L24_V003	92	8023
L24_V003	93	8064
L24_V003	94	8154
L24_V003	95	8192
L24_V003	96	8320
L24_V003	97	8321
L24_V003	98	8448
L24_V003	99	8500
L24_V003	100	8543
L24_V003	101	8576
L24_V003	102	8632
L24_V003	103	8704
L24_V003	104	8832
L24_V003	105	8904
L24_V003	106	8937
L24_V003	107	8960
L24_V003	108	9088
L24_V003	109	9216
L24_V003	110	9327
L24_V003	111	9344
L24_V003	112	9413
L24_V003	113	9472
L24_V003	114	9502
L24_V003	115	9600
L24_V003	116	9641
L24_V003	117	9728
L24_V003	118	9817
L24_V003	119	9856
L24_V003	120	9923
L24_V003	121	9971
L24_V003	122	9984
L24_V003	123	10112
L24_V003	124	10177
L24_V003	125	10219
L24_V003	126	10240
L24_V003	127	10368
L24_V003	128	10496
L24_V003	129	10610
L24_V003	130	10624
L24_V003	131	10745
L24_V003	132	10752
L24_V003	133	10880
L24_V003	134	10921
L24_V003	135	11008
L24_V003	136	11028
L24_V003	137	11060
L24_V003	138	11136
L24_V003	139	11227
L24_V003	140	11264
L24_V003	141	11333
L24_V003	142	11392
L24_V003	143	11520
L24_V003	144	11648
L24_V003	145	11729
L24_V003	146	11756
L24_V003	147	11776
L24_V003	148	11904
L24_V003	149	11931
L24_V003	150	12004
L24_V003	151	12032
L24_V003	152	12160
L24_V003	153	12288
L24_V003	154	12402
L24_V003	155	12416
L24_V003	156	12544
L24_V003	157	12672
L24_V003	158	12800
L24_V003	159	12881
L24_V003	160	12928
L24_V003	161	13056
L24_V003	162	13184
L24_V003	163	13312
L24_V003	164	13336
L24_V003	165	13424
L24_V003	166	13440
L24_V003	167	13568
L24_V003	168	13629
L24_V003	169	13696
L24_V003	170	13722
L24_V003	171	13824
L24_V003	172	13913
L24_V003	173	13913
L24_V003	174	13916
L24_V003	175	13952
L24_V003	176	14080
L24_V003	177	14082
L24_V003	178	14208
L24_V003	179	14336
L24_V003	180	14463
L24_V003	181	14591
L24_V003	182	14660
L24_V003	183	14719
L24_V003	184	14847
L24_V003	185	14866
L24_V003	186	14976
L24_V003	187	15101
L24_V003	188	15104
L24_V003	189	15232
L24_V003	190	15307
L24_V003	191	15360
L24_V003	192	15399
L24_V003	193	15488
L24_V003	194	15496
L24_V003	195	15590
L24_V003	196	15616
L24_V003	197	15744
L24_V003	198	15863
L24_V003	199	15872
L24_V003	200	15916
L24_V003	201	16000
L24_V003	202	16058
L24_V003	203	16112
L24_V003	204	16128
L24_V003	205	16169
L24_V003	206	16256
L24_V003	207	16353
L24_V003	208	16384
L24_V003	209	16426
L24_V003	210	16512
L24_V003	211	16536
L24_V003	212	16640
L24_V003	213	16680
L24_V003	214	16768
L24_V003	215	16780
L24_V003	216	16865
L24_V003	217	16896
L24_V003	218	16948
L24_V003	219	17024
L24_V003	220	17145
L24_V003	221	17152
L24_V003	222	17193
L24_V003	223	17280
L24_V003	224	17408
L24_V003	225	17536
L24_V003	226	17664
L24_V003	227	17792
L24_V003	228	17920
L24_V003	229	18048
L24_V003	230	18176
L24_V003	231	18218
L24_V003	232	18304
L24_V003	233	18432
L24_V003	234	18495
L24_V003	235	18560
L24_V003	236	18688
L24_V003	237	18816
L24_V003	238	18878
L24_V003	239	18944
L24_V003	240	18975
L24_V005	1	0
L24_V005	2	124
L24_V005	3	248
L24_V005	4	372
L24_V005	5	496
L24_V005	6	620
L24_V005	7	744
L24_V005	8	868
L24_V005	9	992
L24_V005	10	1116
L24_V005	11	1168
L24_V005	12	1220
L24_V005	13	1240
L24_V005	14	1364
L24_V005	15	1488
L24_V005	16	1612
L24_V005	17	1736
L24_V005	18	1860
L24_V005	19	1984
L24_V005	20	2085
L24_V005	21	2108
L24_V005	22	2232
L24_V005	23	2356
L24_V005	24	2396
L24_V005	25	2480
L24_V005	26	2483
L24_V005	27	2604
L24_V005	28	2728
L24_V005	29	2852
L24_V005	30	2976
L24_V005	31	3100
L24_V005	32	3147
L24_V005	33	3224
L24_V005	34	3332
L24_V005	35	3347
L24_V005	36	3472
L24_V005	37	3478
L24_V005	38	3596
L24_V005	39	3720
L24_V005	40	3733
L24_V005	41	3844
L24_V005	42	3911
L24_V005	43	3968
L24_V005	44	4092
L24_V005	45	4197
L24_V005	46	4216
L24_V005	47	4340
L24_V005	48	4348
L24_V005	49	4464
L24_V005	50	4588
L24_V005	51	4687
L24_V005	52	4712
L24_V005	53	4836
L24_V005	54	4945
L24_V005	55	4960
L24_V005	56	5046
L24_V005	57	5084
L24_V005	58	5208
L24_V005	59	5238
L24_V005	60	5307
L24_V005	61	5332
L24_V005	62	5456
L24_V005	63	5478
L24_V005	64	5580
L24_V005	65	5704
L24_V005	66	5828
L24_V005	67	5952
L24_V005	68	5965
L24_V005	69	6025
L24_V005	70	6076
L24_V005	71	6200
L24_V005	72	6211
L24_V005	73	6324
L24_V005	74	6448
L24_V005	75	6562
L24_V005	76	6572
L24_V005	77	6645
L24_V005	78	6695
L24_V005	79	6820
L24_V005	80	6919
L24_V005	81	6944
L24_V005	82	7068
L24_V005	83	7184
L24_V005	84	7192
L24_V005	85	7316
L24_V005	86	7440
L24_V005	87	7564
L24_V005	88	7577
L24_V005	89	7681
L24_V005	90	7688
L24_V005	91	7770
L24_V005	92	7812
L24_V005	93	7936
L24_V005	94	8055
L24_V005	95	8059
L24_V005	96	8168
L24_V005	97	8184
L24_V005	98	8255
L24_V005	99	8308
L24_V005	100	8432
L24_V005	101	8468
L24_V005	102	8556
L24_V005	103	8651
L24_V005	104	8680
L24_V005	105	8804
L24_V005	106	8928
L24_V005	107	9031
L24_V005	108	9052
L24_V005	109	9103
L24_V005	110	9176
L24_V005	111	9300
L24_V005	112	9424
L24_V005	113	9548
L24_V005	114	9672
L24_V005	115	9712
L24_V005	116	9796
L24_V005	117	9893
L24_V005	118	9920
L24_V005	119	10044
L24_V005	120	10077
L24_V005	121	10168
L24_V005	122	10292
L24_V005	123	10330
L24_V005	124	10416
L24_V005	125	10540
L24_V005	126	10664
L24_V005	127	10788
L24_V005	128	10912
L24_V005	129	11036
L24_V005	130	11109
L24_V005	131	11160
L24_V005	132	11284
L24_V005	133	11342
L24_V005	134	11408
L24_V005	135	11410
L24_V005	136	11495
L24_V005	137	11532
L24_V005	138	11579
L24_V005	139	11656
L24_V005	140	11780
L24_V005	141	11904
L24_V005	142	11906
L24_V005	143	12028
L24_V005	144	12152
L24_V005	145	12165
L24_V005	146	12276
L24_V005	147	12354
L24_V005	148	12400
L24_V005	149	12524
L24_V005	150	12569
L24_V005	151	12648
L24_V005	152	12695
L24_V005	153	12772
L24_V005	154	12896
L24_V005	155	12900
L24_V005	156	12959
L24_V005	157	13019
L24_V005	158	13144
L24_V005	159	13151
L24_V005	160	13268
L24_V005	161	13344
L24_V005	162	13391
L24_V005	163	13516
L24_V005	164	13640
L24_V005	165	13651
L24_V005	166	13763
L24_V005	167	13888
L24_V005	168	13921
L24_V005	169	14012
L24_V005	170	14043
L24_V005	171	14136
L24_V005	172	14226
L24_V005	173	14260
L24_V005	174	14384
L24_V005	175	14432
L24_V005	176	14508
L24_V005	177	14632
L24_V005	178	14756
L24_V005	179	14880
L24_V005	180	15004
L24_V005	181	15009
L24_V005	182	15128
L24_V005	183	15190
L24_V005	184	15252
L24_V005	185	15376
L24_V005	186	15500
L24_V005	187	15547
L24_V006	1	0
L24_V006	2	98
L24_V006	3	124
L24_V006	4	199
L24_V006	5	248
L24_V006	6	351
L24_V006	7	372
L24_V006	8	496
L24_V006	9	620
L24_V006	10	687
L24_V006	11	744
L24_V006	12	868
L24_V006	13	992
L24_V006	14	1116
L24_V006	15	1240
L24_V006	16	1364
L24_V006	17	1488
L24_V006	18	1612
L24_V006	19	1630
L24_V006	20	1707
L24_V006	21	1736
L24_V006	22	1860
L24_V006	23	1984
L24_V006	24	2108
L24_V006	25	2232
L24_V006	26	2288
L24_V006	27	2356
L24_V006	28	2367
L24_V006	29	2480
L24_V006	30	2604
L24_V006	31	2728
L24_V006	32	2805
L24_V006	33	2852
L24_V006	34	2879
L24_V006	35	2976
L24_V006	36	3100
L24_V006	37	3224
L24_V006	38	3299
L24_V006	39	3347
L24_V006	40	3379
L24_V006	41	3459
L24_V006	42	3472
L24_V006	43	3565
L24_V006	44	3596
L24_V006	45	3720
L24_V006	46	3844
L24_V006	47	3935
L24_V006	48	3968
L24_V006	49	3979
L24_V006	50	4092
L24_V006	51	4202
L24_V006	52	4216
L24_V006	53	4282
L24_V006	54	4340
L24_V006	55	4428
L24_V006	56	4464
L24_V006	57	4525
L24_V006	58	4588
L24_V006	59	4712
L24_V006	60	4791
L24_V006	61	4836
L24_V006	62	4869
L24_V006	63	4960
L24_V006	64	5084
L24_V006	65	5208
L24_V006	66	5318
L24_V006	67	5332
L24_V006	68	5456
L24_V006	69	5580
L24_V006	70	5704
L24_V006	71	5828
L24_V006	72	5952
L24_V006	73	6076
L24_V006	74	6200
L24_V006	75	6324
L24_V006	76	6448
L24_V006	77	6572
L24_V006	78	6692
L24_V006	79	6695
L24_V006	80	6820
L24_V006	81	6864
L24_V006	82	6944
L24_V006	83	7048
L24_V006	84	7068
L24_V006	85	7192
L24_V006	86	7316
L24_V006	87	7440
L24_V006	88	7564
L24_V006	89	7665
L24_V006	90	7688
L24_V006	91	7812
L24_V006	92	7936
L24_V006	93	7961
L24_V006	94	8059
L24_V006	95	8123
L24_V006	96	8184
L24_V006	97	8308
L24_V006	98	8388
L24_V006	99	8432
L24_V006	100	8533
L24_V006	101	8556
L24_V006	102	8624
L24_V006	103	8680
L24_V006	104	8804
L24_V006	105	8928
L24_V006	106	9008
L24_V006	107	9052
L24_V006	108	9176
L24_V006	109	9300
L24_V006	110	9424
L24_V006	111	9483
L24_V006	112	9548
L24_V006	113	9672
L24_V006	114	9796
L24_V006	115	9920
L24_V006	116	10044
L24_V006	117	10168
L24_V006	118	10292
L24_V006	119	10416
L24_V006	120	10540
L24_V006	121	10553
L24_V006	122	10664
L24_V006	123	10740
L24_V006	124	10788
L24_V006	125	10912
L24_V006	126	11036
L24_V006	127	11160
L24_V006	128	11284
L24_V006	129	11408
L24_V006	130	11525
L24_V006	131	11532
L24_V006	132	11656
L24_V006	133	11685
L24_V006	134	11780
L24_V006	135	11840
L24_V006	136	11904
L24_V006	137	12028
L24_V006	138	12152
L24_V006	139	12276
L24_V006	140	12370
L24_V006	141	12400
L24_V006	142	12524
L24_V006	143	12648
L24_V006	144	12772
L24_V006	145	12896
L24_V006	146	13019
L24_V006	147	13144
L24_V006	148	13268
L24_V006	149	13391
L24_V006	150	13397
L24_V006	151	13516
L24_V006	152	13640
L24_V006	153	13763
L24_V006	154	13888
L24_V006	155	14012
L24_V006	156	14018
L24_V006	157	14115
L24_V006	158	14136
L24_V007	1	0
L24_V007	2	124
L24_V007	3	248
L24_V007	4	372
L24_V007	5	496
L24_V007	6	528
L24_V007	7	620
L24_V007	8	634
L24_V007	9	744
L24_V007	10	868
L24_V007	11	992
L24_V007	12	1022
L24_V007	13	1116
L24_V007	14	1240
L24_V007	15	1364
L24_V007	16	1488
L24_V007	17	1612
L24_V007	18	1736
L24_V007	19	1860
L24_V007	20	1984
L24_V007	21	2108
L24_V007	22	2232
L24_V007	23	2356
L24_V007	24	2480
L24_V007	25	2604
L24_V007	26	2628
L24_V007	27	2676
L24_V007	28	2728
L24_V007	29	2852
L24_V007	30	2976
L24_V007	31	3100
L24_V007	32	3221
L24_V007	33	3224
L24_V007	34	3315
L24_V007	35	3347
L24_V007	36	3449
L24_V007	37	3472
L24_V007	38	3596
L24_V007	39	3720
L24_V007	40	3844
L24_V007	41	3968
L24_V007	42	4092
L24_V007	43	4216
L24_V007	44	4340
L24_V007	45	4377
L24_V007	46	4464
L24_V007	47	4473
L24_V007	48	4588
L24_V007	49	4712
L24_V007	50	4789
L24_V007	51	4836
L24_V007	52	4960
L24_V007	53	5007
L24_V007	54	5069
L24_V007	55	5084
L24_V007	56	5160
L24_V007	57	5208
L24_V007	58	5231
L24_V007	59	5332
L24_V007	60	5456
L24_V007	61	5580
L24_V007	62	5704
L24_V007	63	5725
L24_V007	64	5828
L24_V007	65	5952
L24_V007	66	5987
L24_V007	67	6076
L24_V007	68	6127
L24_V007	69	6200
L24_V007	70	6324
L24_V007	71	6448
L24_V007	72	6502
L24_V007	73	6572
L24_V007	74	6576
L24_V007	75	6695
L24_V007	76	6820
L24_V007	77	6944
L24_V007	78	7068
L24_V007	79	7192
L24_V007	80	7233
L24_V007	81	7280
L24_V007	82	7316
L24_V007	83	7394
L24_V007	84	7440
L24_V007	85	7544
L24_V007	86	7564
L24_V007	87	7688
L24_V007	88	7798
L24_V007	89	7812
L24_V007	90	7936
L24_V007	91	7976
L24_V007	92	8059
L24_V007	93	8159
L24_V007	94	8184
L24_V007	95	8213
L24_V007	96	8308
L24_V007	97	8432
L24_V007	98	8556
L24_V007	99	8680
L24_V007	100	8779
L24_V007	101	8804
L24_V007	102	8851
L24_V007	103	8928
L24_V007	104	9039
L24_V007	105	9052
L24_V007	106	9093
L24_V007	107	9176
L24_V007	108	9300
L24_V007	109	9352
L24_V007	110	9424
L24_V007	111	9548
L24_V007	112	9672
L24_V007	113	9796
L24_V007	114	9920
L24_V007	115	10044
L24_V007	116	10168
L24_V007	117	10292
L24_V007	118	10416
L24_V007	119	10540
L24_V007	120	10664
L24_V007	121	10683
L24_V007	122	10770
L24_V007	123	10788
L24_V007	124	10866
L24_V007	125	10912
L24_V007	126	11036
L24_V007	127	11160
L24_V007	128	11207
L24_V007	129	11284
L24_V007	130	11408
L24_V007	131	11532
L24_V007	132	11656
L24_V007	133	11692
L24_V007	134	11780
L24_V007	135	11904
L24_V007	136	12028
L24_V007	137	12152
L24_V007	138	12276
L24_V007	139	12353
L24_V007	140	12400
L24_V007	141	12524
L24_V007	142	12561
L24_V007	143	12648
L24_V007	144	12772
L24_V007	145	12896
L24_V007	146	13019
L24_V007	147	13119
L24_V007	148	13144
L24_V007	149	13210
L24_V007	150	13268
L24_V007	151	13391
L24_V007	152	13516
L24_V007	153	13640
L24_V007	154	13763
L24_V007	155	13888
L24_V007	156	13926
L24_V007	157	14012
L24_V007	158	14013
L24_V007	159	14060
L24_V007	160	14136
L24_V007	161	14157
L24_V008	1	0
L24_V008	2	118
L24_V008	3	124
L24_V008	4	248
L24_V008	5	372
L24_V008	6	496
L24_V008	7	620
L24_V008	8	744
L24_V008	9	771
L24_V008	10	868
L24_V008	11	992
L24_V008	12	1116
L24_V008	13	1240
L24_V008	14	1356
L24_V008	15	1364
L24_V008	16	1488
L24_V008	17	1530
L24_V008	18	1598
L24_V008	19	1612
L24_V008	20	1736
L24_V008	21	1860
L24_V008	22	1984
L24_V008	23	2108
L24_V008	24	2232
L24_V008	25	2356
L24_V008	26	2435
L24_V008	27	2480
L24_V008	28	2568
L24_V008	29	2604
L24_V008	30	2728
L24_V008	31	2794
L24_V008	32	2852
L24_V008	33	2976
L24_V008	34	3081
L24_V008	35	3100
L24_V008	36	3224
L24_V008	37	3270
L24_V008	38	3347
L24_V008	39	3411
L24_V008	40	3472
L24_V008	41	3544
L24_V008	42	3596
L24_V008	43	3665
L24_V008	44	3720
L24_V008	45	3844
L24_V008	46	3968
L24_V008	47	4014
L24_V008	48	4092
L24_V008	49	4216
L24_V008	50	4241
L24_V008	51	4340
L24_V008	52	4401
L24_V008	53	4464
L24_V008	54	4588
L24_V008	55	4712
L24_V008	56	4836
L24_V008	57	4960
L24_V008	58	5012
L24_V008	59	5084
L24_V008	60	5208
L24_V008	61	5332
L24_V008	62	5392
L24_V008	63	5456
L24_V008	64	5580
L24_V008	65	5680
L24_V008	66	5704
L24_V008	67	5828
L24_V008	68	5952
L24_V008	69	6076
L24_V008	70	6103
L24_V008	71	6200
L24_V008	72	6312
L24_V008	73	6324
L24_V008	74	6426
L24_V008	75	6448
L24_V008	76	6572
L24_V008	77	6695
L24_V008	78	6820
L24_V008	79	6890
L24_V008	80	6944
L24_V008	81	6998
L24_V008	82	7068
L24_V008	83	7192
L24_V008	84	7229
L24_V008	85	7316
L24_V008	86	7392
L24_V008	87	7440
L24_V008	88	7564
L24_V008	89	7688
L24_V008	90	7812
L24_V008	91	7865
L24_V008	92	7936
L24_V008	93	8059
L24_V008	94	8184
L24_V008	95	8308
L24_V008	96	8337
L24_V008	97	8432
L24_V008	98	8556
L24_V008	99	8680
L24_V008	100	8704
L24_V008	101	8804
L24_V008	102	8807
L24_V008	103	8928
L24_V008	104	9052
L24_V008	105	9176
L24_V008	106	9211
L24_V008	107	9243
L24_V008	108	9300
L24_V008	109	9424
L24_V008	110	9548
L24_V008	111	9672
L24_V008	112	9755
L24_V008	113	9796
L24_V008	114	9920
L24_V008	115	9952
L24_V008	116	10044
L24_V008	117	10162
L24_V008	118	10168
L24_V008	119	10292
L24_V008	120	10327
L24_V008	121	10416
L24_V008	122	10463
L24_V008	123	10540
L24_V008	124	10575
L24_V008	125	10664
L24_V008	126	10788
L24_V008	127	10912
L24_V008	128	11036
L24_V008	129	11140
L24_V008	130	11160
L24_V008	131	11244
L24_V008	132	11284
L24_V008	133	11408
L24_V008	134	11532
L24_V008	135	11656
L24_V008	136	11761
L24_V008	137	11780
L24_V008	138	11904
L24_V008	139	12005
L24_V008	140	12028
L24_V008	141	12152
L24_V008	142	12276
L24_V008	143	12300
L24_V008	144	12400
L24_V008	145	12477
L24_V008	146	12524
L24_V008	147	12579
L24_V008	148	12648
L24_V008	149	12772
L24_V008	150	12896
L24_V008	151	13019
L24_V008	152	13144
L24_V008	153	13225
L24_V008	154	13268
L24_V008	155	13335
L24_V008	156	13391
L24_V008	157	13516
L24_V008	158	13640
L24_V008	159	13641
L24_V008	160	13728
L24_V008	161	13763
L24_V008	162	13851
L24_V008	163	13888
L24_V008	164	13947
L24_V008	165	14012
L24_V012	1	0
L24_V012	2	128
L24_V012	3	130
L24_V012	4	256
L24_V012	5	340
L24_V012	6	384
L24_V012	7	512
L24_V012	8	605
L24_V012	9	640
L24_V012	10	734
L24_V012	11	768
L24_V012	12	851
L24_V012	13	896
L24_V012	14	1024
L24_V012	15	1090
L24_V012	16	1152
L24_V012	17	1272
L24_V012	18	1280
L24_V012	19	1408
L24_V012	20	1495
L24_V012	21	1536
L24_V012	22	1607
L24_V012	23	1664
L24_V012	24	1693
L24_V012	25	1792
L24_V012	26	1888
L24_V012	27	1920
L24_V012	28	2028
L24_V012	29	2048
L24_V012	30	2176
L24_V012	31	2251
L24_V012	32	2304
L24_V012	33	2412
L24_V012	34	2413
L24_V012	35	2414
L24_V012	36	2415
L24_V012	37	2416
L24_V012	38	2417
L24_V012	39	2418
L24_V012	40	2419
L24_V012	41	2420
L24_V012	42	2421
L24_V012	43	2422
L24_V012	44	2423
L24_V012	45	2424
L24_V012	46	2425
L24_V012	47	2426
L24_V015	1	0
L24_V015	2	124
L24_V015	3	248
L24_V015	4	372
L24_V015	5	496
L24_V015	6	620
L24_V015	7	744
L24_V015	8	868
L24_V015	9	992
L24_V015	10	1116
L24_V015	11	1240
L24_V015	12	1247
L24_V015	13	1364
L24_V015	14	1488
L24_V015	15	1594
L24_V015	16	1612
L24_V015	17	1635
L24_V015	18	1732
L24_V015	19	1736
L24_V015	20	1805
L24_V015	21	1860
L24_V015	22	1978
L24_V015	23	1984
L24_V015	24	2108
L24_V015	25	2232
L24_V015	26	2356
L24_V015	27	2480
L24_V015	28	2604
L24_V015	29	2717
L24_V015	30	2728
L24_V015	31	2743
L24_V015	32	2852
L24_V015	33	2976
L24_V015	34	3100
L24_V015	35	3224
L24_V015	36	3347
L24_V015	37	3377
L24_V015	38	3472
L24_V015	39	3596
L24_V015	40	3604
L24_V015	41	3720
L24_V015	42	3844
L24_V015	43	3865
L24_V015	44	3960
L24_V015	45	3968
L24_V015	46	4092
L24_V015	47	4216
L24_V015	48	4340
L24_V015	49	4464
L24_V015	50	4522
L24_V015	51	4588
L24_V015	52	4699
L24_V015	53	4712
L24_V015	54	4836
L24_V015	55	4949
L24_V015	56	4960
L24_V015	57	5084
L24_V015	58	5208
L24_V015	59	5228
L24_V015	60	5332
L24_V015	61	5456
L24_V015	62	5574
L24_V015	63	5580
L24_V015	64	5704
L24_V015	65	5828
L24_V015	66	5919
L24_V015	67	5952
L24_V015	68	6076
L24_V015	69	6159
L24_V015	70	6200
L24_V015	71	6324
L24_V015	72	6448
L24_V015	73	6572
L24_V015	74	6579
L24_V015	75	6695
L24_V015	76	6744
L24_V015	77	6820
L24_V015	78	6944
L24_V015	79	6947
L24_V015	80	7068
L24_V015	81	7081
L24_V015	82	7192
L24_V015	83	7316
L24_V015	84	7370
L24_V015	85	7440
L24_V015	86	7463
L24_V015	87	7523
L24_V015	88	7564
L24_V015	89	7593
L24_V015	90	7688
L24_V015	91	7812
L24_V015	92	7834
L24_V015	93	7936
L24_V015	94	7980
L24_V015	95	8047
L24_V015	96	8059
L24_V015	97	8163
L24_V015	98	8184
L24_V015	99	8201
L24_V015	100	8308
L24_V015	101	8380
L24_V015	102	8432
L24_V015	103	8556
L24_V015	104	8680
L24_V015	105	8804
L24_V015	106	8841
L24_V015	107	8928
L24_V015	108	8944
L24_V015	109	9052
L24_V015	110	9122
L24_V015	111	9176
L24_V015	112	9300
L24_V015	113	9424
L24_V015	114	9440
L24_V015	115	9548
L24_V015	116	9607
L24_V015	117	9672
L24_V015	118	9796
L24_V015	119	9920
L24_V015	120	9968
L24_V015	121	10044
L24_V015	122	10121
L24_V015	123	10168
L24_V015	124	10268
L24_V015	125	10292
L24_V015	126	10372
L24_V015	127	10416
L24_V015	128	10492
L24_V015	129	10540
L24_V015	130	10624
L24_V015	131	10664
L24_V015	132	10766
L24_V015	133	10788
L24_V015	134	10872
L24_V015	135	10912
L24_V015	136	10956
L24_V015	137	11036
L24_V015	138	11160
L24_V015	139	11284
L24_V015	140	11408
L24_V015	141	11532
L24_V015	142	11647
L24_V015	143	11656
L24_V015	144	11704
L24_V015	145	11780
L24_V015	146	11904
L24_V015	147	11935
L24_V015	148	12002
L24_V015	149	12028
L24_V015	150	12152
L24_V015	151	12182
L24_V015	152	12276
L24_V015	153	12400
L24_V015	154	12422
L24_V015	155	12524
L24_V015	156	12648
L24_V015	157	12772
L24_V015	158	12825
L24_V015	159	12896
L24_V015	160	13019
L24_V015	161	13144
L24_V015	162	13260
L24_V015	163	13268
L24_V015	164	13369
L24_V015	165	13391
L24_V015	166	13516
L24_V015	167	13569
L24_V015	168	13640
L24_V015	169	13763
L24_V015	170	13874
L24_V015	171	13888
L24_V015	172	13938
L24_V015	173	13994
L24_V015	174	14012
L24_V015	175	14136
L24_V015	176	14207
L24_V015	177	14260
L24_V015	178	14331
L24_V015	179	14384
L24_V015	180	14431
L24_V015	181	14508
L24_V015	182	14613
L24_V015	183	14632
L24_V015	184	14735
L24_V015	185	14743
L24_V015	186	14756
L24_V015	187	14880
L24_V016	1	0
L24_V016	2	124
L24_V016	3	248
L24_V016	4	372
L24_V016	5	496
L24_V016	6	620
L24_V016	7	744
L24_V016	8	868
L24_V016	9	992
L24_V016	10	1042
L24_V016	11	1116
L24_V016	12	1226
L24_V016	13	1240
L24_V016	14	1364
L24_V016	15	1421
L24_V016	16	1488
L24_V016	17	1569
L24_V016	18	1612
L24_V016	19	1736
L24_V016	20	1860
L24_V016	21	1984
L24_V016	22	2032
L24_V016	23	2108
L24_V016	24	2155
L24_V016	25	2232
L24_V016	26	2272
L24_V016	27	2356
L24_V016	28	2480
L24_V016	29	2604
L24_V016	30	2622
L24_V016	31	2728
L24_V016	32	2852
L24_V016	33	2976
L24_V016	34	3100
L24_V016	35	3224
L24_V016	36	3307
L24_V016	37	3347
L24_V016	38	3472
L24_V016	39	3563
L24_V016	40	3596
L24_V016	41	3695
L24_V016	42	3720
L24_V016	43	3844
L24_V016	44	3859
L24_V016	45	3968
L24_V016	46	4092
L24_V016	47	4216
L24_V016	48	4340
L24_V016	49	4464
L24_V016	50	4491
L24_V016	51	4588
L24_V016	52	4647
L24_V016	53	4712
L24_V016	54	4836
L24_V016	55	4960
L24_V016	56	5084
L24_V016	57	5208
L24_V016	58	5234
L24_V016	59	5332
L24_V016	60	5352
L24_V016	61	5423
L24_V016	62	5456
L24_V016	63	5538
L24_V016	64	5580
L24_V016	65	5704
L24_V016	66	5828
L24_V016	67	5863
L24_V016	68	5952
L24_V016	69	6033
L24_V016	70	6076
L24_V016	71	6200
L24_V016	72	6324
L24_V016	73	6448
L24_V016	74	6572
L24_V016	75	6695
L24_V016	76	6780
L24_V016	77	6820
L24_V016	78	6903
L24_V016	79	6944
L24_V016	80	6993
L24_V016	81	7068
L24_V016	82	7123
L24_V016	83	7192
L24_V016	84	7273
L24_V016	85	7316
L24_V016	86	7440
L24_V016	87	7506
L24_V016	88	7564
L24_V016	89	7623
L24_V016	90	7688
L24_V016	91	7812
L24_V016	92	7936
L24_V016	93	8059
L24_V016	94	8184
L24_V016	95	8308
L24_V016	96	8359
L24_V016	97	8432
L24_V016	98	8483
L24_V016	99	8556
L24_V016	100	8680
L24_V016	101	8804
L24_V016	102	8928
L24_V016	103	9052
L24_V016	104	9176
L24_V016	105	9300
L24_V016	106	9424
L24_V016	107	9548
L24_V016	108	9672
L24_V016	109	9796
L24_V016	110	9920
L24_V016	111	10044
L24_V016	112	10075
L24_V016	113	10165
L24_V016	114	10168
L24_V016	115	10292
L24_V016	116	10328
L24_V016	117	10369
L24_V016	118	10416
L24_V016	119	10540
L24_V016	120	10664
L24_V016	121	10760
L24_V016	122	10788
L24_V016	123	10912
L24_V016	124	11036
L24_V016	125	11160
L24_V016	126	11231
L24_V016	127	11284
L24_V016	128	11408
L24_V016	129	11532
L24_V016	130	11589
L24_V016	131	11656
L24_V016	132	11692
L24_V016	133	11748
L24_V016	134	11780
L24_V016	135	11904
L24_V016	136	12028
L24_V016	137	12152
L24_V016	138	12276
L24_V016	139	12400
L24_V016	140	12511
L24_V016	141	12524
L24_V016	142	12610
L24_V016	143	12648
L24_V016	144	12759
L24_V016	145	12772
L24_V016	146	12890
L24_V016	147	12896
L24_V016	148	13019
L24_V016	149	13144
L24_V016	150	13268
L24_V016	151	13391
L24_V016	152	13516
L24_V016	153	13640
L24_V016	154	13763
L24_V016	155	13888
L24_V016	156	13983
L24_V016	157	14012
L24_V021	1	0
L24_V021	2	152
L24_V021	3	303
L24_V021	4	456
L24_V021	5	477
L24_V021	6	608
L24_V021	7	759
L24_V021	8	912
L24_V021	9	1064
L24_V021	10	1215
L24_V021	11	1368
L24_V021	12	1520
L24_V021	13	1533
L24_V021	14	1659
L24_V021	15	1671
L24_V021	16	1824
L24_V021	17	1976
L24_V021	18	2127
L24_V021	19	2280
L24_V021	20	2432
L24_V021	21	2583
L24_V021	22	2594
L24_V021	23	2736
L24_V021	24	2888
L24_V021	25	3039
L24_V021	26	3161
L24_V021	27	3192
L24_V021	28	3344
L24_V021	29	3444
L24_V021	30	3495
L24_V021	31	3531
L24_V021	32	3648
L24_V021	33	3800
L24_V021	34	3951
L24_V021	35	4104
L24_V021	36	4206
L24_V021	37	4256
L24_V021	38	4317
L24_V021	39	4397
L24_V021	40	4407
L24_V021	41	4560
L24_V021	42	4712
L24_V021	43	4832
L24_V021	44	4863
L24_V021	45	4964
L24_V021	46	5016
L24_V021	47	5168
L24_V021	48	5319
L24_V021	49	5372
L24_V021	50	5472
L24_V021	51	5555
L24_V021	52	5624
L24_V021	53	5775
L24_V021	54	5928
L24_V021	55	6033
L24_V021	56	6080
L24_V021	57	6231
L24_V021	58	6254
L24_V021	59	6384
L24_V021	60	6536
L24_V021	61	6654
L24_V021	62	6687
L24_V021	63	6840
L24_V021	64	6875
L24_V021	65	6992
L24_V021	66	7131
L24_V021	67	7143
L24_V021	68	7296
L24_V021	69	7347
L24_V021	70	7448
L24_V021	71	7599
L24_V021	72	7751
L24_V021	73	7904
L24_V021	74	8055
L24_V021	75	8208
L24_V021	76	8244
L24_V021	77	8360
L24_V021	78	8511
L24_V021	79	8664
L24_V021	80	8721
L24_V021	81	8816
L24_V021	82	8903
L24_V021	83	8967
L24_V021	84	8996
L24_V021	85	9063
L24_V021	86	9120
L24_V021	87	9272
L24_V021	88	9423
L24_V021	89	9576
L24_V021	90	9728
L24_V021	91	9879
L24_V021	92	9930
L24_V021	93	10032
L24_V021	94	10116
L24_V021	95	10184
L24_V021	96	10323
L24_V021	97	10335
L24_V021	98	10488
L24_V021	99	10640
L24_V021	100	10791
L24_V021	101	10944
L24_V021	102	11096
L24_V021	103	11145
L24_V021	104	11247
L24_V021	105	11354
L24_V021	106	11400
L24_V021	107	11493
L24_V021	108	11552
L24_V021	109	11688
L24_V021	110	11703
L24_V021	111	11775
L24_V021	112	11856
L24_V021	113	12008
L24_V021	114	12146
L24_V021	115	12159
L24_V021	116	12303
L24_V021	117	12312
L24_V021	118	12464
L24_V021	119	12615
L24_V021	120	12768
L24_V021	121	12860
L24_V021	122	12920
L24_V021	123	13071
L24_V021	124	13097
L24_V021	125	13224
L24_V021	126	13359
L24_V021	127	13376
L24_V021	128	13527
L24_V021	129	13680
L24_V021	130	13832
L24_V021	131	13862
L24_V021	132	13983
L24_V021	133	14136
L24_V021	134	14238
L24_V021	135	14288
L24_V021	136	14393
L24_V021	137	14439
L24_V021	138	14592
L24_V021	139	14639
L24_V021	140	14744
L24_V021	141	14895
L24_V021	142	15048
L24_V021	143	15086
L24_V021	144	15200
L24_V021	145	15351
L24_V021	146	15503
L24_V021	147	15656
L24_V021	148	15807
L24_V021	149	15903
L24_V021	150	15960
L24_V021	151	16112
L24_V021	152	16263
L24_V021	153	16416
L24_V021	154	16568
L24_V021	155	16719
L24_V021	156	16803
L24_V021	157	16872
L24_V028	1	0
L24_V028	2	152
L24_V028	3	303
L24_V028	4	456
L24_V028	5	608
L24_V028	6	759
L24_V028	7	912
L24_V028	8	1064
L24_V028	9	1131
L24_V028	10	1215
L24_V028	11	1368
L24_V028	12	1401
L24_V028	13	1520
L24_V028	14	1532
L24_V028	15	1671
L24_V028	16	1824
L24_V028	17	1976
L24_V028	18	2127
L24_V028	19	2280
L24_V028	20	2423
L24_V028	21	2432
L24_V028	22	2583
L24_V028	23	2736
L24_V028	24	2852
L24_V028	25	2888
L24_V028	26	3039
L24_V028	27	3192
L24_V028	28	3231
L24_V028	29	3344
L24_V028	30	3419
L24_V028	31	3495
L24_V028	32	3648
L24_V028	33	3800
L24_V028	34	3951
L24_V028	35	4104
L24_V028	36	4256
L24_V028	37	4335
L24_V028	38	4407
L24_V028	39	4560
L24_V028	40	4584
L24_V028	41	4712
L24_V028	42	4812
L24_V028	43	4863
L24_V028	44	5016
L24_V028	45	5048
L24_V028	46	5168
L24_V028	47	5178
L24_V028	48	5319
L24_V028	49	5346
L24_V028	50	5472
L24_V028	51	5624
L24_V028	52	5693
L24_V028	53	5775
L24_V028	54	5928
L24_V028	55	6080
L24_V028	56	6099
L24_V028	57	6231
L24_V028	58	6243
L24_V028	59	6384
L24_V028	60	6536
L24_V028	61	6687
L24_V028	62	6789
L24_V028	63	6840
L24_V028	64	6992
L24_V028	65	7143
L24_V028	66	7200
L24_V028	67	7296
L24_V028	68	7328
L24_V028	69	7437
L24_V028	70	7448
L24_V028	71	7515
L24_V028	72	7599
L24_V028	73	7661
L24_V028	74	7725
L24_V028	75	7751
L24_V028	76	7904
L24_V028	77	8055
L24_V028	78	8162
L24_V028	79	8208
L24_V028	80	8286
L24_V028	81	8360
L24_V028	82	8478
L24_V028	83	8511
L24_V028	84	8664
L24_V028	85	8724
L24_V028	86	8804
L24_V028	87	8816
L24_V028	88	8967
L24_V028	89	9089
L24_V028	90	9120
L24_V028	91	9183
L24_V028	92	9272
L24_V028	93	9351
L24_V028	94	9423
L24_V028	95	9428
L24_V028	96	9576
L24_V028	97	9638
L24_V028	98	9728
L24_V028	99	9746
L24_V028	100	9819
L24_V028	101	9879
L24_V028	102	9993
L24_V028	103	10032
L24_V028	104	10172
L24_V028	105	10184
L24_V028	106	10335
L24_V028	107	10436
L24_V028	108	10488
L24_V028	109	10596
L24_V028	110	10640
L24_V028	111	10709
L24_V028	112	10791
L24_V028	113	10913
L24_V028	114	10944
L24_V028	115	11007
L24_V028	116	11096
L24_V028	117	11229
L24_V028	118	11247
L24_V028	119	11400
L24_V028	120	11552
L24_V028	121	11703
L24_V028	122	11856
L24_V028	123	12008
L24_V028	124	12009
L24_V028	125	12159
L24_V028	126	12236
L24_V028	127	12312
L24_V028	128	12342
L24_V028	129	12464
L24_V028	130	12570
L24_V028	131	12615
L24_V028	132	12756
L24_V028	133	12768
L24_V028	134	12920
L24_V028	135	12990
L24_V028	136	13071
L24_V028	137	13224
L24_V028	138	13376
L24_V028	139	13527
L24_V028	140	13611
L24_V028	141	13680
L24_V028	142	13689
L24_V028	143	13832
L24_V028	144	13983
L24_V028	145	14045
L24_V028	146	14136
L24_V028	147	14174
L24_V028	148	14255
L24_V028	149	14288
L24_V028	150	14439
L24_V028	151	14570
L24_V028	152	14592
L24_V028	153	14744
L24_V028	154	14895
L24_V028	155	15039
L24_V028	156	15048
L24_V028	157	15183
L24_V028	158	15200
L24_V028	159	15312
L24_V028	160	15351
L24_V028	161	15503
L24_V028	162	15656
L24_V028	163	15807
L24_V028	164	15861
L24_V028	165	15947
L24_V028	166	15960
L24_V028	167	16025
L24_V028	168	16112
L24_V028	169	16263
L24_V028	170	16416
L24_V028	171	16455
L24_V028	172	16568
L24_V028	173	16719
L24_V028	174	16862
L24_V028	175	16872
L24_V028	176	17024
L24_V029	1	0
L24_V029	2	114
L24_V029	3	152
L24_V029	4	303
L24_V029	5	377
L24_V029	6	456
L24_V029	7	462
L24_V029	8	608
L24_V029	9	759
L24_V029	10	912
L24_V029	11	1064
L24_V029	12	1083
L24_V029	13	1215
L24_V029	14	1229
L24_V029	15	1368
L24_V029	16	1520
L24_V029	17	1589
L24_V029	18	1671
L24_V029	19	1824
L24_V029	20	1971
L24_V029	21	1976
L24_V029	22	2127
L24_V029	23	2280
L24_V029	24	2330
L24_V029	25	2432
L24_V029	26	2583
L24_V029	27	2691
L24_V029	28	2736
L24_V029	29	2888
L24_V029	30	3039
L24_V029	31	3066
L24_V029	32	3143
L24_V029	33	3192
L24_V029	34	3261
L24_V029	35	3344
L24_V029	36	3495
L24_V029	37	3531
L24_V029	38	3648
L24_V029	39	3800
L24_V029	40	3951
L24_V029	41	4104
L24_V029	42	4190
L24_V029	43	4256
L24_V029	44	4407
L24_V029	45	4560
L24_V029	46	4628
L24_V029	47	4712
L24_V029	48	4800
L24_V029	49	4863
L24_V029	50	5016
L24_V029	51	5085
L24_V029	52	5168
L24_V029	53	5319
L24_V029	54	5472
L24_V029	55	5523
L24_V029	56	5624
L24_V029	57	5775
L24_V029	58	5883
L24_V029	59	5928
L24_V029	60	5972
L24_V029	61	6012
L24_V029	62	6080
L24_V029	63	6231
L24_V029	64	6299
L24_V029	65	6384
L24_V029	66	6536
L24_V029	67	6687
L24_V029	68	6791
L24_V029	69	6840
L24_V029	70	6927
L24_V029	71	6992
L24_V029	72	7064
L24_V029	73	7143
L24_V029	74	7296
L24_V029	75	7305
L24_V029	76	7448
L24_V029	77	7599
L24_V029	78	7676
L24_V029	79	7751
L24_V029	80	7904
L24_V029	81	7935
L24_V029	82	8055
L24_V029	83	8093
L24_V029	84	8208
L24_V029	85	8360
L24_V029	86	8444
L24_V029	87	8511
L24_V029	88	8652
L24_V029	89	8664
L24_V029	90	8751
L24_V029	91	8816
L24_V029	92	8904
L24_V029	93	8967
L24_V029	94	9120
L24_V029	95	9272
L24_V029	96	9291
L24_V029	97	9324
L24_V029	98	9423
L24_V029	99	9456
L24_V029	100	9576
L24_V029	101	9728
L24_V029	102	9753
L24_V029	103	9879
L24_V029	104	10032
L24_V029	105	10041
L24_V029	106	10113
L24_V029	107	10184
L24_V029	108	10335
L24_V029	109	10488
L24_V029	110	10512
L24_V029	111	10640
L24_V029	112	10791
L24_V029	113	10944
L24_V029	114	11096
L24_V029	115	11247
L24_V029	116	11355
L24_V029	117	11400
L24_V029	118	11552
L24_V029	119	11690
L24_V029	120	11703
L24_V029	121	11771
L24_V029	122	11856
L24_V029	123	12008
L24_V029	124	12159
L24_V029	125	12168
L24_V029	126	12225
L24_V029	127	12312
L24_V029	128	12431
L24_V029	129	12464
L24_V029	130	12615
L24_V029	131	12768
L24_V029	132	12782
L24_V029	133	12920
L24_V029	134	13071
L24_V029	135	13224
L24_V029	136	13298
L24_V029	137	13376
L24_V029	138	13419
L24_V029	139	13527
L24_V029	140	13680
L24_V029	141	13832
L24_V029	142	13983
L24_V029	143	14136
L24_V029	144	14288
L24_V029	145	14439
L24_V029	146	14448
L24_V029	147	14541
L24_V029	148	14592
L24_V029	149	14744
L24_V029	150	14895
L24_V029	151	15048
L24_V029	152	15161
L24_V029	153	15200
L24_V029	154	15269
L24_V029	155	15351
L24_V029	156	15503
L24_V029	157	15656
L24_V029	158	15801
L24_V029	159	15807
L24_V029	160	15960
L24_V029	161	16091
L24_V029	162	16112
L24_V029	163	16187
L24_V029	164	16263
L24_V029	165	16392
L24_V029	166	16416
L24_V029	167	16509
L24_V029	168	16568
L24_V030	1	0
L24_V030	2	152
L24_V030	3	303
L24_V030	4	456
L24_V030	5	545
L24_V030	6	608
L24_V030	7	663
L24_V030	8	759
L24_V030	9	912
L24_V030	10	1064
L24_V030	11	1215
L24_V030	12	1368
L24_V030	13	1520
L24_V030	14	1671
L24_V030	15	1824
L24_V030	16	1976
L24_V030	17	1997
L24_V030	18	2070
L24_V030	19	2127
L24_V030	20	2280
L24_V030	21	2313
L24_V030	22	2432
L24_V030	23	2583
L24_V030	24	2631
L24_V030	25	2736
L24_V030	26	2888
L24_V030	27	3039
L24_V030	28	3093
L24_V030	29	3192
L24_V030	30	3300
L24_V030	31	3344
L24_V030	32	3359
L24_V030	33	3495
L24_V030	34	3648
L24_V030	35	3800
L24_V030	36	3873
L24_V030	37	3951
L24_V030	38	4104
L24_V030	39	4140
L24_V030	40	4256
L24_V030	41	4296
L24_V030	42	4407
L24_V030	43	4560
L24_V030	44	4712
L24_V030	45	4863
L24_V030	46	4910
L24_V030	47	5016
L24_V030	48	5168
L24_V030	49	5259
L24_V030	50	5319
L24_V030	51	5472
L24_V030	52	5612
L24_V030	53	5624
L24_V030	54	5775
L24_V030	55	5928
L24_V030	56	6080
L24_V030	57	6231
L24_V030	58	6258
L24_V030	59	6384
L24_V030	60	6536
L24_V030	61	6585
L24_V030	62	6674
L24_V030	63	6687
L24_V030	64	6840
L24_V030	65	6914
L24_V030	66	6992
L24_V030	67	7143
L24_V030	68	7239
L24_V030	69	7296
L24_V030	70	7448
L24_V030	71	7500
L24_V030	72	7599
L24_V030	73	7658
L24_V030	74	7751
L24_V030	75	7875
L24_V030	76	7904
L24_V030	77	8024
L24_V030	78	8055
L24_V030	79	8120
L24_V030	80	8208
L24_V030	81	8285
L24_V030	82	8360
L24_V030	83	8511
L24_V030	84	8664
L24_V030	85	8816
L24_V030	86	8877
L24_V030	87	8967
L24_V030	88	9057
L24_V030	89	9120
L24_V030	90	9249
L24_V030	91	9272
L24_V030	92	9423
L24_V030	93	9576
L24_V030	94	9597
L24_V030	95	9687
L24_V030	96	9728
L24_V030	97	9879
L24_V030	98	10032
L24_V030	99	10184
L24_V030	100	10335
L24_V030	101	10488
L24_V030	102	10640
L24_V030	103	10791
L24_V030	104	10929
L24_V030	105	10944
L24_V030	106	11058
L24_V030	107	11096
L24_V030	108	11247
L24_V030	109	11400
L24_V030	110	11444
L24_V030	111	11552
L24_V030	112	11595
L24_V030	113	11703
L24_V030	114	11856
L24_V030	115	12008
L24_V030	116	12159
L24_V030	117	12294
L24_V030	118	12312
L24_V030	119	12464
L24_V030	120	12558
L24_V030	121	12615
L24_V030	122	12768
L24_V030	123	12867
L24_V030	124	12920
L24_V030	125	13071
L24_V030	126	13224
L24_V030	127	13376
L24_V030	128	13527
L24_V030	129	13680
L24_V030	130	13728
L24_V030	131	13832
L24_V030	132	13983
L24_V030	133	14013
L24_V030	134	14136
L24_V030	135	14288
L24_V030	136	14439
L24_V030	137	14592
L24_V030	138	14744
L24_V030	139	14772
L24_V030	140	14892
L24_V030	141	14895
L24_V030	142	14985
L24_V030	143	15048
L24_V030	144	15200
L24_V030	145	15246
L24_V030	146	15351
L24_V030	147	15503
L24_V030	148	15656
L24_V030	149	15791
L24_V030	150	15807
L24_V030	151	15960
L24_V030	152	16112
L24_V030	153	16263
L24_V030	154	16283
L24_V030	155	16416
L24_V030	156	16491
L24_V030	157	16568
L24_V030	158	16719
L24_V030	159	16872
L24_V030	160	17024
L24_V030	161	17073
L24_V030	162	17175
L24_V030	163	17328
L24_V030	164	17480
L24_V030	165	17571
L24_V030	166	17631
L24_V030	167	17784
L24_V030	168	17832
L24_V030	169	17868
L24_V030	170	17936
L24_V030	171	18087
L24_V030	172	18240
L24_V030	173	18392
L24_V030	174	18410
L24_V030	175	18543
L24_V030	176	18603
L24_V030	177	18696
L24_V030	178	18707
L24_V030	179	18848
L24_V030	180	18999
L24_V030	181	19004
L24_V030	182	19119
L24_V030	183	19130
L24_V030	184	19152
L24_V030	185	19304
L24_V032	1	0
L24_V032	2	124
L24_V032	3	156
L24_V032	4	229
L24_V032	5	248
L24_V032	6	356
L24_V032	7	372
L24_V032	8	496
L24_V032	9	620
L24_V032	10	744
L24_V032	11	868
L24_V032	12	992
L24_V032	13	1116
L24_V032	14	1240
L24_V032	15	1364
L24_V032	16	1488
L24_V032	17	1612
L24_V032	18	1710
L24_V032	19	1736
L24_V032	20	1777
L24_V032	21	1860
L24_V032	22	1984
L24_V032	23	2108
L24_V032	24	2232
L24_V032	25	2274
L24_V032	26	2330
L24_V032	27	2356
L24_V032	28	2385
L24_V032	29	2480
L24_V032	30	2604
L24_V032	31	2728
L24_V032	32	2852
L24_V032	33	2976
L24_V032	34	3047
L24_V032	35	3100
L24_V032	36	3224
L24_V032	37	3347
L24_V032	38	3472
L24_V032	39	3533
L24_V032	40	3596
L24_V032	41	3608
L24_V032	42	3720
L24_V032	43	3844
L24_V032	44	3968
L24_V032	45	4092
L24_V032	46	4216
L24_V032	47	4335
L24_V032	48	4340
L24_V032	49	4464
L24_V032	50	4493
L24_V032	51	4588
L24_V032	52	4712
L24_V032	53	4836
L24_V032	54	4960
L24_V032	55	5084
L24_V032	56	5208
L24_V032	57	5332
L24_V032	58	5456
L24_V032	59	5555
L24_V032	60	5580
L24_V032	61	5704
L24_V032	62	5766
L24_V032	63	5828
L24_V032	64	5952
L24_V032	65	6003
L24_V032	66	6076
L24_V032	67	6200
L24_V032	68	6287
L24_V032	69	6324
L24_V032	70	6354
L24_V032	71	6448
L24_V032	72	6572
L24_V032	73	6683
L24_V032	74	6695
L24_V032	75	6820
L24_V032	76	6944
L24_V032	77	6976
L24_V032	78	7068
L24_V032	79	7192
L24_V032	80	7209
L24_V032	81	7316
L24_V032	82	7388
L24_V032	83	7440
L24_V032	84	7564
L24_V032	85	7572
L24_V032	86	7606
L24_V032	87	7688
L24_V032	88	7812
L24_V032	89	7936
L24_V032	90	8059
L24_V032	91	8184
L24_V032	92	8233
L24_V032	93	8308
L24_V032	94	8363
L24_V032	95	8432
L24_V032	96	8543
L24_V032	97	8556
L24_V032	98	8653
L24_V032	99	8680
L24_V032	100	8783
L24_V032	101	8804
L24_V032	102	8928
L24_V032	103	8974
L24_V032	104	9052
L24_V032	105	9128
L24_V032	106	9176
L24_V032	107	9277
L24_V032	108	9300
L24_V032	109	9424
L24_V032	110	9548
L24_V032	111	9666
L24_V032	112	9672
L24_V032	113	9796
L24_V032	114	9862
L24_V032	115	9920
L24_V032	116	9969
L24_V032	117	10044
L24_V032	118	10168
L24_V032	119	10292
L24_V032	120	10370
L24_V032	121	10416
L24_V032	122	10540
L24_V032	123	10608
L24_V032	124	10664
L24_V032	125	10764
L24_V032	126	10788
L24_V032	127	10826
L24_V032	128	10912
L24_V032	129	11036
L24_V032	130	11160
L24_V032	131	11284
L24_V032	132	11325
L24_V032	133	11408
L24_V032	134	11433
L24_V032	135	11487
L24_V032	136	11532
L24_V032	137	11632
L24_V032	138	11656
L24_V032	139	11780
L24_V032	140	11904
L24_V032	141	12028
L24_V032	142	12058
L24_V032	143	12152
L24_V032	144	12276
L24_V032	145	12351
L24_V032	146	12400
L24_V032	147	12524
L24_V032	148	12648
L24_V032	149	12772
L24_V032	150	12888
L24_V032	151	12896
L24_V032	152	13019
L24_V032	153	13038
L24_V032	154	13144
L24_V032	155	13258
L24_V032	156	13268
L24_V032	157	13309
L24_V032	158	13391
L24_V032	159	13516
L24_V032	160	13575
L24_V032	161	13640
L24_V032	162	13763
L24_V032	163	13784
L24_V032	164	13888
L24_V032	165	14012
L24_V032	166	14033
L24_V032	167	14136
L24_V032	168	14172
L24_V032	169	14260
L24_V032	170	14291
L24_V032	171	14384
L24_V032	172	14397
L24_V032	173	14508
L24_V032	174	14616
L24_V032	175	14632
L24_V032	176	14756
L24_V032	177	14880
L24_V032	178	14977
L24_V032	179	15004
L24_V032	180	15128
L24_V032	181	15252
L24_V032	182	15327
L24_V032	183	15376
L24_V032	184	15500
L24_V032	185	15624
L24_V032	186	15691
L24_V032	187	15747
L24_V032	188	15872
L24_V032	189	15996
L24_V032	190	16119
L24_V032	191	16199
L24_V032	192	16244
L24_V032	193	16310
L24_V032	194	16368
L24_V032	195	16492
L24_V032	196	16616
L24_V032	197	16740
L24_V032	198	16741
L24_V032	199	16864
L24_V032	200	16935
L24_V032	201	16967
L24_V032	202	16988
L24_V032	203	17112
L24_V032	204	17205
L24_V032	205	17236
L24_V032	206	17360
L24_V032	207	17484
L24_V032	208	17608
L24_V032	209	17703
L24_V032	210	17711
L24_V032	211	17732
L24_V032	212	17856
L24_V033	1	0
L24_V033	2	57
L24_V033	3	105
L24_V033	4	152
L24_V033	5	303
L24_V033	6	420
L24_V033	7	456
L24_V033	8	569
L24_V033	9	608
L24_V033	10	759
L24_V033	11	912
L24_V033	12	1064
L24_V033	13	1215
L24_V033	14	1368
L24_V033	15	1520
L24_V033	16	1671
L24_V033	17	1824
L24_V033	18	1976
L24_V033	19	2127
L24_V033	20	2271
L24_V033	21	2280
L24_V033	22	2303
L24_V033	23	2432
L24_V033	24	2583
L24_V033	25	2736
L24_V033	26	2871
L24_V033	27	2888
L24_V033	28	3039
L24_V033	29	3066
L24_V033	30	3192
L24_V033	31	3335
L24_V033	32	3344
L24_V033	33	3440
L24_V033	34	3495
L24_V033	35	3648
L24_V033	36	3800
L24_V033	37	3939
L24_V033	38	3951
L24_V033	39	3999
L24_V033	40	4104
L24_V033	41	4256
L24_V033	42	4407
L24_V033	43	4440
L24_V033	44	4560
L24_V033	45	4712
L24_V033	46	4863
L24_V033	47	5016
L24_V033	48	5168
L24_V033	49	5319
L24_V033	50	5472
L24_V033	51	5624
L24_V033	52	5642
L24_V033	53	5775
L24_V033	54	5814
L24_V033	55	5928
L24_V033	56	6057
L24_V033	57	6080
L24_V033	58	6231
L24_V033	59	6384
L24_V033	60	6536
L24_V033	61	6567
L24_V033	62	6687
L24_V033	63	6840
L24_V033	64	6992
L24_V033	65	7095
L24_V033	66	7143
L24_V033	67	7217
L24_V033	68	7296
L24_V033	69	7448
L24_V033	70	7599
L24_V033	71	7751
L24_V033	72	7904
L24_V033	73	7913
L24_V033	74	8055
L24_V033	75	8097
L24_V033	76	8208
L24_V033	77	8280
L24_V033	78	8360
L24_V033	79	8511
L24_V033	80	8564
L24_V033	81	8664
L24_V033	82	8753
L24_V033	83	8816
L24_V033	84	8925
L24_V033	85	8967
L24_V033	86	9035
L24_V033	87	9120
L24_V033	88	9224
L24_V033	89	9272
L24_V033	90	9423
L24_V033	91	9440
L24_V033	92	9489
L24_V033	93	9576
L24_V033	94	9681
L24_V033	95	9728
L24_V033	96	9860
L24_V033	97	9879
L24_V033	98	10023
L24_V033	99	10032
L24_V033	100	10161
L24_V033	101	10184
L24_V033	102	10307
L24_V033	103	10335
L24_V033	104	10488
L24_V033	105	10604
L24_V033	106	10640
L24_V033	107	10733
L24_V033	108	10791
L24_V033	109	10944
L24_V033	110	11096
L24_V033	111	11247
L24_V033	112	11400
L24_V033	113	11432
L24_V033	114	11552
L24_V033	115	11703
L24_V033	116	11856
L24_V033	117	12008
L24_V033	118	12135
L24_V033	119	12159
L24_V033	120	12203
L24_V033	121	12312
L24_V033	122	12417
L24_V033	123	12464
L24_V033	124	12615
L24_V033	125	12768
L24_V033	126	12815
L24_V033	127	12920
L24_V033	128	12957
L24_V033	129	13071
L24_V033	130	13124
L24_V033	131	13224
L24_V033	132	13376
L24_V033	133	13413
L24_V033	134	13527
L24_V033	135	13680
L24_V033	136	13832
L24_V033	137	13983
L24_V033	138	14105
L24_V033	139	14136
L24_V033	140	14226
L24_V033	141	14288
L24_V033	142	14439
L24_V033	143	14592
L24_V033	144	14601
L24_V033	145	14690
L24_V033	146	14744
L24_V033	147	14874
L24_V033	148	14895
L24_V033	149	15048
L24_V033	150	15200
L24_V033	151	15351
L24_V033	152	15503
L24_V033	153	15536
L24_V033	154	15635
L24_V033	155	15656
L24_V033	156	15756
L24_V033	157	15807
L24_V033	158	15960
L24_V033	159	16112
L24_V033	160	16263
L24_V033	161	16416
L24_V033	162	16568
L24_V033	163	16719
L24_V033	164	16779
L24_V033	165	16872
L24_V033	166	16992
L24_V033	167	17024
L24_V033	168	17076
L24_V033	169	17175
L24_V033	170	17328
L24_V033	171	17355
L24_V033	172	17472
L24_V033	173	17480
L24_V042	1	0
L24_V042	2	152
L24_V042	3	303
L24_V042	4	456
L24_V042	5	608
L24_V042	6	759
L24_V042	7	912
L24_V042	8	1064
L24_V042	9	1107
L24_V042	10	1215
L24_V042	11	1365
L24_V042	12	1368
L24_V042	13	1520
L24_V042	14	1590
L24_V042	15	1671
L24_V042	16	1796
L24_V042	17	1824
L24_V042	18	1976
L24_V042	19	2127
L24_V042	20	2280
L24_V042	21	2432
L24_V042	22	2472
L24_V042	23	2583
L24_V042	24	2736
L24_V042	25	2888
L24_V042	26	3036
L24_V042	27	3039
L24_V042	28	3047
L24_V042	29	3090
L24_V042	30	3192
L24_V042	31	3344
L24_V042	32	3384
L24_V042	33	3495
L24_V042	34	3648
L24_V042	35	3779
L24_V042	36	3800
L24_V042	37	3951
L24_V042	38	4019
L24_V042	39	4104
L24_V042	40	4256
L24_V042	41	4275
L24_V042	42	4373
L24_V042	43	4407
L24_V042	44	4470
L24_V042	45	4514
L24_V042	46	4560
L24_V042	47	4712
L24_V042	48	4863
L24_V042	49	4956
L24_V042	50	5009
L24_V042	51	5016
L24_V042	52	5168
L24_V042	53	5319
L24_V042	54	5472
L24_V042	55	5505
L24_V042	56	5589
L24_V042	57	5624
L24_V042	58	5775
L24_V042	59	5867
L24_V042	60	5928
L24_V042	61	6002
L24_V042	62	6080
L24_V042	63	6141
L24_V042	64	6231
L24_V042	65	6384
L24_V042	66	6432
L24_V042	67	6536
L24_V042	68	6675
L24_V042	69	6687
L24_V042	70	6840
L24_V042	71	6992
L24_V042	72	7143
L24_V042	73	7296
L24_V042	74	7355
L24_V042	75	7448
L24_V042	76	7599
L24_V042	77	7611
L24_V042	78	7751
L24_V042	79	7904
L24_V042	80	7920
L24_V042	81	8055
L24_V042	82	8135
L24_V042	83	8208
L24_V042	84	8360
L24_V042	85	8415
L24_V042	86	8483
L24_V042	87	8511
L24_V042	88	8664
L24_V042	89	8756
L24_V042	90	8816
L24_V042	91	8967
L24_V042	92	9120
L24_V042	93	9272
L24_V042	94	9423
L24_V042	95	9474
L24_V042	96	9503
L24_V042	97	9576
L24_V042	98	9728
L24_V042	99	9741
L24_V042	100	9879
L24_V042	101	10032
L24_V042	102	10038
L24_V042	103	10121
L24_V042	104	10184
L24_V042	105	10335
L24_V042	106	10419
L24_V042	107	10488
L24_V042	108	10640
L24_V042	109	10641
L24_V042	110	10791
L24_V042	111	10944
L24_V042	112	10994
L24_V042	113	11096
L24_V042	114	11127
L24_V042	115	11247
L24_V042	116	11400
L24_V042	117	11403
L24_V042	118	11451
L24_V042	119	11511
L24_V042	120	11552
L24_V042	121	11703
L24_V042	122	11811
L24_V042	123	11856
L24_V042	124	11873
L24_V042	125	12008
L24_V042	126	12048
L24_V042	127	12150
L24_V042	128	12159
L24_V042	129	12245
L24_V042	130	12312
L24_V042	131	12362
L24_V042	132	12464
L24_V042	133	12495
L24_V042	134	12552
L24_V042	135	12615
L24_V042	136	12708
L24_V042	137	12768
L24_V042	138	12873
L24_V042	139	12920
L24_V042	140	12921
L24_V042	141	13071
L24_V042	142	13224
L24_V042	143	13281
L24_V042	144	13376
L24_V042	145	13442
L24_V042	146	13527
L24_V042	147	13680
L24_V042	148	13737
L24_V042	149	13832
L24_V042	150	13983
L24_V042	151	14037
L24_V042	152	14103
L24_V042	153	14136
L24_V042	154	14270
L24_V042	155	14288
L24_V042	156	14439
L24_V042	157	14486
L24_V042	158	14592
L24_V042	159	14637
L24_V042	160	14744
L24_V042	161	14895
L24_V042	162	15048
L24_V042	163	15161
L24_V042	164	15200
L24_V042	165	15299
L24_V042	166	15351
L24_V042	167	15383
L24_V042	168	15450
L24_V042	169	15503
L24_V042	170	15656
L24_V042	171	15807
L24_V042	172	15828
L24_V042	173	15960
L24_V042	174	16112
L24_V042	175	16263
L24_V042	176	16341
L24_V042	177	16416
L24_V042	178	16458
L24_V042	179	16467
L24_V042	180	16568
L24_V044	1	0
L24_V044	2	2
L24_V044	3	5
L24_V044	4	20
L24_V044	5	41
L24_V044	6	78
L24_V044	7	79
L24_V044	8	80
L24_V044	9	81
L24_V044	10	83
L24_V044	11	84
L24_V044	12	85
L24_V044	13	86
L24_V044	14	87
L24_V044	15	88
L24_V044	16	90
L24_V044	17	91
L24_V044	18	92
L24_V044	19	93
L24_V044	20	110
L24_V044	21	123
L24_V044	22	132
L24_V044	23	157
L24_V044	24	164
L24_V044	25	264
L24_V044	26	301
L24_V044	27	302
L24_V044	28	386
L24_V044	29	396
L24_V044	30	425
L24_V044	31	461
L24_V044	32	528
L24_V044	33	639
L24_V044	34	640
L24_V044	35	660
L24_V044	36	681
L24_V044	37	735
L24_V044	38	792
L24_V044	39	926
L24_V044	40	928
L24_V044	41	929
L24_V044	42	930
L25_V001	1	0
L25_V001	2	68
L25_V001	3	150
L25_V001	4	300
L25_V001	5	450
L25_V001	6	600
L25_V001	7	644
L25_V001	8	750
L25_V001	9	900
L25_V001	10	1050
L25_V001	11	1200
L25_V001	12	1350
L25_V001	13	1500
L25_V001	14	1577
L25_V001	15	1578
L25_V001	16	1579
L25_V001	17	1580
L25_V001	18	1581
L25_V001	19	1583
L25_V001	20	1650
L25_V001	21	1664
L25_V001	22	1734
L25_V001	23	1735
L25_V001	24	1737
L25_V001	25	1738
L25_V001	26	1739
L25_V001	27	1739
L25_V001	28	1742
L25_V001	29	1744
L25_V001	30	1800
L25_V001	31	1854
L25_V001	32	1855
L25_V001	33	1855
L25_V001	34	1860
L25_V001	35	1894
L25_V001	36	1895
L25_V001	37	1897
L25_V001	38	1898
L25_V001	39	1898
L25_V001	40	1900
L25_V001	41	1901
L25_V001	42	1943
L25_V001	43	1950
L25_V001	44	1982
L25_V001	45	2020
L25_V001	46	2056
L25_V001	47	2091
L25_V001	48	2100
L25_V001	49	2126
L25_V001	50	2194
L25_V001	51	2228
L25_V001	52	2250
L25_V001	53	2288
L25_V001	54	2290
L25_V001	55	2291
L25_V001	56	2292
L25_V001	57	2336
L25_V001	58	2372
L25_V001	59	2400
L25_V001	60	2423
L25_V001	61	2430
L25_V001	62	2460
L25_V001	63	2463
L25_V001	64	2505
L25_V001	65	2506
L25_V001	66	2507
L25_V001	67	2550
L25_V001	68	2557
L25_V001	69	2559
L25_V001	70	2590
L25_V001	71	2591
L25_V001	72	2596
L25_V001	73	2597
L25_V001	74	2598
L25_V001	75	2627
L25_V001	76	2660
L25_V001	77	2661
L25_V001	78	2670
L25_V001	79	2700
L25_V001	80	2702
L25_V001	81	2740
L25_V001	82	2850
L25_V001	83	3000
L25_V001	84	3077
L25_V001	85	3150
L25_V001	86	3300
L25_V001	87	3450
L25_V001	88	3600
L25_V001	89	3750
L25_V001	90	3900
L25_V001	91	4050
L25_V001	92	4200
L25_V001	93	4350
L25_V001	94	4500
L25_V001	95	4650
L25_V001	96	4800
L25_V001	97	4950
L25_V001	98	5100
L25_V001	99	5250
L25_V001	100	5400
L25_V001	101	5550
L25_V001	102	5700
L25_V001	103	5850
L25_V001	104	6000
L25_V001	105	6150
L25_V001	106	6300
L25_V001	107	6450
L25_V001	108	6600
L25_V001	109	6750
L25_V001	110	6900
L25_V001	111	7050
L25_V001	112	7200
L25_V001	113	7350
L25_V001	114	7500
L25_V001	115	7650
L25_V001	116	7800
L25_V001	117	7950
L25_V001	118	8100
L25_V001	119	8250
L25_V001	120	8400
L25_V001	121	8550
L25_V001	122	8700
L25_V001	123	8850
L25_V001	124	9000
L25_V001	125	9150
L25_V001	126	9300
L25_V001	127	9450
L25_V001	128	9600
L25_V001	129	9750
L25_V001	130	9900
L25_V001	131	10050
L25_V001	132	10200
L25_V001	133	10350
L25_V001	134	10500
L25_V001	135	10650
L25_V001	136	10800
L25_V001	137	10950
L25_V001	138	11100
L25_V001	139	11250
L25_V001	140	11400
L25_V001	141	11550
L25_V001	142	11700
L25_V001	143	11850
L25_V001	144	12000
L25_V001	145	12150
L25_V001	146	12300
L25_V001	147	12450
L25_V001	148	12600
L25_V001	149	12750
L25_V001	150	12900
L25_V001	151	13050
L25_V001	152	13200
L25_V001	153	13350
L25_V001	154	13500
L25_V001	155	13650
L25_V001	156	13800
L25_V001	157	13950
L25_V001	158	14100
L25_V001	159	14250
L25_V001	160	14400
L25_V001	161	14550
L25_V001	162	14700
L25_V001	163	14850
L25_V001	164	15000
L25_V001	165	15150
L25_V001	166	15300
L25_V001	167	15450
L25_V001	168	15600
L25_V001	169	15750
L25_V001	170	15900
L25_V001	171	16050
L25_V001	172	16200
L25_V001	173	16350
L25_V001	174	16500
L25_V001	175	16650
L25_V001	176	16800
L25_V001	177	16950
L25_V001	178	17100
L25_V001	179	17250
L25_V001	180	17400
L25_V001	181	17550
L25_V001	182	17700
L25_V001	183	17850
L25_V001	184	18000
L25_V001	185	18150
L25_V001	186	18300
L25_V001	187	18450
L25_V001	188	18600
L25_V001	189	18750
L25_V001	190	18900
L25_V001	191	19013
L25_V001	192	19050
L25_V001	193	19182
L25_V001	194	19200
L25_V001	195	19224
L25_V001	196	19267
L25_V001	197	19350
L25_V001	198	19405
L25_V001	199	19447
L25_V001	200	19478
L25_V001	201	19500
L25_V001	202	19526
L25_V001	203	19545
L25_V001	204	19650
L25_V001	205	19671
L25_V001	206	19723
L25_V001	207	19771
L25_V001	208	19790
L25_V001	209	19800
L25_V001	210	19824
L25_V001	211	19879
L25_V001	212	19950
L25_V001	213	19973
L25_V001	214	19974
L25_V001	215	20026
L25_V001	216	20100
L25_V001	217	20172
L25_V001	218	20202
L25_V001	219	20227
L25_V001	220	20250
L25_V001	221	20400
L25_V001	222	20504
L25_V001	223	20545
L25_V001	224	20550
L25_V001	225	20656
L25_V001	226	20700
L25_V001	227	20723
L25_V001	228	20740
L25_V001	229	20767
L25_V001	230	20850
L25_V001	231	21000
L25_V001	232	21008
L25_V001	233	21122
L25_V001	234	21150
L25_V001	235	21300
L25_V001	236	21450
L25_V001	237	21600
L25_V001	238	21750
L25_V001	239	21900
L25_V001	240	22050
L25_V001	241	22200
L25_V001	242	22350
L25_V001	243	22500
L25_V001	244	22650
L25_V001	245	22800
L25_V001	246	22950
L25_V001	247	23100
L25_V001	248	23250
L25_V001	249	23400
L25_V001	250	23550
L25_V001	251	23700
L25_V001	252	23850
L25_V001	253	24000
L25_V001	254	24150
L25_V001	255	24300
L25_V001	256	24450
L25_V001	257	24600
L25_V001	258	24750
L25_V001	259	24900
L25_V001	260	25050
L25_V001	261	25200
L25_V001	262	25350
L25_V001	263	25500
L25_V001	264	25650
L25_V001	265	25800
L25_V001	266	25950
L25_V001	267	26100
L25_V001	268	26250
L25_V001	269	26400
L25_V001	270	26550
L25_V001	271	26700
L25_V001	272	26850
L25_V001	273	27000
L25_V001	274	27150
L25_V001	275	27300
L25_V001	276	27450
L25_V001	277	27600
L25_V001	278	27750
L25_V001	279	27900
L25_V001	280	28050
L25_V001	281	28200
L25_V001	282	28350
L25_V001	283	28500
L25_V001	284	28650
L25_V001	285	28800
L25_V001	286	28950
L25_V001	287	29100
L25_V001	288	29250
L25_V001	289	29400
L25_V001	290	29550
L25_V001	291	29700
L25_V001	292	29850
L25_V001	293	30000
L25_V001	294	30150
L25_V001	295	30300
L25_V001	296	30450
L25_V001	297	30600
L25_V001	298	30750
L25_V001	299	30900
L25_V001	300	31050
L25_V001	301	31200
L25_V001	302	31350
L25_V001	303	31500
L25_V001	304	31650
L25_V001	305	31800
L25_V001	306	31950
L25_V001	307	32100
L25_V001	308	32250
L25_V001	309	32400
L25_V001	310	32550
L25_V001	311	32700
L25_V001	312	32850
L25_V001	313	33000
L25_V001	314	33150
L25_V001	315	33300
L25_V001	316	33450
L25_V001	317	33600
L25_V001	318	33750
L25_V001	319	33900
L25_V001	320	34050
L25_V001	321	34200
L25_V001	322	34350
L25_V001	323	34500
L25_V001	324	34650
L25_V001	325	34800
L25_V001	326	34950
L25_V001	327	35100
L25_V001	328	35250
L25_V001	329	35400
L25_V001	330	35550
L25_V001	331	35700
L25_V001	332	35850
L25_V001	333	36000
L25_V001	334	36150
L25_V001	335	36300
L25_V001	336	36450
L25_V001	337	36600
L25_V001	338	36750
L25_V001	339	36900
L25_V001	340	37050
L25_V001	341	37200
L25_V001	342	37350
L25_V001	343	37500
L25_V001	344	37650
L25_V001	345	37800
L25_V001	346	37950
L25_V001	347	38100
L25_V001	348	38250
L25_V001	349	38400
L25_V001	350	38452
L25_V001	351	38454
L25_V001	352	38480
L25_V001	353	38481
L25_V001	354	38512
L25_V001	355	38550
L25_V001	356	38557
L25_V001	357	38575
L25_V001	358	38592
L25_V001	359	38610
L25_V001	360	38634
L25_V001	361	38652
L25_V001	362	38653
L25_V001	363	38654
L25_V001	364	38655
L25_V001	365	38656
L25_V001	366	38680
L25_V001	367	38700
L25_V001	368	38715
L25_V001	369	38744
L25_V001	370	38772
L25_V001	371	38809
L25_V001	372	38842
L25_V001	373	38850
L25_V001	374	38873
L25_V001	375	38907
L25_V001	376	38908
L25_V001	377	38948
L25_V001	378	38966
L25_V001	379	38983
L25_V001	380	38987
L25_V001	381	38988
L25_V001	382	39000
L25_V001	383	39017
L25_V001	384	39048
L25_V001	385	39049
L25_V001	386	39080
L25_V001	387	39117
L25_V001	388	39150
L25_V001	389	39155
L25_V001	390	39158
L25_V001	391	39159
L25_V001	392	39160
L25_V001	393	39161
L25_V001	394	39205
L25_V001	395	39293
L25_V001	396	39300
L25_V001	397	39348
L25_V001	398	39407
L25_V001	399	39434
L25_V001	400	39450
L25_V001	401	39459
L25_V001	402	39502
L25_V001	403	39531
L25_V001	404	39532
L25_V001	405	39538
L25_V001	406	39541
L25_V001	407	39542
L25_V001	408	39543
L25_V001	409	39546
L25_V001	410	39547
L25_V001	411	39548
L25_V001	412	39550
L25_V001	413	39561
L25_V001	414	39562
L25_V001	415	39593
L25_V001	416	39600
L25_V001	417	39624
L25_V001	418	39662
L25_V001	419	39696
L25_V001	420	39735
L25_V001	421	39750
L25_V001	422	39766
L25_V001	423	39793
L25_V001	424	39830
L25_V001	425	39861
L25_V001	426	39900
L25_V001	427	39951
L25_V001	428	40051
L25_V001	429	40052
L25_V001	430	40053
L25_V001	431	40054
L25_V001	432	40055
L25_V001	433	40056
L25_V001	434	40057
L25_V001	435	40058
L25_V001	436	40059
L25_V001	437	40060
L25_V001	438	40061
L25_V002	1	0
L25_V002	2	68
L25_V002	3	150
L25_V002	4	300
L25_V002	5	450
L25_V002	6	600
L25_V002	7	750
L25_V002	8	872
L25_V002	9	900
L25_V002	10	1050
L25_V002	11	1200
L25_V002	12	1350
L25_V002	13	1500
L25_V002	14	1650
L25_V002	15	1755
L25_V002	16	1755
L25_V002	17	1757
L25_V002	18	1757
L25_V002	19	1759
L25_V002	20	1800
L25_V002	21	1842
L25_V002	22	1912
L25_V002	23	1914
L25_V002	24	1914
L25_V002	25	1917
L25_V002	26	1918
L25_V002	27	1920
L25_V002	28	1921
L25_V002	29	1923
L25_V002	30	1950
L25_V002	31	2030
L25_V002	32	2032
L25_V002	33	2032
L25_V002	34	2034
L25_V002	35	2072
L25_V002	36	2073
L25_V002	37	2075
L25_V002	38	2076
L25_V002	39	2077
L25_V002	40	2078
L25_V002	41	2100
L25_V002	42	2121
L25_V002	43	2160
L25_V002	44	2198
L25_V002	45	2234
L25_V002	46	2250
L25_V002	47	2269
L25_V002	48	2304
L25_V002	49	2372
L25_V002	50	2400
L25_V002	51	2406
L25_V002	52	2467
L25_V002	53	2468
L25_V002	54	2469
L25_V002	55	2514
L25_V002	56	2550
L25_V002	57	2601
L25_V002	58	2610
L25_V002	59	2640
L25_V002	60	2641
L25_V002	61	2683
L25_V002	62	2684
L25_V002	63	2700
L25_V002	64	2735
L25_V002	65	2737
L25_V002	66	2767
L25_V002	67	2768
L25_V002	68	2774
L25_V002	69	2775
L25_V002	70	2776
L25_V002	71	2805
L25_V002	72	2838
L25_V002	73	2839
L25_V002	74	2850
L25_V002	75	2879
L25_V002	76	2880
L25_V002	77	2918
L25_V002	78	3000
L25_V002	79	3150
L25_V002	80	3254
L25_V002	81	3300
L25_V002	82	3450
L25_V002	83	3600
L25_V002	84	3750
L25_V002	85	3900
L25_V002	86	4050
L25_V002	87	4200
L25_V002	88	4350
L25_V002	89	4500
L25_V002	90	4650
L25_V002	91	4800
L25_V002	92	4950
L25_V002	93	5100
L25_V002	94	5250
L25_V002	95	5400
L25_V002	96	5550
L25_V002	97	5700
L25_V002	98	5850
L25_V002	99	6000
L25_V002	100	6150
L25_V002	101	6300
L25_V002	102	6450
L25_V002	103	6600
L25_V002	104	6750
L25_V002	105	6900
L25_V002	106	7050
L25_V002	107	7200
L25_V002	108	7350
L25_V002	109	7500
L25_V002	110	7650
L25_V002	111	7800
L25_V002	112	7950
L25_V002	113	8100
L25_V002	114	8250
L25_V002	115	8400
L25_V002	116	8550
L25_V002	117	8700
L25_V002	118	8850
L25_V002	119	9000
L25_V002	120	9150
L25_V002	121	9300
L25_V002	122	9450
L25_V002	123	9600
L25_V002	124	9750
L25_V002	125	9900
L25_V002	126	10050
L25_V002	127	10200
L25_V002	128	10350
L25_V002	129	10500
L25_V002	130	10650
L25_V002	131	10800
L25_V002	132	10950
L25_V002	133	11100
L25_V002	134	11250
L25_V002	135	11400
L25_V002	136	11550
L25_V002	137	11700
L25_V002	138	11850
L25_V002	139	12000
L25_V002	140	12150
L25_V002	141	12300
L25_V002	142	12450
L25_V002	143	12600
L25_V002	144	12750
L25_V002	145	12900
L25_V002	146	13050
L25_V002	147	13200
L25_V002	148	13350
L25_V002	149	13500
L25_V002	150	13650
L25_V002	151	13800
L25_V002	152	13950
L25_V002	153	14100
L25_V002	154	14250
L25_V002	155	14400
L25_V002	156	14404
L25_V002	157	14550
L25_V002	158	14572
L25_V002	159	14615
L25_V002	160	14658
L25_V002	161	14700
L25_V002	162	14796
L25_V002	163	14838
L25_V002	164	14850
L25_V002	165	14869
L25_V002	166	14891
L25_V002	167	14916
L25_V002	168	14938
L25_V002	169	15000
L25_V002	170	15062
L25_V002	171	15113
L25_V002	172	15150
L25_V002	173	15162
L25_V002	174	15181
L25_V002	175	15215
L25_V002	176	15269
L25_V002	177	15300
L25_V002	178	15360
L25_V002	179	15363
L25_V002	180	15365
L25_V002	181	15416
L25_V002	182	15450
L25_V002	183	15563
L25_V002	184	15593
L25_V002	185	15600
L25_V002	186	15618
L25_V002	187	15750
L25_V002	188	15894
L25_V002	189	15900
L25_V002	190	15936
L25_V002	191	16047
L25_V002	192	16050
L25_V002	193	16113
L25_V002	194	16131
L25_V002	195	16158
L25_V002	196	16200
L25_V002	197	16350
L25_V002	198	16399
L25_V002	199	16500
L25_V002	200	16513
L25_V002	201	16650
L25_V002	202	16800
L25_V002	203	16950
L25_V002	204	17100
L25_V002	205	17250
L25_V002	206	17400
L25_V002	207	17550
L25_V002	208	17700
L25_V002	209	17850
L25_V002	210	18000
L25_V002	211	18150
L25_V002	212	18300
L25_V002	213	18450
L25_V002	214	18600
L25_V002	215	18750
L25_V002	216	18900
L25_V002	217	19050
L25_V002	218	19200
L25_V002	219	19350
L25_V002	220	19500
L25_V002	221	19650
L25_V002	222	19800
L25_V002	223	19950
L25_V002	224	20100
L25_V002	225	20250
L25_V002	226	20400
L25_V002	227	20550
L25_V002	228	20700
L25_V002	229	20850
L25_V002	230	21000
L25_V002	231	21150
L25_V002	232	21300
L25_V002	233	21450
L25_V002	234	21600
L25_V002	235	21750
L25_V002	236	21900
L25_V002	237	22050
L25_V002	238	22200
L25_V002	239	22350
L25_V002	240	22500
L25_V002	241	22650
L25_V002	242	22800
L25_V002	243	22950
L25_V002	244	23100
L25_V002	245	23250
L25_V002	246	23400
L25_V002	247	23550
L25_V002	248	23700
L25_V002	249	23850
L25_V002	250	24000
L25_V002	251	24150
L25_V002	252	24300
L25_V002	253	24450
L25_V002	254	24600
L25_V002	255	24750
L25_V002	256	24900
L25_V002	257	25050
L25_V002	258	25200
L25_V002	259	25350
L25_V002	260	25500
L25_V002	261	25650
L25_V002	262	25800
L25_V002	263	25895
L25_V002	264	25897
L25_V002	265	25923
L25_V002	266	25924
L25_V002	267	25950
L25_V002	268	25955
L25_V002	269	26000
L25_V002	270	26018
L25_V002	271	26035
L25_V002	272	26052
L25_V002	273	26077
L25_V002	274	26095
L25_V002	275	26095
L25_V002	276	26097
L25_V002	277	26100
L25_V002	278	26123
L25_V002	279	26158
L25_V002	280	26187
L25_V002	281	26214
L25_V002	282	26250
L25_V002	283	26252
L25_V002	284	26285
L25_V002	285	26316
L25_V002	286	26350
L25_V002	287	26351
L25_V002	288	26391
L25_V002	289	26400
L25_V002	290	26408
L25_V002	291	26426
L25_V002	292	26430
L25_V002	293	26460
L25_V002	294	26491
L25_V002	295	26492
L25_V002	296	26523
L25_V002	297	26550
L25_V002	298	26560
L25_V002	299	26598
L25_V002	300	26602
L25_V002	301	26648
L25_V002	302	26700
L25_V002	303	26736
L25_V002	304	26791
L25_V002	305	26850
L25_V002	306	26877
L25_V002	307	26902
L25_V002	308	26945
L25_V002	309	26974
L25_V002	310	26975
L25_V002	311	26981
L25_V002	312	26983
L25_V002	313	26985
L25_V002	314	26986
L25_V002	315	26989
L25_V002	316	26989
L25_V002	317	26991
L25_V002	318	26993
L25_V002	319	27000
L25_V002	320	27004
L25_V002	321	27005
L25_V002	322	27036
L25_V002	323	27067
L25_V002	324	27105
L25_V002	325	27139
L25_V002	326	27150
L25_V002	327	27177
L25_V002	328	27208
L25_V002	329	27236
L25_V002	330	27273
L25_V002	331	27300
L25_V002	332	27304
L25_V002	333	27394
L25_V002	334	27450
L25_V002	335	27600
L25_V002	336	27750
L25_V002	337	27900
L25_V002	338	28050
L25_V002	339	28200
L25_V002	340	28350
L25_V002	341	28383
L25_V002	342	28483
L25_V002	343	28483
L25_V002	344	28485
L25_V002	345	28486
L25_V002	346	28487
L25_V002	347	28488
L25_V002	348	28489
L25_V002	349	28489
L25_V002	350	28491
L25_V002	351	28492
L25_V002	352	28493
L25_V003	1	0
L25_V003	2	67
L25_V003	3	129
L25_V003	4	279
L25_V003	5	429
L25_V003	6	579
L25_V003	7	729
L25_V003	8	878
L25_V003	9	1029
L25_V003	10	1179
L25_V003	11	1329
L25_V003	12	1479
L25_V003	13	1629
L25_V003	14	1779
L25_V003	15	1929
L25_V003	16	2079
L25_V003	17	2229
L25_V003	18	2379
L25_V003	19	2529
L25_V003	20	2679
L25_V003	21	2829
L25_V003	22	2979
L25_V003	23	3129
L25_V003	24	3279
L25_V003	25	3421
L25_V003	26	3422
L25_V003	27	3425
L25_V003	28	3506
L25_V003	29	3568
L25_V003	30	3575
L25_V003	31	3577
L25_V003	32	3578
L25_V003	33	3579
L25_V003	34	3579
L25_V003	35	3581
L25_V003	36	3582
L25_V003	37	3584
L25_V003	38	3585
L25_V003	39	3586
L25_V003	40	3696
L25_V003	41	3697
L25_V003	42	3697
L25_V003	43	3702
L25_V003	44	3736
L25_V003	45	3736
L25_V003	46	3738
L25_V003	47	3739
L25_V003	48	3740
L25_V003	49	3740
L25_V003	50	3742
L25_V003	51	3785
L25_V003	52	3824
L25_V003	53	3843
L25_V003	54	3861
L25_V003	55	3897
L25_V003	56	3933
L25_V003	57	3970
L25_V003	58	4036
L25_V003	59	4070
L25_V003	60	4102
L25_V003	61	4130
L25_V003	62	4131
L25_V003	63	4132
L25_V003	64	4133
L25_V003	65	4134
L25_V003	66	4178
L25_V003	67	4214
L25_V003	68	4240
L25_V003	69	4265
L25_V003	70	4305
L25_V003	71	4347
L25_V003	72	4348
L25_V003	73	4367
L25_V003	74	4399
L25_V003	75	4401
L25_V003	76	4431
L25_V003	77	4432
L25_V003	78	4433
L25_V003	79	4438
L25_V003	80	4439
L25_V003	81	4440
L25_V003	82	4469
L25_V003	83	4470
L25_V003	84	4502
L25_V003	85	4503
L25_V003	86	4510
L25_V003	87	4512
L25_V003	88	4543
L25_V003	89	4544
L25_V003	90	4582
L25_V003	91	4644
L25_V003	92	4794
L25_V003	93	4921
L25_V003	94	5071
L25_V003	95	5221
L25_V003	96	5371
L25_V003	97	5521
L25_V003	98	5671
L25_V003	99	5821
L25_V003	100	5971
L25_V003	101	6121
L25_V003	102	6271
L25_V003	103	6420
L25_V003	104	6570
L25_V003	105	6720
L25_V003	106	6870
L25_V003	107	7020
L25_V003	108	7170
L25_V003	109	7320
L25_V003	110	7470
L25_V003	111	7620
L25_V003	112	7770
L25_V003	113	7920
L25_V003	114	8070
L25_V003	115	8221
L25_V003	116	8371
L25_V003	117	8521
L25_V003	118	8671
L25_V003	119	8821
L25_V003	120	8971
L25_V003	121	9121
L25_V003	122	9271
L25_V003	123	9421
L25_V003	124	9571
L25_V003	125	9721
L25_V003	126	9871
L25_V003	127	10021
L25_V003	128	10171
L25_V003	129	10321
L25_V003	130	10471
L25_V003	131	10621
L25_V003	132	10771
L25_V003	133	10921
L25_V003	134	11071
L25_V003	135	11221
L25_V003	136	11371
L25_V003	137	11521
L25_V003	138	11671
L25_V003	139	11821
L25_V003	140	11971
L25_V003	141	12121
L25_V003	142	12271
L25_V003	143	12421
L25_V003	144	12571
L25_V003	145	12721
L25_V003	146	12871
L25_V003	147	13021
L25_V003	148	13171
L25_V003	149	13321
L25_V003	150	13471
L25_V003	151	13621
L25_V003	152	13771
L25_V003	153	13921
L25_V003	154	13949
L25_V003	155	14071
L25_V003	156	14118
L25_V003	157	14160
L25_V003	158	14205
L25_V003	159	14343
L25_V003	160	14383
L25_V003	161	14413
L25_V003	162	14436
L25_V003	163	14462
L25_V003	164	14481
L25_V003	165	14485
L25_V003	166	14607
L25_V003	167	14634
L25_V003	168	14659
L25_V003	169	14707
L25_V003	170	14726
L25_V003	171	14762
L25_V003	172	14815
L25_V003	173	14907
L25_V003	174	14909
L25_V003	175	14910
L25_V003	176	14962
L25_V003	177	15054
L25_V003	178	15108
L25_V003	179	15138
L25_V003	180	15163
L25_V003	181	15194
L25_V003	182	15206
L25_V003	183	15344
L25_V003	184	15440
L25_V003	185	15483
L25_V003	186	15591
L25_V003	187	15624
L25_V003	188	15659
L25_V003	189	15676
L25_V003	190	15703
L25_V003	191	15765
L25_V003	192	15915
L25_V003	193	15944
L25_V003	194	16041
L25_V003	195	16058
L25_V003	196	16180
L25_V003	197	16330
L25_V003	198	16480
L25_V003	199	16630
L25_V003	200	16780
L25_V003	201	16930
L25_V003	202	17080
L25_V003	203	17230
L25_V003	204	17380
L25_V003	205	17530
L25_V003	206	17680
L25_V003	207	17830
L25_V003	208	17980
L25_V003	209	18130
L25_V003	210	18280
L25_V003	211	18430
L25_V003	212	18580
L25_V003	213	18730
L25_V003	214	18880
L25_V003	215	19030
L25_V003	216	19180
L25_V003	217	19330
L25_V003	218	19480
L25_V003	219	19630
L25_V003	220	19780
L25_V003	221	19930
L25_V003	222	20080
L25_V003	223	20230
L25_V003	224	20380
L25_V003	225	20530
L25_V003	226	20680
L25_V003	227	20830
L25_V003	228	20980
L25_V003	229	21130
L25_V003	230	21280
L25_V003	231	21430
L25_V003	232	21580
L25_V003	233	21730
L25_V003	234	21880
L25_V003	235	22030
L25_V003	236	22180
L25_V003	237	22330
L25_V003	238	22480
L25_V003	239	22630
L25_V003	240	22780
L25_V003	241	22930
L25_V003	242	23080
L25_V003	243	23230
L25_V003	244	23380
L25_V003	245	23530
L25_V003	246	23680
L25_V003	247	23830
L25_V003	248	23980
L25_V003	249	24130
L25_V003	250	24280
L25_V003	251	24430
L25_V003	252	24580
L25_V003	253	24730
L25_V003	254	24880
L25_V003	255	25030
L25_V003	256	25180
L25_V003	257	25330
L25_V003	258	25480
L25_V003	259	25630
L25_V003	260	25780
L25_V003	261	25930
L25_V003	262	26080
L25_V003	263	26230
L25_V003	264	26380
L25_V003	265	26530
L25_V003	266	26680
L25_V003	267	26830
L25_V003	268	26980
L25_V003	269	27130
L25_V003	270	27280
L25_V003	271	27419
L25_V003	272	27442
L25_V003	273	27444
L25_V003	274	27470
L25_V003	275	27470
L25_V003	276	27502
L25_V003	277	27549
L25_V003	278	27564
L25_V003	279	27582
L25_V003	280	27600
L25_V003	281	27624
L25_V003	282	27642
L25_V003	283	27643
L25_V003	284	27644
L25_V003	285	27645
L25_V003	286	27645
L25_V003	287	27670
L25_V003	288	27670
L25_V003	289	27689
L25_V003	290	27705
L25_V003	291	27733
L25_V003	292	27762
L25_V003	293	27799
L25_V003	294	27814
L25_V003	295	27832
L25_V003	296	27863
L25_V003	297	27897
L25_V003	298	27898
L25_V003	299	27939
L25_V003	300	27956
L25_V003	301	27973
L25_V003	302	27974
L25_V003	303	27977
L25_V003	304	28007
L25_V003	305	28038
L25_V003	306	28039
L25_V003	307	28072
L25_V003	308	28107
L25_V003	309	28145
L25_V003	310	28149
L25_V003	311	28150
L25_V003	312	28207
L25_V003	313	28283
L25_V003	314	28339
L25_V003	315	28397
L25_V003	316	28424
L25_V003	317	28449
L25_V003	318	28473
L25_V003	319	28492
L25_V003	320	28520
L25_V003	321	28522
L25_V003	322	28527
L25_V003	323	28531
L25_V003	324	28532
L25_V003	325	28533
L25_V003	326	28536
L25_V003	327	28538
L25_V003	328	28539
L25_V003	329	28551
L25_V003	330	28552
L25_V003	331	28583
L25_V003	332	28598
L25_V003	333	28614
L25_V003	334	28652
L25_V003	335	28686
L25_V003	336	28727
L25_V003	337	28756
L25_V003	338	28783
L25_V003	339	28820
L25_V003	340	28852
L25_V003	341	28941
L25_V003	342	29041
L25_V003	343	29042
L25_V003	344	29043
L25_V003	345	29044
L25_V003	346	29045
L25_V003	347	29045
L25_V003	348	29047
L25_V003	349	29048
L25_V003	350	29049
L25_V003	351	29050
L25_V003	352	29052
L25_V004	1	0
L25_V004	2	80
L25_V004	3	82
L25_V004	4	149
L25_V004	5	231
L25_V004	6	299
L25_V004	7	449
L25_V004	8	599
L25_V004	9	749
L25_V004	10	899
L25_V004	11	920
L25_V004	12	922
L25_V004	13	1023
L25_V004	14	1049
L25_V004	15	1109
L25_V004	16	1113
L25_V004	17	1115
L25_V004	18	1199
L25_V004	19	1250
L25_V004	20	1253
L25_V004	21	1349
L25_V004	22	1358
L25_V004	23	1405
L25_V004	24	1450
L25_V004	25	1493
L25_V004	26	1499
L25_V004	27	1535
L25_V004	28	1577
L25_V004	29	1649
L25_V004	30	1659
L25_V004	31	1700
L25_V004	32	1799
L25_V004	33	1829
L25_V004	34	1872
L25_V004	35	1933
L25_V004	36	1934
L25_V004	37	1949
L25_V004	38	1981
L25_V004	39	2033
L25_V004	40	2099
L25_V004	41	2133
L25_V004	42	2141
L25_V004	43	2142
L25_V004	44	2178
L25_V004	45	2218
L25_V004	46	2219
L25_V004	47	2249
L25_V004	48	2267
L25_V004	49	2313
L25_V004	50	2399
L25_V004	51	2549
L25_V004	52	2699
L25_V004	53	2717
L25_V004	54	2849
L25_V004	55	2999
L25_V004	56	3149
L25_V004	57	3193
L25_V004	58	3299
L25_V004	59	3449
L25_V004	60	3599
L25_V004	61	3749
L25_V004	62	3899
L25_V004	63	4049
L25_V004	64	4199
L25_V004	65	4349
L25_V004	66	4499
L25_V004	67	4649
L25_V004	68	4799
L25_V004	69	4949
L25_V004	70	5099
L25_V004	71	5249
L25_V004	72	5399
L25_V004	73	5549
L25_V004	74	5699
L25_V004	75	5849
L25_V004	76	5999
L25_V004	77	6149
L25_V004	78	6299
L25_V004	79	6449
L25_V004	80	6599
L25_V004	81	6749
L25_V004	82	6899
L25_V004	83	7049
L25_V004	84	7199
L25_V004	85	7349
L25_V004	86	7499
L25_V004	87	7649
L25_V004	88	7799
L25_V004	89	7949
L25_V004	90	8099
L25_V004	91	8249
L25_V004	92	8399
L25_V004	93	8549
L25_V004	94	8699
L25_V004	95	8849
L25_V004	96	8999
L25_V004	97	9149
L25_V004	98	9299
L25_V004	99	9449
L25_V004	100	9599
L25_V004	101	9749
L25_V004	102	9899
L25_V004	103	10049
L25_V004	104	10199
L25_V004	105	10349
L25_V004	106	10499
L25_V004	107	10649
L25_V004	108	10799
L25_V004	109	10949
L25_V004	110	11099
L25_V004	111	11249
L25_V004	112	11399
L25_V004	113	11549
L25_V004	114	11699
L25_V004	115	11849
L25_V004	116	11877
L25_V004	117	11999
L25_V004	118	12080
L25_V004	119	12130
L25_V004	120	12149
L25_V004	121	12182
L25_V004	122	12299
L25_V004	123	12347
L25_V004	124	12397
L25_V004	125	12435
L25_V004	126	12449
L25_V004	127	12460
L25_V004	128	12492
L25_V004	129	12569
L25_V004	130	12599
L25_V004	131	12629
L25_V004	132	12665
L25_V004	133	12728
L25_V004	134	12749
L25_V004	135	12785
L25_V004	136	12808
L25_V004	137	12849
L25_V004	138	12899
L25_V004	139	12915
L25_V004	140	13028
L25_V004	141	13029
L25_V004	142	13049
L25_V004	143	13091
L25_V004	144	13199
L25_V004	145	13266
L25_V004	146	13302
L25_V004	147	13332
L25_V004	148	13349
L25_V004	149	13499
L25_V004	150	13649
L25_V004	151	13665
L25_V004	152	13713
L25_V004	153	13799
L25_V004	154	13846
L25_V004	155	13926
L25_V004	156	13927
L25_V004	157	13949
L25_V004	158	13979
L25_V004	159	14099
L25_V004	160	14249
L25_V004	161	14268
L25_V004	162	14399
L25_V004	163	14405
L25_V004	164	14549
L25_V004	165	14662
L25_V004	166	14699
L25_V004	167	14849
L25_V004	168	14999
L25_V004	169	15149
L25_V004	170	15299
L25_V004	171	15449
L25_V004	172	15599
L25_V004	173	15749
L25_V004	174	15803
L25_V004	175	15899
L25_V004	176	16049
L25_V004	177	16199
L25_V004	178	16349
L25_V004	179	16355
L25_V004	180	16499
L25_V004	181	16649
L25_V004	182	16799
L25_V004	183	16949
L25_V004	184	17099
L25_V004	185	17249
L25_V004	186	17399
L25_V004	187	17444
L25_V004	188	17549
L25_V004	189	17699
L25_V004	190	17849
L25_V004	191	17999
L25_V004	192	18149
L25_V004	193	18299
L25_V004	194	18449
L25_V004	195	18599
L25_V004	196	18749
L25_V004	197	18899
L25_V004	198	19049
L25_V004	199	19199
L25_V004	200	19349
L25_V004	201	19499
L25_V004	202	19649
L25_V004	203	19799
L25_V004	204	19949
L25_V004	205	20099
L25_V004	206	20249
L25_V004	207	20399
L25_V004	208	20549
L25_V004	209	20553
L25_V004	210	20568
L25_V004	211	20699
L25_V004	212	20849
L25_V004	213	20999
L25_V004	214	21149
L25_V004	215	21288
L25_V004	216	21299
L25_V004	217	21449
L25_V004	218	21599
L25_V004	219	21749
L25_V004	220	21899
L25_V004	221	22049
L25_V004	222	22199
L25_V004	223	22349
L25_V004	224	22499
L25_V004	225	22649
L25_V004	226	22799
L25_V004	227	22949
L25_V004	228	23099
L25_V004	229	23249
L25_V004	230	23333
L25_V004	231	23399
L25_V004	232	23549
L25_V004	233	23690
L25_V004	234	23699
L25_V004	235	23849
L25_V004	236	23999
L25_V004	237	24149
L25_V004	238	24299
L25_V004	239	24449
L25_V004	240	24599
L25_V004	241	24706
L25_V004	242	24708
L25_V004	243	24740
L25_V004	244	24749
L25_V004	245	24778
L25_V004	246	24832
L25_V004	247	24853
L25_V004	248	24874
L25_V004	249	24895
L25_V004	250	24899
L25_V004	251	24924
L25_V004	252	24946
L25_V004	253	24948
L25_V004	254	24950
L25_V004	255	24980
L25_V004	256	25021
L25_V004	257	25049
L25_V004	258	25056
L25_V004	259	25090
L25_V004	260	25134
L25_V004	261	25174
L25_V004	262	25199
L25_V004	263	25211
L25_V004	264	25252
L25_V004	265	25301
L25_V004	266	25322
L25_V004	267	25343
L25_V004	268	25349
L25_V004	269	25383
L25_V004	270	25421
L25_V004	271	25459
L25_V004	272	25499
L25_V004	273	25503
L25_V004	274	25549
L25_V004	275	25554
L25_V004	276	25608
L25_V004	277	25649
L25_V004	278	25714
L25_V004	279	25780
L25_V004	280	25799
L25_V004	281	25851
L25_V004	282	25883
L25_V004	283	25913
L25_V004	284	25949
L25_V004	285	25965
L25_V004	286	26000
L25_V004	287	26008
L25_V004	288	26013
L25_V004	289	26019
L25_V004	290	26022
L25_V004	291	26036
L25_V004	292	26074
L25_V004	293	26099
L25_V004	294	26111
L25_V004	295	26156
L25_V004	296	26197
L25_V004	297	26244
L25_V004	298	26249
L25_V004	299	26281
L25_V004	300	26314
L25_V004	301	26358
L25_V004	302	26395
L25_V004	303	26399
L25_V004	304	26429
L25_V004	305	26504
L25_V004	306	26549
L25_V004	307	26699
L25_V004	308	26849
L25_V004	309	26850
L25_V004	310	26999
L25_V004	311	27149
L25_V004	312	27299
L25_V004	313	27449
L25_V004	314	27599
L25_V004	315	27749
L25_V004	316	27899
L25_V004	317	28049
L25_V004	318	28199
L25_V004	319	28349
L25_V004	320	28499
L25_V004	321	28649
L25_V004	322	28799
L25_V004	323	28949
L25_V004	324	29091
L25_V004	325	29099
L25_V004	326	29249
L25_V004	327	29399
L25_V004	328	29549
L25_V004	329	29699
L25_V004	330	29775
L25_V004	331	29776
L25_V004	332	29777
L25_V004	333	29896
L25_V004	334	29897
L25_V004	335	29898
L25_V004	336	29899
L25_V004	337	29900
L25_V004	338	29901
L25_V004	339	29902
L25_V004	340	29903
L25_V004	341	29904
L25_V004	342	29905
L25_V004	343	29906
L25_V004	344	29907
L25_V004	345	29908
L25_V008	1	0
L25_V008	2	80
L25_V008	3	82
L25_V008	4	149
L25_V008	5	231
L25_V008	6	299
L25_V008	7	449
L25_V008	8	599
L25_V008	9	749
L25_V008	10	871
L25_V008	11	871
L25_V008	12	874
L25_V008	13	899
L25_V008	14	974
L25_V008	15	976
L25_V008	16	1049
L25_V008	17	1062
L25_V008	18	1199
L25_V008	19	1202
L25_V008	20	1203
L25_V008	21	1205
L25_V008	22	1208
L25_V008	23	1309
L25_V008	24	1349
L25_V008	25	1356
L25_V008	26	1401
L25_V008	27	1444
L25_V008	28	1445
L25_V008	29	1486
L25_V008	30	1499
L25_V008	31	1528
L25_V008	32	1610
L25_V008	33	1649
L25_V008	34	1651
L25_V008	35	1780
L25_V008	36	1799
L25_V008	37	1823
L25_V008	38	1884
L25_V008	39	1885
L25_V008	40	1919
L25_V008	41	1932
L25_V008	42	1949
L25_V008	43	1984
L25_V008	44	2045
L25_V008	45	2084
L25_V008	46	2093
L25_V008	47	2099
L25_V008	48	2129
L25_V008	49	2169
L25_V008	50	2216
L25_V008	51	2218
L25_V008	52	2219
L25_V008	53	2249
L25_V008	54	2264
L25_V008	55	2399
L25_V008	56	2549
L25_V008	57	2668
L25_V008	58	2699
L25_V008	59	2849
L25_V008	60	2928
L25_V008	61	2999
L25_V008	62	3149
L25_V008	63	3299
L25_V008	64	3449
L25_V008	65	3599
L25_V008	66	3673
L25_V008	67	3749
L25_V008	68	3899
L25_V008	69	4049
L25_V008	70	4199
L25_V008	71	4349
L25_V008	72	4499
L25_V008	73	4581
L25_V008	74	4649
L25_V008	75	4799
L25_V008	76	4949
L25_V008	77	5099
L25_V008	78	5249
L25_V008	79	5399
L25_V008	80	5549
L25_V008	81	5699
L25_V008	82	5849
L25_V008	83	5999
L25_V008	84	6149
L25_V008	85	6299
L25_V008	86	6449
L25_V008	87	6599
L25_V008	88	6749
L25_V008	89	6899
L25_V008	90	7049
L25_V008	91	7199
L25_V008	92	7349
L25_V008	93	7499
L25_V008	94	7649
L25_V008	95	7799
L25_V008	96	7949
L25_V008	97	8099
L25_V008	98	8249
L25_V008	99	8399
L25_V008	100	8549
L25_V008	101	8699
L25_V008	102	8795
L25_V008	103	8849
L25_V008	104	8999
L25_V008	105	9149
L25_V008	106	9299
L25_V008	107	9449
L25_V008	108	9571
L25_V008	109	9599
L25_V008	110	9749
L25_V008	111	9899
L25_V008	112	10049
L25_V008	113	10199
L25_V008	114	10349
L25_V008	115	10499
L25_V008	116	10649
L25_V008	117	10799
L25_V008	118	10949
L25_V008	119	11099
L25_V008	120	11249
L25_V008	121	11399
L25_V008	122	11549
L25_V008	123	11699
L25_V008	124	11849
L25_V008	125	11999
L25_V008	126	12149
L25_V008	127	12299
L25_V008	128	12449
L25_V008	129	12599
L25_V008	130	12749
L25_V008	131	12899
L25_V008	132	13049
L25_V008	133	13199
L25_V008	134	13349
L25_V008	135	13499
L25_V008	136	13649
L25_V008	137	13799
L25_V008	138	13887
L25_V008	139	13949
L25_V008	140	14090
L25_V008	141	14099
L25_V008	142	14140
L25_V008	143	14192
L25_V008	144	14249
L25_V008	145	14357
L25_V008	146	14399
L25_V008	147	14407
L25_V008	148	14445
L25_V008	149	14470
L25_V008	150	14502
L25_V008	151	14519
L25_V008	152	14549
L25_V008	153	14579
L25_V008	154	14609
L25_V008	155	14639
L25_V008	156	14675
L25_V008	157	14699
L25_V008	158	14738
L25_V008	159	14795
L25_V008	160	14818
L25_V008	161	14849
L25_V008	162	14859
L25_V008	163	14925
L25_V008	164	14999
L25_V008	165	15038
L25_V008	166	15039
L25_V008	167	15101
L25_V008	168	15149
L25_V008	169	15276
L25_V008	170	15299
L25_V008	171	15312
L25_V008	172	15342
L25_V008	173	15449
L25_V008	174	15599
L25_V008	175	15674
L25_V008	176	15723
L25_V008	177	15749
L25_V008	178	15856
L25_V008	179	15899
L25_V008	180	15936
L25_V008	181	15937
L25_V008	182	15957
L25_V008	183	15989
L25_V008	184	16049
L25_V008	185	16199
L25_V008	186	16278
L25_V008	187	16349
L25_V008	188	16415
L25_V008	189	16499
L25_V008	190	16649
L25_V008	191	16799
L25_V008	192	16949
L25_V008	193	16970
L25_V008	194	17099
L25_V008	195	17249
L25_V008	196	17399
L25_V008	197	17549
L25_V008	198	17699
L25_V008	199	17849
L25_V008	200	17999
L25_V008	201	18149
L25_V008	202	18299
L25_V008	203	18449
L25_V008	204	18599
L25_V008	205	18749
L25_V008	206	18899
L25_V008	207	19049
L25_V008	208	19199
L25_V008	209	19349
L25_V008	210	19499
L25_V008	211	19649
L25_V008	212	19799
L25_V008	213	19949
L25_V008	214	20099
L25_V008	215	20249
L25_V008	216	20399
L25_V008	217	20549
L25_V008	218	20699
L25_V008	219	20849
L25_V008	220	20999
L25_V008	221	21149
L25_V008	222	21299
L25_V008	223	21449
L25_V008	224	21599
L25_V008	225	21749
L25_V008	226	21899
L25_V008	227	22049
L25_V008	228	22199
L25_V008	229	22349
L25_V008	230	22499
L25_V008	231	22649
L25_V008	232	22799
L25_V008	233	22949
L25_V008	234	23099
L25_V008	235	23249
L25_V008	236	23399
L25_V008	237	23549
L25_V008	238	23640
L25_V008	239	23699
L25_V008	240	23849
L25_V008	241	23999
L25_V008	242	24149
L25_V008	243	24299
L25_V008	244	24376
L25_V008	245	24449
L25_V008	246	24599
L25_V008	247	24749
L25_V008	248	24899
L25_V008	249	25049
L25_V008	250	25199
L25_V008	251	25349
L25_V008	252	25499
L25_V008	253	25649
L25_V008	254	25799
L25_V008	255	25949
L25_V008	256	26099
L25_V008	257	26249
L25_V008	258	26399
L25_V008	259	26549
L25_V008	260	26699
L25_V008	261	26849
L25_V008	262	26999
L25_V008	263	27149
L25_V008	264	27299
L25_V008	265	27449
L25_V008	266	27599
L25_V008	267	27749
L25_V008	268	27876
L25_V008	269	27878
L25_V008	270	27899
L25_V008	271	27910
L25_V008	272	27948
L25_V008	273	28002
L25_V008	274	28023
L25_V008	275	28044
L25_V008	276	28049
L25_V008	277	28065
L25_V008	278	28094
L25_V008	279	28116
L25_V008	280	28119
L25_V008	281	28150
L25_V008	282	28191
L25_V008	283	28199
L25_V008	284	28226
L25_V008	285	28260
L25_V008	286	28304
L25_V008	287	28344
L25_V008	288	28349
L25_V008	289	28381
L25_V008	290	28422
L25_V008	291	28471
L25_V008	292	28492
L25_V008	293	28499
L25_V008	294	28512
L25_V008	295	28513
L25_V008	296	28518
L25_V008	297	28553
L25_V008	298	28591
L25_V008	299	28629
L25_V008	300	28649
L25_V008	301	28673
L25_V008	302	28719
L25_V008	303	28724
L25_V008	304	28779
L25_V008	305	28799
L25_V008	306	28884
L25_V008	307	28949
L25_V008	308	28950
L25_V008	309	29021
L25_V008	310	29053
L25_V008	311	29083
L25_V008	312	29099
L25_V008	313	29135
L25_V008	314	29170
L25_V008	315	29178
L25_V008	316	29183
L25_V008	317	29189
L25_V008	318	29192
L25_V008	319	29206
L25_V008	320	29244
L25_V008	321	29249
L25_V008	322	29281
L25_V008	323	29326
L25_V008	324	29367
L25_V008	325	29399
L25_V008	326	29414
L25_V008	327	29451
L25_V008	328	29484
L25_V008	329	29528
L25_V008	330	29549
L25_V008	331	29565
L25_V008	332	29674
L25_V008	333	29699
L25_V008	334	29849
L25_V008	335	29999
L25_V008	336	30149
L25_V008	337	30299
L25_V008	338	30450
L25_V008	339	30480
L25_V008	340	30599
L25_V008	341	30750
L25_V008	342	30899
L25_V008	343	31050
L25_V008	344	31199
L25_V008	345	31350
L25_V008	346	31499
L25_V008	347	31650
L25_V008	348	31799
L25_V008	349	31950
L25_V008	350	32099
L25_V008	351	32250
L25_V008	352	32399
L25_V008	353	32550
L25_V008	354	32699
L25_V008	355	32850
L25_V008	356	32999
L25_V008	357	33150
L25_V008	358	33299
L25_V008	359	33450
L25_V008	360	33599
L25_V008	361	33749
L25_V008	362	33899
L25_V008	363	34049
L25_V008	364	34199
L25_V008	365	34349
L25_V008	366	34499
L25_V008	367	34649
L25_V008	368	34799
L25_V008	369	34949
L25_V008	370	35099
L25_V008	371	35249
L25_V008	372	35399
L25_V008	373	35549
L25_V008	374	35675
L25_V008	375	35699
L25_V008	376	35850
L25_V008	377	35999
L25_V008	378	36150
L25_V008	379	36187
L25_V008	380	36189
L25_V008	381	36189
L25_V008	382	36308
L25_V008	383	36309
L25_V008	384	36311
L25_V008	385	36311
L25_V008	386	36312
L25_V008	387	36314
L25_V008	388	36314
L25_V008	389	36315
L25_V008	390	36317
L25_V008	391	36317
L25_V008	392	36318
L25_V008	393	36320
L25_V008	394	36320
L25_V010	1	0
L25_V010	2	68
L25_V010	3	150
L25_V010	4	300
L25_V010	5	450
L25_V010	6	600
L25_V010	7	750
L25_V010	8	900
L25_V010	9	1050
L25_V010	10	1066
L25_V010	11	1200
L25_V010	12	1271
L25_V010	13	1273
L25_V010	14	1299
L25_V010	15	1300
L25_V010	16	1331
L25_V010	17	1350
L25_V010	18	1376
L25_V010	19	1394
L25_V010	20	1411
L25_V010	21	1429
L25_V010	22	1453
L25_V010	23	1471
L25_V010	24	1472
L25_V010	25	1474
L25_V010	26	1500
L25_V010	27	1534
L25_V010	28	1563
L25_V010	29	1591
L25_V010	30	1628
L25_V010	31	1650
L25_V010	32	1661
L25_V010	33	1692
L25_V010	34	1726
L25_V010	35	1727
L25_V010	36	1767
L25_V010	37	1785
L25_V010	38	1800
L25_V010	39	1802
L25_V010	40	1805
L25_V010	41	1805
L25_V010	42	1836
L25_V010	43	1867
L25_V010	44	1868
L25_V010	45	1898
L25_V010	46	1936
L25_V010	47	1950
L25_V010	48	1973
L25_V010	49	1978
L25_V010	50	1979
L25_V010	51	1980
L25_V010	52	2023
L25_V010	53	2100
L25_V010	54	2112
L25_V010	55	2167
L25_V010	56	2226
L25_V010	57	2250
L25_V010	58	2253
L25_V010	59	2278
L25_V010	60	2321
L25_V010	61	2350
L25_V010	62	2351
L25_V010	63	2357
L25_V010	64	2360
L25_V010	65	2361
L25_V010	66	2362
L25_V010	67	2365
L25_V010	68	2366
L25_V010	69	2367
L25_V010	70	2369
L25_V010	71	2380
L25_V010	72	2381
L25_V010	73	2400
L25_V010	74	2412
L25_V010	75	2443
L25_V010	76	2481
L25_V010	77	2515
L25_V010	78	2550
L25_V010	79	2554
L25_V010	80	2585
L25_V010	81	2612
L25_V010	82	2649
L25_V010	83	2680
L25_V010	84	2700
L25_V010	85	2770
L25_V010	86	2850
L25_V010	87	3000
L25_V010	88	3150
L25_V010	89	3300
L25_V010	90	3450
L25_V010	91	3600
L25_V010	92	3750
L25_V010	93	3900
L25_V010	94	4050
L25_V010	95	4200
L25_V010	96	4350
L25_V010	97	4500
L25_V010	98	4650
L25_V010	99	4800
L25_V010	100	4950
L25_V010	101	5100
L25_V010	102	5250
L25_V010	103	5400
L25_V010	104	5550
L25_V010	105	5700
L25_V010	106	5850
L25_V010	107	6000
L25_V010	108	6150
L25_V010	109	6300
L25_V010	110	6450
L25_V010	111	6600
L25_V010	112	6750
L25_V010	113	6900
L25_V010	114	7050
L25_V010	115	7200
L25_V010	116	7350
L25_V010	117	7500
L25_V010	118	7650
L25_V010	119	7800
L25_V010	120	7950
L25_V010	121	8100
L25_V010	122	8250
L25_V010	123	8400
L25_V010	124	8550
L25_V010	125	8700
L25_V010	126	8850
L25_V010	127	9000
L25_V010	128	9150
L25_V010	129	9300
L25_V010	130	9450
L25_V010	131	9600
L25_V010	132	9750
L25_V010	133	9900
L25_V010	134	10050
L25_V010	135	10200
L25_V010	136	10350
L25_V010	137	10500
L25_V010	138	10650
L25_V010	139	10800
L25_V010	140	10950
L25_V010	141	11100
L25_V010	142	11250
L25_V010	143	11400
L25_V010	144	11550
L25_V010	145	11700
L25_V010	146	11850
L25_V010	147	12000
L25_V010	148	12150
L25_V010	149	12300
L25_V010	150	12450
L25_V010	151	12600
L25_V010	152	12750
L25_V010	153	12900
L25_V010	154	13050
L25_V010	155	13200
L25_V010	156	13350
L25_V010	157	13500
L25_V010	158	13650
L25_V010	159	13800
L25_V010	160	13950
L25_V010	161	14100
L25_V010	162	14250
L25_V010	163	14400
L25_V010	164	14550
L25_V010	165	14700
L25_V010	166	14850
L25_V010	167	15000
L25_V010	168	15150
L25_V010	169	15300
L25_V010	170	15450
L25_V010	171	15600
L25_V010	172	15750
L25_V010	173	15900
L25_V010	174	16050
L25_V010	175	16200
L25_V010	176	16350
L25_V010	177	16500
L25_V010	178	16650
L25_V010	179	16800
L25_V010	180	16950
L25_V010	181	17100
L25_V010	182	17250
L25_V010	183	17400
L25_V010	184	17550
L25_V010	185	17700
L25_V010	186	17850
L25_V010	187	18000
L25_V010	188	18150
L25_V010	189	18300
L25_V010	190	18450
L25_V010	191	18600
L25_V010	192	18750
L25_V010	193	18900
L25_V010	194	19050
L25_V010	195	19200
L25_V010	196	19350
L25_V010	197	19500
L25_V010	198	19650
L25_V010	199	19800
L25_V010	200	19950
L25_V010	201	20100
L25_V010	202	20250
L25_V010	203	20400
L25_V010	204	20550
L25_V010	205	20700
L25_V010	206	20850
L25_V010	207	21000
L25_V010	208	21150
L25_V010	209	21300
L25_V010	210	21450
L25_V010	211	21600
L25_V010	212	21750
L25_V010	213	21900
L25_V010	214	22050
L25_V010	215	22200
L25_V010	216	22350
L25_V010	217	22500
L25_V010	218	22650
L25_V010	219	22800
L25_V010	220	22950
L25_V010	221	23100
L25_V010	222	23250
L25_V010	223	23400
L25_V010	224	23550
L25_V010	225	23700
L25_V010	226	23850
L25_V010	227	24000
L25_V010	228	24150
L25_V010	229	24300
L25_V010	230	24450
L25_V010	231	24600
L25_V010	232	24750
L25_V010	233	24900
L25_V010	234	25050
L25_V010	235	25200
L25_V010	236	25350
L25_V010	237	25500
L25_V010	238	25650
L25_V010	239	25800
L25_V010	240	25950
L25_V010	241	26100
L25_V010	242	26167
L25_V010	243	26250
L25_V010	244	26336
L25_V010	245	26377
L25_V010	246	26400
L25_V010	247	26420
L25_V010	248	26550
L25_V010	249	26558
L25_V010	250	26601
L25_V010	251	26632
L25_V010	252	26654
L25_V010	253	26680
L25_V010	254	26700
L25_V010	255	26825
L25_V010	256	26850
L25_V010	257	26877
L25_V010	258	26925
L25_V010	259	26944
L25_V010	260	26977
L25_V010	261	27000
L25_V010	262	27033
L25_V010	263	27127
L25_V010	264	27127
L25_V010	265	27150
L25_V010	266	27180
L25_V010	267	27300
L25_V010	268	27326
L25_V010	269	27356
L25_V010	270	27381
L25_V010	271	27422
L25_V010	272	27450
L25_V010	273	27600
L25_V010	274	27658
L25_V010	275	27699
L25_V010	276	27750
L25_V010	277	27810
L25_V010	278	27877
L25_V010	279	27894
L25_V010	280	27900
L25_V010	281	27920
L25_V010	282	28050
L25_V010	283	28162
L25_V010	284	28200
L25_V010	285	28350
L25_V010	286	28500
L25_V010	287	28650
L25_V010	288	28800
L25_V010	289	28950
L25_V010	290	29100
L25_V010	291	29250
L25_V010	292	29400
L25_V010	293	29550
L25_V010	294	29700
L25_V010	295	29850
L25_V010	296	30000
L25_V010	297	30150
L25_V010	298	30300
L25_V010	299	30450
L25_V010	300	30600
L25_V010	301	30750
L25_V010	302	30900
L25_V010	303	31050
L25_V010	304	31200
L25_V010	305	31350
L25_V010	306	31500
L25_V010	307	31650
L25_V010	308	31800
L25_V010	309	31950
L25_V010	310	32100
L25_V010	311	32250
L25_V010	312	32400
L25_V010	313	32550
L25_V010	314	32700
L25_V010	315	32850
L25_V010	316	33000
L25_V010	317	33150
L25_V010	318	33300
L25_V010	319	33450
L25_V010	320	33600
L25_V010	321	33750
L25_V010	322	33900
L25_V010	323	34050
L25_V010	324	34200
L25_V010	325	34350
L25_V010	326	34500
L25_V010	327	34650
L25_V010	328	34800
L25_V010	329	34950
L25_V010	330	35100
L25_V010	331	35250
L25_V010	332	35400
L25_V010	333	35550
L25_V010	334	35700
L25_V010	335	35850
L25_V010	336	36000
L25_V010	337	36150
L25_V010	338	36300
L25_V010	339	36450
L25_V010	340	36600
L25_V010	341	36750
L25_V010	342	36900
L25_V010	343	37050
L25_V010	344	37200
L25_V010	345	37350
L25_V010	346	37500
L25_V010	347	37650
L25_V010	348	37800
L25_V010	349	37950
L25_V010	350	38100
L25_V010	351	38250
L25_V010	352	38400
L25_V010	353	38550
L25_V010	354	38700
L25_V010	355	38850
L25_V010	356	39000
L25_V010	357	39150
L25_V010	358	39300
L25_V010	359	39450
L25_V010	360	39600
L25_V010	361	39750
L25_V010	362	39900
L25_V010	363	40050
L25_V010	364	40200
L25_V010	365	40350
L25_V010	366	40500
L25_V010	367	40650
L25_V010	368	40800
L25_V010	369	40950
L25_V010	370	41100
L25_V010	371	41250
L25_V010	372	41400
L25_V010	373	41550
L25_V010	374	41700
L25_V010	375	41850
L25_V010	376	42000
L25_V010	377	42150
L25_V010	378	42300
L25_V010	379	42450
L25_V010	380	42600
L25_V010	381	42750
L25_V010	382	42900
L25_V010	383	43050
L25_V010	384	43200
L25_V010	385	43350
L25_V010	386	43500
L25_V010	387	43650
L25_V010	388	43800
L25_V010	389	43950
L25_V010	390	44100
L25_V010	391	44250
L25_V010	392	44400
L25_V010	393	44550
L25_V010	394	44700
L25_V010	395	44850
L25_V010	396	45000
L25_V010	397	45150
L25_V010	398	45300
L25_V010	399	45450
L25_V010	400	45600
L25_V010	401	45750
L25_V010	402	45900
L25_V010	403	46050
L25_V010	404	46200
L25_V010	405	46350
L25_V010	406	46500
L25_V010	407	46650
L25_V010	408	46800
L25_V010	409	46950
L25_V010	410	47100
L25_V010	411	47250
L25_V010	412	47400
L25_V010	413	47550
L25_V010	414	47700
L25_V010	415	47850
L25_V010	416	48000
L25_V010	417	48150
L25_V010	418	48300
L25_V010	419	48450
L25_V010	420	48600
L25_V010	421	48750
L25_V010	422	48900
L25_V010	423	49050
L25_V010	424	49200
L25_V010	425	49350
L25_V010	426	49500
L25_V010	427	49650
L25_V010	428	49800
L25_V010	429	49950
L25_V010	430	50100
L25_V010	431	50250
L25_V010	432	50400
L25_V010	433	50550
L25_V010	434	50700
L25_V010	435	50850
L25_V010	436	51000
L25_V010	437	51150
L25_V010	438	51300
L25_V010	439	51450
L25_V010	440	51600
L25_V010	441	51750
L25_V010	442	51900
L25_V010	443	52050
L25_V010	444	52200
L25_V010	445	52350
L25_V010	446	52500
L25_V010	447	52650
L25_V010	448	52800
L25_V010	449	52950
L25_V010	450	53100
L25_V010	451	53250
L25_V010	452	53400
L25_V010	453	53503
L25_V010	454	53504
L25_V010	455	53504
L25_V010	456	53505
L25_V010	457	53507
L25_V010	458	53550
L25_V010	459	53590
L25_V010	460	53659
L25_V010	461	53661
L25_V010	462	53662
L25_V010	463	53664
L25_V010	464	53665
L25_V010	465	53667
L25_V010	466	53669
L25_V010	467	53671
L25_V010	468	53700
L25_V010	469	53779
L25_V010	470	53780
L25_V010	471	53782
L25_V010	472	53820
L25_V010	473	53823
L25_V010	474	53824
L25_V010	475	53825
L25_V010	476	53826
L25_V010	477	53850
L25_V010	478	53869
L25_V010	479	53908
L25_V010	480	53946
L25_V010	481	53982
L25_V010	482	54000
L25_V010	483	54016
L25_V010	484	54052
L25_V010	485	54120
L25_V010	486	54150
L25_V010	487	54154
L25_V010	488	54215
L25_V010	489	54216
L25_V010	490	54216
L25_V010	491	54217
L25_V010	492	54262
L25_V010	493	54300
L25_V010	494	54349
L25_V010	495	54389
L25_V010	496	54430
L25_V010	497	54432
L25_V010	498	54450
L25_V010	499	54483
L25_V010	500	54485
L25_V010	501	54515
L25_V010	502	54516
L25_V010	503	54516
L25_V010	504	54522
L25_V010	505	54523
L25_V010	506	54524
L25_V010	507	54553
L25_V010	508	54554
L25_V010	509	54586
L25_V010	510	54587
L25_V010	511	54596
L25_V010	512	54600
L25_V010	513	54627
L25_V010	514	54666
L25_V010	515	54750
L25_V010	516	54900
L25_V010	517	55003
L25_V010	518	55100
L25_V010	519	55103
L25_V010	520	55104
L25_V010	521	55104
L25_V010	522	55105
L25_V010	523	55107
L25_V010	524	55108
L25_V010	525	55109
L25_V010	526	55110
L25_V010	527	55111
L25_V010	528	55112
L25_V010	529	55113
L25_V015	1	0
L25_V015	2	67
L25_V015	3	129
L25_V015	4	279
L25_V015	5	429
L25_V015	6	579
L25_V015	7	729
L25_V015	8	878
L25_V015	9	1029
L25_V015	10	1179
L25_V015	11	1329
L25_V015	12	1479
L25_V015	13	1629
L25_V015	14	1779
L25_V015	15	1929
L25_V015	16	2001
L25_V015	17	2003
L25_V015	18	2029
L25_V015	19	2030
L25_V015	20	2063
L25_V015	21	2106
L25_V015	22	2124
L25_V015	23	2141
L25_V015	24	2159
L25_V015	25	2183
L25_V015	26	2201
L25_V015	27	2202
L25_V015	28	2205
L25_V015	29	2229
L25_V015	30	2230
L25_V015	31	2264
L25_V015	32	2293
L25_V015	33	2321
L25_V015	34	2339
L25_V015	35	2358
L25_V015	36	2391
L25_V015	37	2422
L25_V015	38	2456
L25_V015	39	2457
L25_V015	40	2478
L25_V015	41	2497
L25_V015	42	2515
L25_V015	43	2532
L25_V015	44	2533
L25_V015	45	2536
L25_V015	46	2566
L25_V015	47	2597
L25_V015	48	2598
L25_V015	49	2613
L25_V015	50	2629
L25_V015	51	2666
L25_V015	52	2704
L25_V015	53	2708
L25_V015	54	2709
L25_V015	55	2766
L25_V015	56	2842
L25_V015	57	2899
L25_V015	58	2956
L25_V015	59	2983
L25_V015	60	3008
L25_V015	61	3032
L25_V015	62	3051
L25_V015	63	3080
L25_V015	64	3081
L25_V015	65	3087
L25_V015	66	3090
L25_V015	67	3091
L25_V015	68	3092
L25_V015	69	3095
L25_V015	70	3096
L25_V015	71	3097
L25_V015	72	3099
L25_V015	73	3110
L25_V015	74	3111
L25_V015	75	3142
L25_V015	76	3157
L25_V015	77	3173
L25_V015	78	3211
L25_V015	79	3245
L25_V015	80	3286
L25_V015	81	3315
L25_V015	82	3342
L25_V015	83	3379
L25_V015	84	3411
L25_V015	85	3500
L25_V015	86	3561
L25_V015	87	3711
L25_V015	88	3861
L25_V015	89	4011
L25_V015	90	4162
L25_V015	91	4312
L25_V015	92	4462
L25_V015	93	4612
L25_V015	94	4762
L25_V015	95	4912
L25_V015	96	5062
L25_V015	97	5212
L25_V015	98	5362
L25_V015	99	5512
L25_V015	100	5662
L25_V015	101	5812
L25_V015	102	5962
L25_V015	103	6112
L25_V015	104	6262
L25_V015	105	6412
L25_V015	106	6562
L25_V015	107	6712
L25_V015	108	6862
L25_V015	109	7012
L25_V015	110	7162
L25_V015	111	7312
L25_V015	112	7462
L25_V015	113	7612
L25_V015	114	7762
L25_V015	115	7912
L25_V015	116	8062
L25_V015	117	8212
L25_V015	118	8362
L25_V015	119	8512
L25_V015	120	8662
L25_V015	121	8812
L25_V015	122	8962
L25_V015	123	9112
L25_V015	124	9262
L25_V015	125	9412
L25_V015	126	9562
L25_V015	127	9712
L25_V015	128	9862
L25_V015	129	10012
L25_V015	130	10162
L25_V015	131	10312
L25_V015	132	10462
L25_V015	133	10612
L25_V015	134	10762
L25_V015	135	10912
L25_V015	136	11062
L25_V015	137	11212
L25_V015	138	11362
L25_V015	139	11512
L25_V015	140	11662
L25_V015	141	11812
L25_V015	142	11962
L25_V015	143	12112
L25_V015	144	12262
L25_V015	145	12412
L25_V015	146	12562
L25_V015	147	12712
L25_V015	148	12862
L25_V015	149	13012
L25_V015	150	13162
L25_V015	151	13312
L25_V015	152	13462
L25_V015	153	13612
L25_V015	154	13762
L25_V015	155	13912
L25_V015	156	14062
L25_V015	157	14212
L25_V015	158	14362
L25_V015	159	14512
L25_V015	160	14662
L25_V015	161	14812
L25_V015	162	14962
L25_V015	163	15112
L25_V015	164	15262
L25_V015	165	15412
L25_V015	166	15562
L25_V015	167	15712
L25_V015	168	15862
L25_V015	169	16012
L25_V015	170	16162
L25_V015	171	16312
L25_V015	172	16462
L25_V015	173	16519
L25_V015	174	16611
L25_V015	175	16688
L25_V015	176	16730
L25_V015	177	16751
L25_V015	178	16773
L25_V015	179	16889
L25_V015	180	16911
L25_V015	181	16953
L25_V015	182	16984
L25_V015	183	17006
L25_V015	184	17034
L25_V015	185	17051
L25_V015	186	17161
L25_V015	187	17177
L25_V015	188	17229
L25_V015	189	17277
L25_V015	190	17296
L25_V015	191	17302
L25_V015	192	17330
L25_V015	193	17385
L25_V015	194	17447
L25_V015	195	17475
L25_V015	196	17479
L25_V015	197	17480
L25_V015	198	17532
L25_V015	199	17594
L25_V015	200	17678
L25_V015	201	17708
L25_V015	202	17735
L25_V015	203	17885
L25_V015	204	18012
L25_V015	205	18051
L25_V015	206	18137
L25_V015	207	18162
L25_V015	208	18229
L25_V015	209	18246
L25_V015	210	18275
L25_V015	211	18425
L25_V015	212	18514
L25_V015	213	18568
L25_V015	214	18628
L25_V015	215	18720
L25_V015	216	18870
L25_V015	217	19020
L25_V015	218	19170
L25_V015	219	19320
L25_V015	220	19470
L25_V015	221	19620
L25_V015	222	19770
L25_V015	223	19920
L25_V015	224	20070
L25_V015	225	20220
L25_V015	226	20370
L25_V015	227	20520
L25_V015	228	20670
L25_V015	229	20820
L25_V015	230	20970
L25_V015	231	21120
L25_V015	232	21270
L25_V015	233	21420
L25_V015	234	21570
L25_V015	235	21720
L25_V015	236	21870
L25_V015	237	22020
L25_V015	238	22170
L25_V015	239	22320
L25_V015	240	22470
L25_V015	241	22620
L25_V015	242	22770
L25_V015	243	22920
L25_V015	244	23070
L25_V015	245	23220
L25_V015	246	23370
L25_V015	247	23520
L25_V015	248	23670
L25_V015	249	23820
L25_V015	250	23970
L25_V015	251	24120
L25_V015	252	24270
L25_V015	253	24420
L25_V015	254	24570
L25_V015	255	24720
L25_V015	256	24870
L25_V015	257	25020
L25_V015	258	25170
L25_V015	259	25320
L25_V015	260	25470
L25_V015	261	25620
L25_V015	262	25770
L25_V015	263	25920
L25_V015	264	26070
L25_V015	265	26220
L25_V015	266	26370
L25_V015	267	26520
L25_V015	268	26670
L25_V015	269	26820
L25_V015	270	26970
L25_V015	271	27120
L25_V015	272	27270
L25_V015	273	27420
L25_V015	274	27570
L25_V015	275	27720
L25_V015	276	27870
L25_V015	277	28020
L25_V015	278	28170
L25_V015	279	28320
L25_V015	280	28470
L25_V015	281	28620
L25_V015	282	28770
L25_V015	283	28920
L25_V015	284	29070
L25_V015	285	29220
L25_V015	286	29370
L25_V015	287	29520
L25_V015	288	29670
L25_V015	289	29820
L25_V015	290	29970
L25_V015	291	30120
L25_V015	292	30270
L25_V015	293	30420
L25_V015	294	30570
L25_V015	295	30720
L25_V015	296	30870
L25_V015	297	31020
L25_V015	298	31170
L25_V015	299	31320
L25_V015	300	31470
L25_V015	301	31602
L25_V015	302	31606
L25_V015	303	31608
L25_V015	304	31689
L25_V015	305	31752
L25_V015	306	31758
L25_V015	307	31761
L25_V015	308	31762
L25_V015	309	31764
L25_V015	310	31764
L25_V015	311	31766
L25_V015	312	31768
L25_V015	313	31769
L25_V015	314	31770
L25_V015	315	31880
L25_V015	316	31881
L25_V015	317	31882
L25_V015	318	31886
L25_V015	319	31920
L25_V015	320	31920
L25_V015	321	31922
L25_V015	322	31923
L25_V015	323	31924
L25_V015	324	31925
L25_V015	325	31926
L25_V015	326	31927
L25_V015	327	31969
L25_V015	328	32008
L25_V015	329	32027
L25_V015	330	32045
L25_V015	331	32082
L25_V015	332	32117
L25_V015	333	32154
L25_V015	334	32220
L25_V015	335	32254
L25_V015	336	32286
L25_V015	337	32314
L25_V015	338	32314
L25_V015	339	32316
L25_V015	340	32317
L25_V015	341	32318
L25_V015	342	32362
L25_V015	343	32398
L25_V015	344	32424
L25_V015	345	32449
L25_V015	346	32468
L25_V015	347	32476
L25_V015	348	32486
L25_V015	349	32489
L25_V015	350	32531
L25_V015	351	32532
L25_V015	352	32551
L25_V015	353	32583
L25_V015	354	32585
L25_V015	355	32614
L25_V015	356	32616
L25_V015	357	32617
L25_V015	358	32622
L25_V015	359	32623
L25_V015	360	32624
L25_V015	361	32652
L25_V015	362	32654
L25_V015	363	32686
L25_V015	364	32687
L25_V015	365	32694
L25_V015	366	32695
L25_V015	367	32727
L25_V015	368	32727
L25_V015	369	32766
L25_V015	370	32828
L25_V015	371	32978
L25_V015	372	33105
L25_V015	373	33203
L25_V015	374	33204
L25_V015	375	33205
L25_V015	376	33206
L25_V015	377	33207
L25_V015	378	33208
L25_V015	379	33209
L25_V015	380	33210
L25_V015	381	33211
L25_V015	382	33212
L25_V015	383	33213
L25_V017	1	0
L25_V017	2	80
L25_V017	3	82
L25_V017	4	149
L25_V017	5	231
L25_V017	6	299
L25_V017	7	449
L25_V017	8	599
L25_V017	9	727
L25_V017	10	730
L25_V017	11	749
L25_V017	12	761
L25_V017	13	799
L25_V017	14	853
L25_V017	15	874
L25_V017	16	895
L25_V017	17	899
L25_V017	18	916
L25_V017	19	946
L25_V017	20	967
L25_V017	21	970
L25_V017	22	1001
L25_V017	23	1042
L25_V017	24	1049
L25_V017	25	1077
L25_V017	26	1111
L25_V017	27	1155
L25_V017	28	1195
L25_V017	29	1199
L25_V017	30	1232
L25_V017	31	1273
L25_V017	32	1322
L25_V017	33	1343
L25_V017	34	1349
L25_V017	35	1364
L25_V017	36	1369
L25_V017	37	1404
L25_V017	38	1442
L25_V017	39	1480
L25_V017	40	1499
L25_V017	41	1524
L25_V017	42	1570
L25_V017	43	1575
L25_V017	44	1629
L25_V017	45	1649
L25_V017	46	1735
L25_V017	47	1799
L25_V017	48	1801
L25_V017	49	1872
L25_V017	50	1904
L25_V017	51	1934
L25_V017	52	1949
L25_V017	53	1986
L25_V017	54	2021
L25_V017	55	2029
L25_V017	56	2034
L25_V017	57	2040
L25_V017	58	2043
L25_V017	59	2057
L25_V017	60	2095
L25_V017	61	2099
L25_V017	62	2132
L25_V017	63	2177
L25_V017	64	2218
L25_V017	65	2249
L25_V017	66	2265
L25_V017	67	2302
L25_V017	68	2335
L25_V017	69	2379
L25_V017	70	2399
L25_V017	71	2416
L25_V017	72	2525
L25_V017	73	2549
L25_V017	74	2699
L25_V017	75	2830
L25_V017	76	2849
L25_V017	77	2999
L25_V017	78	3149
L25_V017	79	3299
L25_V017	80	3449
L25_V017	81	3599
L25_V017	82	3749
L25_V017	83	3899
L25_V017	84	4049
L25_V017	85	4199
L25_V017	86	4349
L25_V017	87	4499
L25_V017	88	4649
L25_V017	89	4799
L25_V017	90	4949
L25_V017	91	5099
L25_V017	92	5249
L25_V017	93	5399
L25_V017	94	5549
L25_V017	95	5699
L25_V017	96	5754
L25_V017	97	5849
L25_V017	98	5999
L25_V017	99	6143
L25_V017	100	6149
L25_V017	101	6299
L25_V017	102	6449
L25_V017	103	6599
L25_V017	104	6749
L25_V017	105	6899
L25_V017	106	7049
L25_V017	107	7199
L25_V017	108	7349
L25_V017	109	7499
L25_V017	110	7649
L25_V017	111	7799
L25_V017	112	7949
L25_V017	113	8099
L25_V017	114	8249
L25_V017	115	8399
L25_V017	116	8549
L25_V017	117	8699
L25_V017	118	8849
L25_V017	119	8999
L25_V017	120	9149
L25_V017	121	9299
L25_V017	122	9449
L25_V017	123	9599
L25_V017	124	9749
L25_V017	125	9891
L25_V017	126	9899
L25_V017	127	10049
L25_V017	128	10095
L25_V017	129	10144
L25_V017	130	10196
L25_V017	131	10199
L25_V017	132	10349
L25_V017	133	10361
L25_V017	134	10411
L25_V017	135	10448
L25_V017	136	10474
L25_V017	137	10499
L25_V017	138	10507
L25_V017	139	10529
L25_V017	140	10589
L25_V017	141	10619
L25_V017	142	10649
L25_V017	143	10679
L25_V017	144	10742
L25_V017	145	10799
L25_V017	146	10822
L25_V017	147	10863
L25_V017	148	10929
L25_V017	149	10949
L25_V017	150	11033
L25_V017	151	11039
L25_V017	152	11042
L25_V017	153	11043
L25_V017	154	11099
L25_V017	155	11105
L25_V017	156	11249
L25_V017	157	11280
L25_V017	158	11317
L25_V017	159	11347
L25_V017	160	11399
L25_V017	161	11549
L25_V017	162	11678
L25_V017	163	11699
L25_V017	164	11727
L25_V017	165	11849
L25_V017	166	11860
L25_V017	167	11940
L25_V017	168	11941
L25_V017	169	11961
L25_V017	170	11993
L25_V017	171	11999
L25_V017	172	12149
L25_V017	173	12282
L25_V017	174	12299
L25_V017	175	12419
L25_V017	176	12449
L25_V017	177	12599
L25_V017	178	12749
L25_V017	179	12899
L25_V017	180	13003
L25_V017	181	13049
L25_V017	182	13199
L25_V017	183	13349
L25_V017	184	13499
L25_V017	185	13649
L25_V017	186	13799
L25_V017	187	13949
L25_V017	188	14099
L25_V017	189	14249
L25_V017	190	14399
L25_V017	191	14549
L25_V017	192	14699
L25_V017	193	14849
L25_V017	194	14999
L25_V017	195	15149
L25_V017	196	15299
L25_V017	197	15449
L25_V017	198	15599
L25_V017	199	15749
L25_V017	200	15899
L25_V017	201	16049
L25_V017	202	16199
L25_V017	203	16349
L25_V017	204	16499
L25_V017	205	16649
L25_V017	206	16799
L25_V017	207	16949
L25_V017	208	17099
L25_V017	209	17249
L25_V017	210	17399
L25_V017	211	17549
L25_V017	212	17699
L25_V017	213	17849
L25_V017	214	17999
L25_V017	215	18149
L25_V017	216	18299
L25_V017	217	18315
L25_V017	218	18449
L25_V017	219	18599
L25_V017	220	18749
L25_V017	221	18899
L25_V017	222	19049
L25_V017	223	19199
L25_V017	224	19349
L25_V017	225	19499
L25_V017	226	19649
L25_V017	227	19799
L25_V017	228	19949
L25_V017	229	20099
L25_V017	230	20249
L25_V017	231	20399
L25_V017	232	20549
L25_V017	233	20699
L25_V017	234	20849
L25_V017	235	20999
L25_V017	236	21149
L25_V017	237	21299
L25_V017	238	21449
L25_V017	239	21599
L25_V017	240	21749
L25_V017	241	21899
L25_V017	242	22049
L25_V017	243	22199
L25_V017	244	22349
L25_V017	245	22499
L25_V017	246	22649
L25_V017	247	22799
L25_V017	248	22949
L25_V017	249	23099
L25_V017	250	23249
L25_V017	251	23399
L25_V017	252	23549
L25_V017	253	23699
L25_V017	254	23849
L25_V017	255	23999
L25_V017	256	24149
L25_V017	257	24299
L25_V017	258	24449
L25_V017	259	24466
L25_V017	260	24471
L25_V017	261	24570
L25_V017	262	24599
L25_V017	263	24656
L25_V017	264	24659
L25_V017	265	24660
L25_V017	266	24665
L25_V017	267	24749
L25_V017	268	24797
L25_V017	269	24798
L25_V017	270	24800
L25_V017	271	24851
L25_V017	272	24899
L25_V017	273	24905
L25_V017	274	24952
L25_V017	275	24997
L25_V017	276	25040
L25_V017	277	25049
L25_V017	278	25082
L25_V017	279	25124
L25_V017	280	25199
L25_V017	281	25206
L25_V017	282	25247
L25_V017	283	25319
L25_V017	284	25349
L25_V017	285	25376
L25_V017	286	25419
L25_V017	287	25480
L25_V017	288	25481
L25_V017	289	25499
L25_V017	290	25528
L25_V017	291	25580
L25_V017	292	25649
L25_V017	293	25679
L25_V017	294	25680
L25_V017	295	25688
L25_V017	296	25689
L25_V017	297	25725
L25_V017	298	25765
L25_V017	299	25769
L25_V017	300	25799
L25_V017	301	25860
L25_V017	302	25949
L25_V017	303	26099
L25_V017	304	26249
L25_V017	305	26264
L25_V017	306	26399
L25_V017	307	26541
L25_V017	308	26549
L25_V017	309	26699
L25_V017	310	26849
L25_V017	311	26999
L25_V017	312	27149
L25_V017	313	27299
L25_V017	314	27449
L25_V017	315	27599
L25_V017	316	27749
L25_V017	317	27899
L25_V017	318	28049
L25_V017	319	28199
L25_V017	320	28349
L25_V017	321	28499
L25_V017	322	28649
L25_V017	323	28799
L25_V017	324	28949
L25_V017	325	29099
L25_V017	326	29249
L25_V017	327	29399
L25_V017	328	29549
L25_V017	329	29699
L25_V017	330	29849
L25_V017	331	29999
L25_V017	332	30149
L25_V017	333	30299
L25_V017	334	30450
L25_V017	335	30599
L25_V017	336	30750
L25_V017	337	30899
L25_V017	338	31050
L25_V017	339	31199
L25_V017	340	31350
L25_V017	341	31499
L25_V017	342	31650
L25_V017	343	31799
L25_V017	344	31950
L25_V017	345	32099
L25_V017	346	32250
L25_V017	347	32399
L25_V017	348	32550
L25_V017	349	32699
L25_V017	350	32850
L25_V017	351	32999
L25_V017	352	33150
L25_V017	353	33299
L25_V017	354	33377
L25_V017	355	33450
L25_V017	356	33599
L25_V017	357	33749
L25_V017	358	33899
L25_V017	359	33936
L25_V017	360	33938
L25_V017	361	33938
L25_V017	362	34057
L25_V017	363	34059
L25_V017	364	34060
L25_V017	365	34060
L25_V017	366	34062
L25_V017	367	34063
L25_V017	368	34063
L25_V017	369	34065
L25_V017	370	34065
L25_V017	371	34066
L25_V017	372	34068
L25_V017	373	34068
L25_V017	374	34069
L25_V022	1	0
L25_V022	2	80
L25_V022	3	82
L25_V022	4	149
L25_V022	5	231
L25_V022	6	299
L25_V022	7	449
L25_V022	8	599
L25_V022	9	749
L25_V022	10	821
L25_V022	11	823
L25_V022	12	824
L25_V022	13	899
L25_V022	14	925
L25_V022	15	926
L25_V022	16	1014
L25_V022	17	1016
L25_V022	18	1020
L25_V022	19	1049
L25_V022	20	1152
L25_V022	21	1154
L25_V022	22	1155
L25_V022	23	1160
L25_V022	24	1161
L25_V022	25	1199
L25_V022	26	1260
L25_V022	27	1307
L25_V022	28	1349
L25_V022	29	1352
L25_V022	30	1395
L25_V022	31	1396
L25_V022	32	1437
L25_V022	33	1479
L25_V022	34	1499
L25_V022	35	1561
L25_V022	36	1601
L25_V022	37	1602
L25_V022	38	1649
L25_V022	39	1731
L25_V022	40	1774
L25_V022	41	1799
L25_V022	42	1835
L25_V022	43	1836
L25_V022	44	1883
L25_V022	45	1935
L25_V022	46	1949
L25_V022	47	2034
L25_V022	48	2043
L25_V022	49	2045
L25_V022	50	2080
L25_V022	51	2099
L25_V022	52	2119
L25_V022	53	2120
L25_V022	54	2130
L25_V022	55	2131
L25_V022	56	2132
L25_V022	57	2168
L25_V022	58	2184
L25_V022	59	2186
L25_V022	60	2215
L25_V022	61	2216
L25_V022	62	2249
L25_V022	63	2399
L25_V022	64	2549
L25_V022	65	2619
L25_V022	66	2699
L25_V022	67	2778
L25_V022	68	2849
L25_V022	69	2999
L25_V022	70	3149
L25_V022	71	3299
L25_V022	72	3449
L25_V022	73	3599
L25_V022	74	3749
L25_V022	75	3899
L25_V022	76	4049
L25_V022	77	4199
L25_V022	78	4349
L25_V022	79	4499
L25_V022	80	4649
L25_V022	81	4799
L25_V022	82	4949
L25_V022	83	5099
L25_V022	84	5249
L25_V022	85	5399
L25_V022	86	5549
L25_V022	87	5699
L25_V022	88	5849
L25_V022	89	5887
L25_V022	90	5999
L25_V022	91	6149
L25_V022	92	6299
L25_V022	93	6405
L25_V022	94	6449
L25_V022	95	6599
L25_V022	96	6749
L25_V022	97	6899
L25_V022	98	7049
L25_V022	99	7199
L25_V022	100	7349
L25_V022	101	7499
L25_V022	102	7649
L25_V022	103	7799
L25_V022	104	7949
L25_V022	105	8099
L25_V022	106	8249
L25_V022	107	8399
L25_V022	108	8549
L25_V022	109	8699
L25_V022	110	8849
L25_V022	111	8999
L25_V022	112	9149
L25_V022	113	9299
L25_V022	114	9449
L25_V022	115	9599
L25_V022	116	9749
L25_V022	117	9806
L25_V022	118	9899
L25_V022	119	10049
L25_V022	120	10199
L25_V022	121	10349
L25_V022	122	10394
L25_V022	123	10499
L25_V022	124	10649
L25_V022	125	10799
L25_V022	126	10949
L25_V022	127	11099
L25_V022	128	11249
L25_V022	129	11399
L25_V022	130	11549
L25_V022	131	11699
L25_V022	132	11849
L25_V022	133	11999
L25_V022	134	12149
L25_V022	135	12299
L25_V022	136	12449
L25_V022	137	12599
L25_V022	138	12749
L25_V022	139	12899
L25_V022	140	12932
L25_V022	141	13049
L25_V022	142	13199
L25_V022	143	13349
L25_V022	144	13499
L25_V022	145	13649
L25_V022	146	13799
L25_V022	147	13949
L25_V022	148	14099
L25_V022	149	14249
L25_V022	150	14399
L25_V022	151	14549
L25_V022	152	14699
L25_V022	153	14849
L25_V022	154	14999
L25_V022	155	15149
L25_V022	156	15299
L25_V022	157	15449
L25_V022	158	15599
L25_V022	159	15749
L25_V022	160	15899
L25_V022	161	16049
L25_V022	162	16199
L25_V022	163	16349
L25_V022	164	16499
L25_V022	165	16649
L25_V022	166	16799
L25_V022	167	16949
L25_V022	168	17099
L25_V022	169	17249
L25_V022	170	17399
L25_V022	171	17549
L25_V022	172	17699
L25_V022	173	17849
L25_V022	174	17999
L25_V022	175	18149
L25_V022	176	18299
L25_V022	177	18449
L25_V022	178	18599
L25_V022	179	18749
L25_V022	180	18899
L25_V022	181	19049
L25_V022	182	19199
L25_V022	183	19349
L25_V022	184	19499
L25_V022	185	19649
L25_V022	186	19799
L25_V022	187	19949
L25_V022	188	20099
L25_V022	189	20249
L25_V022	190	20399
L25_V022	191	20549
L25_V022	192	20699
L25_V022	193	20849
L25_V022	194	20923
L25_V022	195	20999
L25_V022	196	21126
L25_V022	197	21149
L25_V022	198	21176
L25_V022	199	21228
L25_V022	200	21299
L25_V022	201	21393
L25_V022	202	21443
L25_V022	203	21449
L25_V022	204	21480
L25_V022	205	21506
L25_V022	206	21537
L25_V022	207	21538
L25_V022	208	21599
L25_V022	209	21711
L25_V022	210	21712
L25_V022	211	21749
L25_V022	212	21774
L25_V022	213	21831
L25_V022	214	21854
L25_V022	215	21895
L25_V022	216	21899
L25_V022	217	21961
L25_V022	218	22049
L25_V022	219	22064
L25_V022	220	22074
L25_V022	221	22137
L25_V022	222	22199
L25_V022	223	22312
L25_V022	224	22349
L25_V022	225	22378
L25_V022	226	22499
L25_V022	227	22649
L25_V022	228	22710
L25_V022	229	22759
L25_V022	230	22799
L25_V022	231	22892
L25_V022	232	22949
L25_V022	233	22972
L25_V022	234	22973
L25_V022	235	22993
L25_V022	236	23025
L25_V022	237	23099
L25_V022	238	23249
L25_V022	239	23314
L25_V022	240	23399
L25_V022	241	23451
L25_V022	242	23549
L25_V022	243	23699
L25_V022	244	23849
L25_V022	245	23999
L25_V022	246	24124
L25_V022	247	24149
L25_V022	248	24299
L25_V022	249	24449
L25_V022	250	24599
L25_V022	251	24749
L25_V022	252	24899
L25_V022	253	25049
L25_V022	254	25199
L25_V022	255	25349
L25_V022	256	25499
L25_V022	257	25649
L25_V022	258	25799
L25_V022	259	25949
L25_V022	260	26099
L25_V022	261	26249
L25_V022	262	26399
L25_V022	263	26549
L25_V022	264	26699
L25_V022	265	26849
L25_V022	266	26999
L25_V022	267	27149
L25_V022	268	27299
L25_V022	269	27449
L25_V022	270	27599
L25_V022	271	27749
L25_V022	272	27899
L25_V022	273	28049
L25_V022	274	28199
L25_V022	275	28349
L25_V022	276	28499
L25_V022	277	28649
L25_V022	278	28690
L25_V022	279	28710
L25_V022	280	28799
L25_V022	281	28949
L25_V022	282	29099
L25_V022	283	29249
L25_V022	284	29399
L25_V022	285	29549
L25_V022	286	29699
L25_V022	287	29849
L25_V022	288	29934
L25_V022	289	29999
L25_V022	290	30149
L25_V022	291	30299
L25_V022	292	30450
L25_V022	293	30599
L25_V022	294	30750
L25_V022	295	30899
L25_V022	296	31050
L25_V022	297	31199
L25_V022	298	31350
L25_V022	299	31499
L25_V022	300	31650
L25_V022	301	31799
L25_V022	302	31950
L25_V022	303	32099
L25_V022	304	32250
L25_V022	305	32399
L25_V022	306	32550
L25_V022	307	32699
L25_V022	308	32850
L25_V022	309	32999
L25_V022	310	33150
L25_V022	311	33299
L25_V022	312	33450
L25_V022	313	33594
L25_V022	314	33599
L25_V022	315	33749
L25_V022	316	33899
L25_V022	317	34049
L25_V022	318	34199
L25_V022	319	34349
L25_V022	320	34499
L25_V022	321	34649
L25_V022	322	34728
L25_V022	323	34799
L25_V022	324	34949
L25_V022	325	35099
L25_V022	326	35249
L25_V022	327	35399
L25_V022	328	35549
L25_V022	329	35699
L25_V022	330	35850
L25_V022	331	35999
L25_V022	332	36150
L25_V022	333	36299
L25_V022	334	36450
L25_V022	335	36599
L25_V022	336	36750
L25_V022	337	36757
L25_V022	338	36899
L25_V022	339	37050
L25_V022	340	37199
L25_V022	341	37350
L25_V022	342	37499
L25_V022	343	37650
L25_V022	344	37799
L25_V022	345	37950
L25_V022	346	38099
L25_V022	347	38250
L25_V022	348	38352
L25_V022	349	38399
L25_V022	350	38550
L25_V022	351	38699
L25_V022	352	38850
L25_V022	353	38999
L25_V022	354	39150
L25_V022	355	39299
L25_V022	356	39450
L25_V022	357	39599
L25_V022	358	39750
L25_V022	359	39899
L25_V022	360	40050
L25_V022	361	40199
L25_V022	362	40350
L25_V022	363	40499
L25_V022	364	40529
L25_V022	365	40530
L25_V022	366	40562
L25_V022	367	40600
L25_V022	368	40650
L25_V022	369	40654
L25_V022	370	40675
L25_V022	371	40696
L25_V022	372	40717
L25_V022	373	40746
L25_V022	374	40769
L25_V022	375	40770
L25_V022	376	40772
L25_V022	377	40799
L25_V022	378	40802
L25_V022	379	40844
L25_V022	380	40879
L25_V022	381	40912
L25_V022	382	40950
L25_V022	383	40957
L25_V022	384	40996
L25_V022	385	41034
L25_V022	386	41075
L25_V022	387	41099
L25_V022	388	41123
L25_V022	389	41144
L25_V022	390	41165
L25_V022	391	41170
L25_V022	392	41171
L25_V022	393	41206
L25_V022	394	41243
L25_V022	395	41250
L25_V022	396	41281
L25_V022	397	41325
L25_V022	398	41372
L25_V022	399	41399
L25_V022	400	41429
L25_V022	401	41430
L25_V022	402	41432
L25_V022	403	41536
L25_V022	404	41549
L25_V022	405	41602
L25_V022	406	41673
L25_V022	407	41699
L25_V022	408	41705
L25_V022	409	41735
L25_V022	410	41788
L25_V022	411	41822
L25_V022	412	41830
L25_V022	413	41836
L25_V022	414	41842
L25_V022	415	41845
L25_V022	416	41849
L25_V022	417	41859
L25_V022	418	41896
L25_V022	419	41934
L25_V022	420	41978
L25_V022	421	41999
L25_V022	422	42020
L25_V022	423	42067
L25_V022	424	42103
L25_V022	425	42136
L25_V022	426	42149
L25_V022	427	42180
L25_V022	428	42217
L25_V022	429	42299
L25_V022	430	42326
L25_V022	431	42449
L25_V022	432	42599
L25_V022	433	42750
L25_V022	434	42899
L25_V022	435	43050
L25_V022	436	43199
L25_V022	437	43350
L25_V022	438	43499
L25_V022	439	43650
L25_V022	440	43799
L25_V022	441	43820
L25_V022	442	43950
L25_V022	443	44099
L25_V022	444	44250
L25_V022	445	44399
L25_V022	446	44550
L25_V022	447	44699
L25_V022	448	44850
L25_V022	449	44999
L25_V022	450	45150
L25_V022	451	45299
L25_V022	452	45450
L25_V022	453	45599
L25_V022	454	45750
L25_V022	455	45899
L25_V022	456	46050
L25_V022	457	46199
L25_V022	458	46350
L25_V022	459	46499
L25_V022	460	46650
L25_V022	461	46799
L25_V022	462	46950
L25_V022	463	47099
L25_V022	464	47250
L25_V022	465	47399
L25_V022	466	47550
L25_V022	467	47699
L25_V022	468	47850
L25_V022	469	47999
L25_V022	470	48150
L25_V022	471	48299
L25_V022	472	48450
L25_V022	473	48599
L25_V022	474	48712
L25_V022	475	48749
L25_V022	476	48899
L25_V022	477	49007
L25_V022	478	49009
L25_V022	479	49009
L25_V022	480	49049
L25_V022	481	49128
L25_V022	482	49129
L25_V022	483	49131
L25_V022	484	49131
L25_V022	485	49132
L25_V022	486	49134
L25_V022	487	49134
L25_V022	488	49135
L25_V022	489	49137
L25_V022	490	49137
L25_V022	491	49138
L25_V022	492	49140
L25_V022	493	49140
L25_V024	1	0
L25_V024	2	68
L25_V024	3	130
L25_V024	4	280
L25_V024	5	430
L25_V024	6	557
L25_V024	7	686
L25_V024	8	823
L25_V024	9	973
L25_V024	10	1123
L25_V024	11	1257
L25_V024	12	1260
L25_V024	13	1263
L25_V024	14	1344
L25_V024	15	1406
L25_V024	16	1412
L25_V024	17	1413
L25_V024	18	1415
L25_V024	19	1416
L25_V024	20	1418
L25_V024	21	1419
L25_V024	22	1420
L25_V024	23	1422
L25_V024	24	1424
L25_V024	25	1534
L25_V024	26	1535
L25_V024	27	1536
L25_V024	28	1540
L25_V024	29	1574
L25_V024	30	1575
L25_V024	31	1576
L25_V024	32	1577
L25_V024	33	1578
L25_V024	34	1579
L25_V024	35	1580
L25_V024	36	1581
L25_V024	37	1623
L25_V024	38	1662
L25_V024	39	1680
L25_V024	40	1700
L25_V024	41	1736
L25_V024	42	1771
L25_V024	43	1807
L25_V024	44	1873
L25_V024	45	1907
L25_V024	46	1939
L25_V024	47	1968
L25_V024	48	1969
L25_V024	49	1970
L25_V024	50	1971
L25_V024	51	1972
L25_V024	52	2016
L25_V024	53	2052
L25_V024	54	2078
L25_V024	55	2103
L25_V024	56	2143
L25_V024	57	2185
L25_V024	58	2186
L25_V024	59	2205
L25_V024	60	2237
L25_V024	61	2239
L25_V024	62	2269
L25_V024	63	2270
L25_V024	64	2271
L25_V024	65	2276
L25_V024	66	2277
L25_V024	67	2278
L25_V024	68	2307
L25_V024	69	2308
L25_V024	70	2340
L25_V024	71	2341
L25_V024	72	2348
L25_V024	73	2350
L25_V024	74	2380
L25_V024	75	2381
L25_V024	76	2382
L25_V024	77	2420
L25_V024	78	2482
L25_V024	79	2632
L25_V024	80	2759
L25_V024	81	2909
L25_V024	82	3059
L25_V024	83	3209
L25_V024	84	3359
L25_V024	85	3509
L25_V024	86	3659
L25_V024	87	3809
L25_V024	88	3959
L25_V024	89	4109
L25_V024	90	4259
L25_V024	91	4409
L25_V024	92	4559
L25_V024	93	4709
L25_V024	94	4859
L25_V024	95	5009
L25_V024	96	5159
L25_V024	97	5309
L25_V024	98	5437
L25_V024	99	5587
L25_V024	100	5737
L25_V024	101	5887
L25_V024	102	6037
L25_V024	103	6187
L25_V024	104	6337
L25_V024	105	6487
L25_V024	106	6637
L25_V024	107	6787
L25_V024	108	6937
L25_V024	109	7087
L25_V024	110	7237
L25_V024	111	7387
L25_V024	112	7537
L25_V024	113	7687
L25_V024	114	7837
L25_V024	115	7987
L25_V024	116	8137
L25_V024	117	8287
L25_V024	118	8437
L25_V024	119	8587
L25_V024	120	8737
L25_V024	121	8887
L25_V024	122	9037
L25_V024	123	9187
L25_V024	124	9337
L25_V024	125	9487
L25_V024	126	9637
L25_V024	127	9787
L25_V024	128	9937
L25_V024	129	10087
L25_V024	130	10232
L25_V024	131	10382
L25_V024	132	10532
L25_V024	133	10682
L25_V024	134	10832
L25_V024	135	10982
L25_V024	136	11132
L25_V024	137	11282
L25_V024	138	11432
L25_V024	139	11582
L25_V024	140	11732
L25_V024	141	11882
L25_V024	142	12032
L25_V024	143	12182
L25_V024	144	12332
L25_V024	145	12482
L25_V024	146	12632
L25_V024	147	12776
L25_V024	148	12926
L25_V024	149	13076
L25_V024	150	13226
L25_V024	151	13376
L25_V024	152	13526
L25_V024	153	13676
L25_V024	154	13826
L25_V024	155	13976
L25_V024	156	14126
L25_V024	157	14276
L25_V024	158	14419
L25_V024	159	14566
L25_V024	160	14716
L25_V024	161	14866
L25_V024	162	15016
L25_V024	163	15166
L25_V024	164	15316
L25_V024	165	15466
L25_V024	166	15616
L25_V024	167	15766
L25_V024	168	15916
L25_V024	169	16066
L25_V024	170	16216
L25_V024	171	16366
L25_V024	172	16516
L25_V024	173	16666
L25_V024	174	16816
L25_V024	175	16954
L25_V024	176	17104
L25_V024	177	17254
L25_V024	178	17404
L25_V024	179	17554
L25_V024	180	17704
L25_V024	181	17854
L25_V024	182	18004
L25_V024	183	18105
L25_V024	184	18138
L25_V024	185	18276
L25_V024	186	18316
L25_V024	187	18359
L25_V024	188	18421
L25_V024	189	18497
L25_V024	190	18539
L25_V024	191	18554
L25_V024	192	18570
L25_V024	193	18592
L25_V024	194	18618
L25_V024	195	18637
L25_V024	196	18701
L25_V024	197	18763
L25_V024	198	18815
L25_V024	199	18841
L25_V024	200	18863
L25_V024	201	18882
L25_V024	202	18916
L25_V024	203	18973
L25_V024	204	19061
L25_V024	205	19065
L25_V024	206	19066
L25_V024	207	19120
L25_V024	208	19266
L25_V024	209	19294
L25_V024	210	19319
L25_V024	211	19411
L25_V024	212	19556
L25_V024	213	19561
L25_V024	214	19596
L25_V024	215	19637
L25_V024	216	19699
L25_V024	217	19748
L25_V024	218	19815
L25_V024	219	19834
L25_V024	220	19859
L25_V024	221	19981
L25_V024	222	20100
L25_V024	223	20118
L25_V024	224	20214
L25_V024	225	20244
L25_V024	226	20394
L25_V024	227	20544
L25_V024	228	20694
L25_V024	229	20844
L25_V024	230	20975
L25_V024	231	21125
L25_V024	232	21275
L25_V024	233	21425
L25_V024	234	21575
L25_V024	235	21725
L25_V024	236	21875
L25_V024	237	22025
L25_V024	238	22175
L25_V024	239	22325
L25_V024	240	22475
L25_V024	241	22625
L25_V024	242	22775
L25_V024	243	22925
L25_V024	244	23075
L25_V024	245	23225
L25_V024	246	23375
L25_V024	247	23525
L25_V024	248	23675
L25_V024	249	23825
L25_V024	250	23975
L25_V024	251	24125
L25_V024	252	24275
L25_V024	253	24425
L25_V024	254	24575
L25_V024	255	24725
L25_V024	256	24852
L25_V024	257	25002
L25_V024	258	25152
L25_V024	259	25302
L25_V024	260	25452
L25_V024	261	25591
L25_V024	262	25741
L25_V024	263	25891
L25_V024	264	26041
L25_V024	265	26191
L25_V024	266	26341
L25_V024	267	26491
L25_V024	268	26641
L25_V024	269	26791
L25_V024	270	26941
L25_V024	271	27091
L25_V024	272	27241
L25_V024	273	27391
L25_V024	274	27541
L25_V024	275	27691
L25_V024	276	27841
L25_V024	277	27991
L25_V024	278	28141
L25_V024	279	28287
L25_V024	280	28437
L25_V024	281	28587
L25_V024	282	28737
L25_V024	283	28887
L25_V024	284	29037
L25_V024	285	29187
L25_V024	286	29337
L25_V024	287	29487
L25_V024	288	29637
L25_V024	289	29787
L25_V024	290	29937
L25_V024	291	30087
L25_V024	292	30237
L25_V024	293	30387
L25_V024	294	30537
L25_V024	295	30687
L25_V024	296	30837
L25_V024	297	30987
L25_V024	298	31137
L25_V024	299	31287
L25_V024	300	31439
L25_V024	301	31589
L25_V024	302	31739
L25_V024	303	31889
L25_V024	304	32039
L25_V024	305	32189
L25_V024	306	32339
L25_V024	307	32489
L25_V024	308	32639
L25_V024	309	32789
L25_V024	310	32939
L25_V024	311	33089
L25_V024	312	33239
L25_V024	313	33389
L25_V024	314	33539
L25_V024	315	33689
L25_V024	316	33840
L25_V024	317	33990
L25_V024	318	34140
L25_V024	319	34250
L25_V024	320	34252
L25_V024	321	34280
L25_V024	322	34310
L25_V024	323	34355
L25_V024	324	34373
L25_V024	325	34390
L25_V024	326	34410
L25_V024	327	34432
L25_V024	328	34450
L25_V024	329	34451
L25_V024	330	34452
L25_V024	331	34453
L25_V024	332	34454
L25_V024	333	34478
L25_V024	334	34479
L25_V024	335	34513
L25_V024	336	34542
L25_V024	337	34570
L25_V024	338	34607
L25_V024	339	34640
L25_V024	340	34673
L25_V024	341	34705
L25_V024	342	34706
L25_V024	343	34746
L25_V024	344	34764
L25_V024	345	34781
L25_V024	346	34782
L25_V024	347	34785
L25_V024	348	34786
L25_V024	349	34817
L25_V024	350	34846
L25_V024	351	34847
L25_V024	352	34878
L25_V024	353	34915
L25_V024	354	34955
L25_V024	355	34957
L25_V024	356	34958
L25_V024	357	35002
L25_V024	358	35003
L25_V024	359	35093
L25_V024	360	35146
L25_V024	361	35205
L25_V024	362	35234
L25_V024	363	35257
L25_V024	364	35300
L25_V024	365	35329
L25_V024	366	35330
L25_V024	367	35336
L25_V024	368	35339
L25_V024	369	35340
L25_V024	370	35341
L25_V024	371	35344
L25_V024	372	35346
L25_V024	373	35348
L25_V024	374	35359
L25_V024	375	35362
L25_V024	376	35391
L25_V024	377	35422
L25_V024	378	35460
L25_V024	379	35496
L25_V024	380	35533
L25_V024	381	35564
L25_V024	382	35591
L25_V024	383	35630
L25_V024	384	35659
L25_V024	385	35749
L25_V024	386	35781
L25_V024	387	35849
L25_V024	388	35850
L25_V024	389	35851
L25_V024	390	35852
L25_V024	391	35853
L25_V024	392	35854
L25_V024	393	35855
L25_V024	394	35856
L25_V024	395	35857
L25_V024	396	35858
L25_V024	397	35859
L25_V032	1	0
L25_V032	2	67
L25_V032	3	129
L25_V032	4	279
L25_V032	5	429
L25_V032	6	579
L25_V032	7	729
L25_V032	8	878
L25_V032	9	1029
L25_V032	10	1179
L25_V032	11	1329
L25_V032	12	1479
L25_V032	13	1629
L25_V032	14	1779
L25_V032	15	1929
L25_V032	16	2079
L25_V032	17	2229
L25_V032	18	2379
L25_V032	19	2529
L25_V032	20	2679
L25_V032	21	2829
L25_V032	22	2979
L25_V032	23	3129
L25_V032	24	3279
L25_V032	25	3429
L25_V032	26	3579
L25_V032	27	3729
L25_V032	28	3879
L25_V032	29	4029
L25_V032	30	4179
L25_V032	31	4329
L25_V032	32	4479
L25_V032	33	4629
L25_V032	34	4779
L25_V032	35	4929
L25_V032	36	5079
L25_V032	37	5229
L25_V032	38	5350
L25_V032	39	5352
L25_V032	40	5380
L25_V032	41	5410
L25_V032	42	5455
L25_V032	43	5473
L25_V032	44	5490
L25_V032	45	5510
L25_V032	46	5532
L25_V032	47	5550
L25_V032	48	5551
L25_V032	49	5552
L25_V032	50	5553
L25_V032	51	5554
L25_V032	52	5578
L25_V032	53	5579
L25_V032	54	5613
L25_V032	55	5642
L25_V032	56	5670
L25_V032	57	5707
L25_V032	58	5740
L25_V032	59	5773
L25_V032	60	5805
L25_V032	61	5806
L25_V032	62	5846
L25_V032	63	5864
L25_V032	64	5881
L25_V032	65	5882
L25_V032	66	5885
L25_V032	67	5886
L25_V032	68	5917
L25_V032	69	5946
L25_V032	70	5947
L25_V032	71	5978
L25_V032	72	6015
L25_V032	73	6055
L25_V032	74	6057
L25_V032	75	6058
L25_V032	76	6102
L25_V032	77	6193
L25_V032	78	6246
L25_V032	79	6305
L25_V032	80	6334
L25_V032	81	6357
L25_V032	82	6400
L25_V032	83	6429
L25_V032	84	6430
L25_V032	85	6436
L25_V032	86	6439
L25_V032	87	6440
L25_V032	88	6441
L25_V032	89	6444
L25_V032	90	6445
L25_V032	91	6445
L25_V032	92	6448
L25_V032	93	6459
L25_V032	94	6462
L25_V032	95	6491
L25_V032	96	6522
L25_V032	97	6559
L25_V032	98	6595
L25_V032	99	6633
L25_V032	100	6664
L25_V032	101	6691
L25_V032	102	6730
L25_V032	103	6759
L25_V032	104	6848
L25_V032	105	6881
L25_V032	106	7031
L25_V032	107	7181
L25_V032	108	7331
L25_V032	109	7481
L25_V032	110	7631
L25_V032	111	7781
L25_V032	112	7931
L25_V032	113	8081
L25_V032	114	8231
L25_V032	115	8381
L25_V032	116	8531
L25_V032	117	8681
L25_V032	118	8831
L25_V032	119	8981
L25_V032	120	9131
L25_V032	121	9281
L25_V032	122	9431
L25_V032	123	9581
L25_V032	124	9731
L25_V032	125	9881
L25_V032	126	10031
L25_V032	127	10181
L25_V032	128	10331
L25_V032	129	10481
L25_V032	130	10631
L25_V032	131	10781
L25_V032	132	10931
L25_V032	133	11081
L25_V032	134	11231
L25_V032	135	11381
L25_V032	136	11531
L25_V032	137	11681
L25_V032	138	11831
L25_V032	139	11981
L25_V032	140	12131
L25_V032	141	12281
L25_V032	142	12431
L25_V032	143	12581
L25_V032	144	12731
L25_V032	145	12881
L25_V032	146	13031
L25_V032	147	13181
L25_V032	148	13331
L25_V032	149	13481
L25_V032	150	13631
L25_V032	151	13781
L25_V032	152	13931
L25_V032	153	14081
L25_V032	154	14231
L25_V032	155	14381
L25_V032	156	14531
L25_V032	157	14681
L25_V032	158	14831
L25_V032	159	14981
L25_V032	160	15131
L25_V032	161	15281
L25_V032	162	15431
L25_V032	163	15581
L25_V032	164	15731
L25_V032	165	15881
L25_V032	166	16031
L25_V032	167	16181
L25_V032	168	16331
L25_V032	169	16481
L25_V032	170	16631
L25_V032	171	16781
L25_V032	172	16931
L25_V032	173	17081
L25_V032	174	17231
L25_V032	175	17381
L25_V032	176	17531
L25_V032	177	17681
L25_V032	178	17831
L25_V032	179	17981
L25_V032	180	18131
L25_V032	181	18281
L25_V032	182	18431
L25_V032	183	18581
L25_V032	184	18731
L25_V032	185	18881
L25_V032	186	19031
L25_V032	187	19181
L25_V032	188	19331
L25_V032	189	19481
L25_V032	190	19631
L25_V032	191	19781
L25_V032	192	19931
L25_V032	193	20081
L25_V032	194	20231
L25_V032	195	20381
L25_V032	196	20531
L25_V032	197	20681
L25_V032	198	20831
L25_V032	199	20981
L25_V032	200	21131
L25_V032	201	21281
L25_V032	202	21431
L25_V032	203	21581
L25_V032	204	21731
L25_V032	205	21881
L25_V032	206	22031
L25_V032	207	22181
L25_V032	208	22331
L25_V032	209	22481
L25_V032	210	22631
L25_V032	211	22781
L25_V032	212	22931
L25_V032	213	23081
L25_V032	214	23231
L25_V032	215	23381
L25_V032	216	23531
L25_V032	217	23681
L25_V032	218	23831
L25_V032	219	23883
L25_V032	220	23975
L25_V032	221	24052
L25_V032	222	24094
L25_V032	223	24115
L25_V032	224	24137
L25_V032	225	24253
L25_V032	226	24275
L25_V032	227	24317
L25_V032	228	24348
L25_V032	229	24370
L25_V032	230	24398
L25_V032	231	24415
L25_V032	232	24525
L25_V032	233	24541
L25_V032	234	24593
L25_V032	235	24641
L25_V032	236	24660
L25_V032	237	24666
L25_V032	238	24694
L25_V032	239	24749
L25_V032	240	24811
L25_V032	241	24839
L25_V032	242	24843
L25_V032	243	24844
L25_V032	244	24896
L25_V032	245	24958
L25_V032	246	25042
L25_V032	247	25072
L25_V032	248	25099
L25_V032	249	25140
L25_V032	250	25249
L25_V032	251	25376
L25_V032	252	25415
L25_V032	253	25501
L25_V032	254	25526
L25_V032	255	25593
L25_V032	256	25610
L25_V032	257	25639
L25_V032	258	25789
L25_V032	259	25877
L25_V032	260	25932
L25_V032	261	25992
L25_V032	262	26067
L25_V032	263	26217
L25_V032	264	26367
L25_V032	265	26517
L25_V032	266	26667
L25_V032	267	26812
L25_V032	268	26962
L25_V032	269	27112
L25_V032	270	27262
L25_V032	271	27412
L25_V032	272	27562
L25_V032	273	27712
L25_V032	274	27862
L25_V032	275	28012
L25_V032	276	28162
L25_V032	277	28312
L25_V032	278	28462
L25_V032	279	28612
L25_V032	280	28762
L25_V032	281	28912
L25_V032	282	29062
L25_V032	283	29212
L25_V032	284	29362
L25_V032	285	29512
L25_V032	286	29662
L25_V032	287	29812
L25_V032	288	29962
L25_V032	289	30112
L25_V032	290	30262
L25_V032	291	30412
L25_V032	292	30562
L25_V032	293	30712
L25_V032	294	30862
L25_V032	295	31012
L25_V032	296	31162
L25_V032	297	31312
L25_V032	298	31462
L25_V032	299	31612
L25_V032	300	31762
L25_V032	301	31912
L25_V032	302	32062
L25_V032	303	32212
L25_V032	304	32362
L25_V032	305	32512
L25_V032	306	32662
L25_V032	307	32812
L25_V032	308	32962
L25_V032	309	33112
L25_V032	310	33262
L25_V032	311	33412
L25_V032	312	33562
L25_V032	313	33712
L25_V032	314	33862
L25_V032	315	34012
L25_V032	316	34162
L25_V032	317	34312
L25_V032	318	34462
L25_V032	319	34612
L25_V032	320	34762
L25_V032	321	34912
L25_V032	322	35062
L25_V032	323	35212
L25_V032	324	35362
L25_V032	325	35512
L25_V032	326	35662
L25_V032	327	35812
L25_V032	328	35962
L25_V032	329	36112
L25_V032	330	36262
L25_V032	331	36412
L25_V032	332	36562
L25_V032	333	36712
L25_V032	334	36862
L25_V032	335	37012
L25_V032	336	37162
L25_V032	337	37312
L25_V032	338	37462
L25_V032	339	37612
L25_V032	340	37762
L25_V032	341	37912
L25_V032	342	38062
L25_V032	343	38212
L25_V032	344	38362
L25_V032	345	38512
L25_V032	346	38662
L25_V032	347	38812
L25_V032	348	38962
L25_V032	349	39112
L25_V032	350	39262
L25_V032	351	39412
L25_V032	352	39548
L25_V032	353	39698
L25_V032	354	39848
L25_V032	355	39915
L25_V032	356	39916
L25_V032	357	39917
L25_V032	358	39918
L25_V032	359	39919
L25_V032	360	39921
L25_V032	361	39974
L25_V032	362	40002
L25_V032	363	40071
L25_V032	364	40073
L25_V032	365	40074
L25_V032	366	40075
L25_V032	367	40076
L25_V032	368	40077
L25_V032	369	40078
L25_V032	370	40080
L25_V032	371	40081
L25_V032	372	40082
L25_V032	373	40124
L25_V032	374	40192
L25_V032	375	40193
L25_V032	376	40194
L25_V032	377	40197
L25_V032	378	40232
L25_V032	379	40233
L25_V032	380	40234
L25_V032	381	40235
L25_V032	382	40236
L25_V032	383	40237
L25_V032	384	40238
L25_V032	385	40253
L25_V032	386	40281
L25_V032	387	40320
L25_V032	388	40358
L25_V032	389	40378
L25_V032	390	40394
L25_V032	391	40429
L25_V032	392	40464
L25_V032	393	40513
L25_V032	394	40532
L25_V032	395	40566
L25_V032	396	40626
L25_V032	397	40627
L25_V032	398	40628
L25_V032	399	40629
L25_V032	400	40630
L25_V032	401	40652
L25_V032	402	40674
L25_V032	403	40710
L25_V032	404	40761
L25_V032	405	40782
L25_V032	406	40785
L25_V032	407	40801
L25_V032	408	40843
L25_V032	409	40844
L25_V032	410	40895
L25_V032	411	40897
L25_V032	412	40923
L25_V032	413	40927
L25_V032	414	40928
L25_V032	415	40929
L25_V032	416	40934
L25_V032	417	40935
L25_V032	418	40936
L25_V032	419	40965
L25_V032	420	40966
L25_V032	421	40998
L25_V032	422	40999
L25_V032	423	41008
L25_V032	424	41039
L25_V032	425	41040
L25_V032	426	41056
L25_V032	427	41078
L25_V032	428	41200
L25_V032	429	41350
L25_V032	430	41415
L25_V032	431	41515
L25_V032	432	41516
L25_V032	433	41517
L25_V032	434	41518
L25_V032	435	41519
L25_V032	436	41520
L25_V032	437	41521
L25_V032	438	41522
L25_V032	439	41523
L25_V032	440	41524
L25_V032	441	41525
L25_V033	1	0
L25_V033	2	68
L25_V033	3	130
L25_V033	4	280
L25_V033	5	430
L25_V033	6	571
L25_V033	7	705
L25_V033	8	710
L25_V033	9	713
L25_V033	10	716
L25_V033	11	797
L25_V033	12	859
L25_V033	13	865
L25_V033	14	866
L25_V033	15	868
L25_V033	16	869
L25_V033	17	871
L25_V033	18	872
L25_V033	19	873
L25_V033	20	875
L25_V033	21	877
L25_V033	22	986
L25_V033	23	988
L25_V033	24	989
L25_V033	25	990
L25_V033	26	993
L25_V033	27	1027
L25_V033	28	1028
L25_V033	29	1029
L25_V033	30	1030
L25_V033	31	1031
L25_V033	32	1032
L25_V033	33	1033
L25_V033	34	1034
L25_V033	35	1076
L25_V033	36	1115
L25_V033	37	1134
L25_V033	38	1153
L25_V033	39	1189
L25_V033	40	1224
L25_V033	41	1261
L25_V033	42	1327
L25_V033	43	1361
L25_V033	44	1393
L25_V033	45	1421
L25_V033	46	1422
L25_V033	47	1423
L25_V033	48	1424
L25_V033	49	1425
L25_V033	50	1469
L25_V033	51	1505
L25_V033	52	1531
L25_V033	53	1556
L25_V033	54	1596
L25_V033	55	1638
L25_V033	56	1639
L25_V033	57	1657
L25_V033	58	1689
L25_V033	59	1692
L25_V033	60	1722
L25_V033	61	1723
L25_V033	62	1723
L25_V033	63	1729
L25_V033	64	1730
L25_V033	65	1730
L25_V033	66	1760
L25_V033	67	1761
L25_V033	68	1793
L25_V033	69	1794
L25_V033	70	1801
L25_V033	71	1803
L25_V033	72	1832
L25_V033	73	1834
L25_V033	74	1835
L25_V033	75	1873
L25_V033	76	1935
L25_V033	77	2085
L25_V033	78	2211
L25_V033	79	2361
L25_V033	80	2489
L25_V033	81	2639
L25_V033	82	2789
L25_V033	83	2939
L25_V033	84	3089
L25_V033	85	3239
L25_V033	86	3389
L25_V033	87	3539
L25_V033	88	3689
L25_V033	89	3839
L25_V033	90	3989
L25_V033	91	4139
L25_V033	92	4289
L25_V033	93	4439
L25_V033	94	4589
L25_V033	95	4739
L25_V033	96	4889
L25_V033	97	5039
L25_V033	98	5189
L25_V033	99	5339
L25_V033	100	5489
L25_V033	101	5639
L25_V033	102	5789
L25_V033	103	5939
L25_V033	104	6089
L25_V033	105	6239
L25_V033	106	6389
L25_V033	107	6539
L25_V033	108	6689
L25_V033	109	6839
L25_V033	110	6989
L25_V033	111	7139
L25_V033	112	7289
L25_V033	113	7431
L25_V033	114	7581
L25_V033	115	7731
L25_V033	116	7881
L25_V033	117	8031
L25_V033	118	8181
L25_V033	119	8332
L25_V033	120	8482
L25_V033	121	8632
L25_V033	122	8782
L25_V033	123	8932
L25_V033	124	9082
L25_V033	125	9224
L25_V033	126	9371
L25_V033	127	9521
L25_V033	128	9671
L25_V033	129	9821
L25_V033	130	9971
L25_V033	131	10121
L25_V033	132	10271
L25_V033	133	10421
L25_V033	134	10571
L25_V033	135	10721
L25_V033	136	10875
L25_V033	137	11025
L25_V033	138	11175
L25_V033	139	11325
L25_V033	140	11475
L25_V033	141	11625
L25_V033	142	11750
L25_V033	143	11900
L25_V033	144	12050
L25_V033	145	12200
L25_V033	146	12350
L25_V033	147	12500
L25_V033	148	12625
L25_V033	149	12775
L25_V033	150	12925
L25_V033	151	13075
L25_V033	152	13225
L25_V033	153	13375
L25_V033	154	13525
L25_V033	155	13675
L25_V033	156	13822
L25_V033	157	13972
L25_V033	158	14122
L25_V033	159	14272
L25_V033	160	14422
L25_V033	161	14572
L25_V033	162	14722
L25_V033	163	14865
L25_V033	164	15015
L25_V033	165	15151
L25_V033	166	15301
L25_V033	167	15451
L25_V033	168	15601
L25_V033	169	15751
L25_V033	170	15901
L25_V033	171	16051
L25_V033	172	16201
L25_V033	173	16351
L25_V033	174	16501
L25_V033	175	16651
L25_V033	176	16801
L25_V033	177	16951
L25_V033	178	17101
L25_V033	179	17251
L25_V033	180	17401
L25_V033	181	17551
L25_V033	182	17695
L25_V033	183	17845
L25_V033	184	17995
L25_V033	185	18145
L25_V033	186	18295
L25_V033	187	18445
L25_V033	188	18595
L25_V033	189	18745
L25_V033	190	18895
L25_V033	191	19045
L25_V033	192	19195
L25_V033	193	19345
L25_V033	194	19495
L25_V033	195	19645
L25_V033	196	19795
L25_V033	197	19945
L25_V033	198	20095
L25_V033	199	20245
L25_V033	200	20395
L25_V033	201	20545
L25_V033	202	20695
L25_V033	203	20845
L25_V033	204	20995
L25_V033	205	21145
L25_V033	206	21295
L25_V033	207	21445
L25_V033	208	21595
L25_V033	209	21745
L25_V033	210	21878
L25_V033	211	22028
L25_V033	212	22178
L25_V033	213	22328
L25_V033	214	22478
L25_V033	215	22628
L25_V033	216	22778
L25_V033	217	22928
L25_V033	218	23078
L25_V033	219	23218
L25_V033	220	23252
L25_V033	221	23344
L25_V033	222	23421
L25_V033	223	23463
L25_V033	224	23484
L25_V033	225	23506
L25_V033	226	23622
L25_V033	227	23644
L25_V033	228	23686
L25_V033	229	23717
L25_V033	230	23739
L25_V033	231	23767
L25_V033	232	23784
L25_V033	233	23786
L25_V033	234	23894
L25_V033	235	23910
L25_V033	236	23962
L25_V033	237	24010
L25_V033	238	24029
L25_V033	239	24035
L25_V033	240	24063
L25_V033	241	24118
L25_V033	242	24180
L25_V033	243	24208
L25_V033	244	24212
L25_V033	245	24213
L25_V033	246	24265
L25_V033	247	24327
L25_V033	248	24411
L25_V033	249	24441
L25_V033	250	24468
L25_V033	251	24509
L25_V033	252	24618
L25_V033	253	24703
L25_V033	254	24745
L25_V033	255	24784
L25_V033	256	24870
L25_V033	257	24895
L25_V033	258	24962
L25_V033	259	24979
L25_V033	260	25008
L25_V033	261	25158
L25_V033	262	25247
L25_V033	263	25301
L25_V033	264	25361
L25_V033	265	25453
L25_V033	266	25602
L25_V033	267	25752
L25_V033	268	25902
L25_V033	269	26052
L25_V033	270	26202
L25_V033	271	26352
L25_V033	272	26489
L25_V033	273	26627
L25_V033	274	26777
L25_V033	275	26927
L25_V033	276	27077
L25_V033	277	27227
L25_V033	278	27377
L25_V033	279	27510
L25_V033	280	27648
L25_V033	281	27798
L25_V033	282	27948
L25_V033	283	28098
L25_V033	284	28248
L25_V033	285	28398
L25_V033	286	28548
L25_V033	287	28698
L25_V033	288	28848
L25_V033	289	28998
L25_V033	290	29148
L25_V033	291	29298
L25_V033	292	29448
L25_V033	293	29598
L25_V033	294	29748
L25_V033	295	29898
L25_V033	296	30048
L25_V033	297	30198
L25_V033	298	30348
L25_V033	299	30498
L25_V033	300	30648
L25_V033	301	30798
L25_V033	302	30948
L25_V033	303	31098
L25_V033	304	31248
L25_V033	305	31398
L25_V033	306	31548
L25_V033	307	31698
L25_V033	308	31848
L25_V033	309	31998
L25_V033	310	32148
L25_V033	311	32298
L25_V033	312	32448
L25_V033	313	32598
L25_V033	314	32724
L25_V033	315	32874
L25_V033	316	33024
L25_V033	317	33174
L25_V033	318	33324
L25_V033	319	33474
L25_V033	320	33624
L25_V033	321	33774
L25_V033	322	33924
L25_V033	323	34074
L25_V033	324	34224
L25_V033	325	34374
L25_V033	326	34524
L25_V033	327	34674
L25_V033	328	34824
L25_V033	329	34974
L25_V033	330	35124
L25_V033	331	35274
L25_V033	332	35424
L25_V033	333	35574
L25_V033	334	35724
L25_V033	335	35874
L25_V033	336	36024
L25_V033	337	36174
L25_V033	338	36324
L25_V033	339	36474
L25_V033	340	36624
L25_V033	341	36764
L25_V033	342	36914
L25_V033	343	37064
L25_V033	344	37215
L25_V033	345	37365
L25_V033	346	37515
L25_V033	347	37665
L25_V033	348	37815
L25_V033	349	37965
L25_V033	350	38115
L25_V033	351	38265
L25_V033	352	38415
L25_V033	353	38565
L25_V033	354	38715
L25_V033	355	38865
L25_V033	356	39015
L25_V033	357	39165
L25_V033	358	39315
L25_V033	359	39465
L25_V033	360	39615
L25_V033	361	39765
L25_V033	362	39915
L25_V033	363	40065
L25_V033	364	40215
L25_V033	365	40365
L25_V033	366	40515
L25_V033	367	40665
L25_V033	368	40815
L25_V033	369	40965
L25_V033	370	41115
L25_V033	371	41265
L25_V033	372	41415
L25_V033	373	41565
L25_V033	374	41715
L25_V033	375	41865
L25_V033	376	42015
L25_V033	377	42165
L25_V033	378	42315
L25_V033	379	42465
L25_V033	380	42615
L25_V033	381	42765
L25_V033	382	42915
L25_V033	383	43065
L25_V033	384	43215
L25_V033	385	43365
L25_V033	386	43515
L25_V033	387	43665
L25_V033	388	43815
L25_V033	389	43965
L25_V033	390	44115
L25_V033	391	44265
L25_V033	392	44415
L25_V033	393	44565
L25_V033	394	44715
L25_V033	395	44865
L25_V033	396	45015
L25_V033	397	45165
L25_V033	398	45315
L25_V033	399	45465
L25_V033	400	45615
L25_V033	401	45765
L25_V033	402	45915
L25_V033	403	46065
L25_V033	404	46215
L25_V033	405	46362
L25_V033	406	46512
L25_V033	407	46618
L25_V033	408	46620
L25_V033	409	46648
L25_V033	410	46678
L25_V033	411	46723
L25_V033	412	46741
L25_V033	413	46758
L25_V033	414	46778
L25_V033	415	46800
L25_V033	416	46818
L25_V033	417	46819
L25_V033	418	46820
L25_V033	419	46821
L25_V033	420	46822
L25_V033	421	46846
L25_V033	422	46847
L25_V033	423	46881
L25_V033	424	46910
L25_V033	425	46938
L25_V033	426	46975
L25_V033	427	47008
L25_V033	428	47041
L25_V033	429	47073
L25_V033	430	47074
L25_V033	431	47114
L25_V033	432	47132
L25_V033	433	47149
L25_V033	434	47153
L25_V033	435	47154
L25_V033	436	47185
L25_V033	437	47214
L25_V033	438	47215
L25_V033	439	47246
L25_V033	440	47283
L25_V033	441	47323
L25_V033	442	47325
L25_V033	443	47326
L25_V033	444	47461
L25_V033	445	47514
L25_V033	446	47573
L25_V033	447	47602
L25_V033	448	47625
L25_V033	449	47668
L25_V033	450	47697
L25_V033	451	47698
L25_V033	452	47704
L25_V033	453	47707
L25_V033	454	47708
L25_V033	455	47709
L25_V033	456	47712
L25_V033	457	47714
L25_V033	458	47716
L25_V033	459	47727
L25_V033	460	47730
L25_V033	461	47759
L25_V033	462	47790
L25_V033	463	47828
L25_V033	464	47864
L25_V033	465	47901
L25_V033	466	47932
L25_V033	467	47959
L25_V033	468	47998
L25_V033	469	48027
L25_V033	470	48117
L25_V033	471	48149
L25_V033	472	48217
L25_V033	473	48218
L25_V033	474	48219
L25_V033	475	48220
L25_V033	476	48221
L25_V033	477	48222
L25_V033	478	48223
L25_V033	479	48224
L25_V033	480	48225
L25_V033	481	48226
L25_V033	482	48227
L25_V038	1	0
L25_V038	2	67
L25_V038	3	150
L25_V038	4	300
L25_V038	5	450
L25_V038	6	600
L25_V038	7	750
L25_V038	8	900
L25_V038	9	1050
L25_V038	10	1200
L25_V038	11	1350
L25_V038	12	1500
L25_V038	13	1650
L25_V038	14	1800
L25_V038	15	1950
L25_V038	16	2100
L25_V038	17	2250
L25_V038	18	2400
L25_V038	19	2550
L25_V038	20	2700
L25_V038	21	2850
L25_V038	22	3000
L25_V038	23	3150
L25_V038	24	3300
L25_V038	25	3450
L25_V038	26	3600
L25_V038	27	3750
L25_V038	28	3900
L25_V038	29	4050
L25_V038	30	4200
L25_V038	31	4350
L25_V038	32	4500
L25_V038	33	4650
L25_V038	34	4800
L25_V038	35	4950
L25_V038	36	5065
L25_V038	37	5066
L25_V038	38	5067
L25_V038	39	5068
L25_V038	40	5069
L25_V038	41	5071
L25_V038	42	5100
L25_V038	43	5152
L25_V038	44	5221
L25_V038	45	5223
L25_V038	46	5224
L25_V038	47	5226
L25_V038	48	5227
L25_V038	49	5230
L25_V038	50	5232
L25_V038	51	5233
L25_V038	52	5250
L25_V038	53	5341
L25_V038	54	5343
L25_V038	55	5344
L25_V038	56	5382
L25_V038	57	5383
L25_V038	58	5385
L25_V038	59	5386
L25_V038	60	5387
L25_V038	61	5388
L25_V038	62	5400
L25_V038	63	5431
L25_V038	64	5470
L25_V038	65	5508
L25_V038	66	5544
L25_V038	67	5550
L25_V038	68	5579
L25_V038	69	5614
L25_V038	70	5682
L25_V038	71	5700
L25_V038	72	5716
L25_V038	73	5777
L25_V038	74	5778
L25_V038	75	5779
L25_V038	76	5780
L25_V038	77	5824
L25_V038	78	5850
L25_V038	79	5860
L25_V038	80	5911
L25_V038	81	5951
L25_V038	82	5993
L25_V038	83	5994
L25_V038	84	6000
L25_V038	85	6045
L25_V038	86	6047
L25_V038	87	6077
L25_V038	88	6078
L25_V038	89	6079
L25_V038	90	6084
L25_V038	91	6085
L25_V038	92	6086
L25_V038	93	6115
L25_V038	94	6116
L25_V038	95	6150
L25_V038	96	6158
L25_V038	97	6188
L25_V038	98	6189
L25_V038	99	6228
L25_V038	100	6300
L25_V038	101	6450
L25_V038	102	6565
L25_V038	103	6600
L25_V038	104	6750
L25_V038	105	6900
L25_V038	106	7050
L25_V038	107	7200
L25_V038	108	7350
L25_V038	109	7500
L25_V038	110	7650
L25_V038	111	7800
L25_V038	112	7950
L25_V038	113	8100
L25_V038	114	8250
L25_V038	115	8400
L25_V038	116	8550
L25_V038	117	8700
L25_V038	118	8850
L25_V038	119	9000
L25_V038	120	9150
L25_V038	121	9300
L25_V038	122	9450
L25_V038	123	9600
L25_V038	124	9750
L25_V038	125	9900
L25_V038	126	10050
L25_V038	127	10200
L25_V038	128	10350
L25_V038	129	10500
L25_V038	130	10650
L25_V038	131	10800
L25_V038	132	10950
L25_V038	133	11100
L25_V038	134	11250
L25_V038	135	11400
L25_V038	136	11550
L25_V038	137	11700
L25_V038	138	11850
L25_V038	139	12000
L25_V038	140	12150
L25_V038	141	12300
L25_V038	142	12450
L25_V038	143	12600
L25_V038	144	12750
L25_V038	145	12900
L25_V038	146	13050
L25_V038	147	13200
L25_V038	148	13350
L25_V038	149	13500
L25_V038	150	13650
L25_V038	151	13800
L25_V038	152	13950
L25_V038	153	14100
L25_V038	154	14250
L25_V038	155	14400
L25_V038	156	14550
L25_V038	157	14700
L25_V038	158	14850
L25_V038	159	15000
L25_V038	160	15150
L25_V038	161	15300
L25_V038	162	15450
L25_V038	163	15600
L25_V038	164	15750
L25_V038	165	15900
L25_V038	166	16050
L25_V038	167	16200
L25_V038	168	16350
L25_V038	169	16500
L25_V038	170	16650
L25_V038	171	16777
L25_V038	172	16800
L25_V038	173	16946
L25_V038	174	16950
L25_V038	175	16988
L25_V038	176	17031
L25_V038	177	17100
L25_V038	178	17169
L25_V038	179	17211
L25_V038	180	17242
L25_V038	181	17250
L25_V038	182	17264
L25_V038	183	17290
L25_V038	184	17309
L25_V038	185	17400
L25_V038	186	17435
L25_V038	187	17487
L25_V038	188	17535
L25_V038	189	17550
L25_V038	190	17554
L25_V038	191	17588
L25_V038	192	17643
L25_V038	193	17700
L25_V038	194	17737
L25_V038	195	17738
L25_V038	196	17790
L25_V038	197	17850
L25_V038	198	17936
L25_V038	199	17966
L25_V038	200	17991
L25_V038	201	18000
L25_V038	202	18150
L25_V038	203	18268
L25_V038	204	18300
L25_V038	205	18309
L25_V038	206	18420
L25_V038	207	18450
L25_V038	208	18487
L25_V038	209	18504
L25_V038	210	18531
L25_V038	211	18600
L25_V038	212	18750
L25_V038	213	18772
L25_V038	214	18886
L25_V038	215	18900
L25_V038	216	19050
L25_V038	217	19200
L25_V038	218	19350
L25_V038	219	19500
L25_V038	220	19650
L25_V038	221	19800
L25_V038	222	19950
L25_V038	223	20100
L25_V038	224	20250
L25_V038	225	20400
L25_V038	226	20550
L25_V038	227	20700
L25_V038	228	20850
L25_V038	229	21000
L25_V038	230	21150
L25_V038	231	21300
L25_V038	232	21450
L25_V038	233	21600
L25_V038	234	21750
L25_V038	235	21900
L25_V038	236	22050
L25_V038	237	22200
L25_V038	238	22350
L25_V038	239	22500
L25_V038	240	22650
L25_V038	241	22800
L25_V038	242	22950
L25_V038	243	23100
L25_V038	244	23250
L25_V038	245	23400
L25_V038	246	23550
L25_V038	247	23700
L25_V038	248	23850
L25_V038	249	24000
L25_V038	250	24150
L25_V038	251	24300
L25_V038	252	24450
L25_V038	253	24600
L25_V038	254	24750
L25_V038	255	24900
L25_V038	256	25050
L25_V038	257	25200
L25_V038	258	25350
L25_V038	259	25500
L25_V038	260	25650
L25_V038	261	25800
L25_V038	262	25950
L25_V038	263	26100
L25_V038	264	26250
L25_V038	265	26400
L25_V038	266	26550
L25_V038	267	26700
L25_V038	268	26850
L25_V038	269	27000
L25_V038	270	27150
L25_V038	271	27300
L25_V038	272	27450
L25_V038	273	27600
L25_V038	274	27750
L25_V038	275	27900
L25_V038	276	28050
L25_V038	277	28200
L25_V038	278	28350
L25_V038	279	28500
L25_V038	280	28650
L25_V038	281	28800
L25_V038	282	28950
L25_V038	283	29100
L25_V038	284	29250
L25_V038	285	29400
L25_V038	286	29550
L25_V038	287	29700
L25_V038	288	29850
L25_V038	289	30000
L25_V038	290	30150
L25_V038	291	30300
L25_V038	292	30450
L25_V038	293	30600
L25_V038	294	30750
L25_V038	295	30900
L25_V038	296	31050
L25_V038	297	31200
L25_V038	298	31350
L25_V038	299	31500
L25_V038	300	31650
L25_V038	301	31800
L25_V038	302	31950
L25_V038	303	32100
L25_V038	304	32250
L25_V038	305	32400
L25_V038	306	32533
L25_V038	307	32535
L25_V038	308	32550
L25_V038	309	32561
L25_V038	310	32562
L25_V038	311	32593
L25_V038	312	32638
L25_V038	313	32656
L25_V038	314	32673
L25_V038	315	32691
L25_V038	316	32700
L25_V038	317	32714
L25_V038	318	32733
L25_V038	319	32733
L25_V038	320	32735
L25_V038	321	32736
L25_V038	322	32737
L25_V038	323	32761
L25_V038	324	32762
L25_V038	325	32796
L25_V038	326	32825
L25_V038	327	32850
L25_V038	328	32853
L25_V038	329	32890
L25_V038	330	32923
L25_V038	331	32954
L25_V038	332	32988
L25_V038	333	32989
L25_V038	334	33000
L25_V038	335	33029
L25_V038	336	33047
L25_V038	337	33064
L25_V038	338	33068
L25_V038	339	33098
L25_V038	340	33129
L25_V038	341	33130
L25_V038	342	33150
L25_V038	343	33161
L25_V038	344	33198
L25_V038	345	33236
L25_V038	346	33240
L25_V038	347	33241
L25_V038	348	33242
L25_V038	349	33286
L25_V038	350	33300
L25_V038	351	33374
L25_V038	352	33429
L25_V038	353	33450
L25_V038	354	33488
L25_V038	355	33515
L25_V038	356	33540
L25_V038	357	33583
L25_V038	358	33600
L25_V038	359	33612
L25_V038	360	33613
L25_V038	361	33619
L25_V038	362	33622
L25_V038	363	33623
L25_V038	364	33624
L25_V038	365	33627
L25_V038	366	33628
L25_V038	367	33629
L25_V038	368	33631
L25_V038	369	33642
L25_V038	370	33643
L25_V038	371	33674
L25_V038	372	33705
L25_V038	373	33743
L25_V038	374	33750
L25_V038	375	33777
L25_V038	376	33816
L25_V038	377	33847
L25_V038	378	33874
L25_V038	379	33900
L25_V038	380	33911
L25_V038	381	33942
L25_V038	382	34032
L25_V038	383	34050
L25_V038	384	34132
L25_V038	385	34133
L25_V038	386	34134
L25_V038	387	34135
L25_V038	388	34136
L25_V038	389	34137
L25_V038	390	34138
L25_V038	391	34139
L25_V038	392	34140
L25_V038	393	34141
L25_V038	394	34142
L25_V040	1	0
L25_V040	2	80
L25_V040	3	82
L25_V040	4	149
L25_V040	5	231
L25_V040	6	299
L25_V040	7	449
L25_V040	8	599
L25_V040	9	749
L25_V040	10	874
L25_V040	11	874
L25_V040	12	899
L25_V040	13	977
L25_V040	14	979
L25_V040	15	1049
L25_V040	16	1064
L25_V040	17	1065
L25_V040	18	1067
L25_V040	19	1068
L25_V040	20	1199
L25_V040	21	1205
L25_V040	22	1206
L25_V040	23	1208
L25_V040	24	1211
L25_V040	25	1257
L25_V040	26	1258
L25_V040	27	1259
L25_V040	28	1312
L25_V040	29	1349
L25_V040	30	1359
L25_V040	31	1404
L25_V040	32	1447
L25_V040	33	1448
L25_V040	34	1489
L25_V040	35	1499
L25_V040	36	1531
L25_V040	37	1613
L25_V040	38	1649
L25_V040	39	1654
L25_V040	40	1783
L25_V040	41	1799
L25_V040	42	1826
L25_V040	43	1887
L25_V040	44	1888
L25_V040	45	1919
L25_V040	46	1935
L25_V040	47	1949
L25_V040	48	1987
L25_V040	49	2048
L25_V040	50	2087
L25_V040	51	2096
L25_V040	52	2099
L25_V040	53	2132
L25_V040	54	2172
L25_V040	55	2249
L25_V040	56	2267
L25_V040	57	2399
L25_V040	58	2549
L25_V040	59	2671
L25_V040	60	2699
L25_V040	61	2849
L25_V040	62	2965
L25_V040	63	2999
L25_V040	64	3149
L25_V040	65	3299
L25_V040	66	3449
L25_V040	67	3599
L25_V040	68	3749
L25_V040	69	3899
L25_V040	70	4049
L25_V040	71	4199
L25_V040	72	4349
L25_V040	73	4499
L25_V040	74	4649
L25_V040	75	4799
L25_V040	76	4949
L25_V040	77	5099
L25_V040	78	5249
L25_V040	79	5399
L25_V040	80	5549
L25_V040	81	5699
L25_V040	82	5849
L25_V040	83	5999
L25_V040	84	6149
L25_V040	85	6299
L25_V040	86	6449
L25_V040	87	6599
L25_V040	88	6749
L25_V040	89	6899
L25_V040	90	7049
L25_V040	91	7199
L25_V040	92	7349
L25_V040	93	7499
L25_V040	94	7649
L25_V040	95	7799
L25_V040	96	7949
L25_V040	97	8099
L25_V040	98	8249
L25_V040	99	8399
L25_V040	100	8549
L25_V040	101	8699
L25_V040	102	8849
L25_V040	103	8999
L25_V040	104	9030
L25_V040	105	9149
L25_V040	106	9299
L25_V040	107	9449
L25_V040	108	9599
L25_V040	109	9749
L25_V040	110	9899
L25_V040	111	10049
L25_V040	112	10158
L25_V040	113	10199
L25_V040	114	10349
L25_V040	115	10499
L25_V040	116	10649
L25_V040	117	10799
L25_V040	118	10949
L25_V040	119	11099
L25_V040	120	11249
L25_V040	121	11399
L25_V040	122	11445
L25_V040	123	11445
L25_V040	124	11451
L25_V040	125	11549
L25_V040	126	11655
L25_V040	127	11699
L25_V040	128	11704
L25_V040	129	11756
L25_V040	130	11849
L25_V040	131	11921
L25_V040	132	11971
L25_V040	133	11999
L25_V040	134	12008
L25_V040	135	12034
L25_V040	136	12067
L25_V040	137	12089
L25_V040	138	12149
L25_V040	139	12179
L25_V040	140	12209
L25_V040	141	12239
L25_V040	142	12299
L25_V040	143	12302
L25_V040	144	12359
L25_V040	145	12382
L25_V040	146	12423
L25_V040	147	12449
L25_V040	148	12489
L25_V040	149	12599
L25_V040	150	12602
L25_V040	151	12603
L25_V040	152	12665
L25_V040	153	12749
L25_V040	154	12840
L25_V040	155	12877
L25_V040	156	12899
L25_V040	157	12907
L25_V040	158	12959
L25_V040	159	13049
L25_V040	160	13199
L25_V040	161	13238
L25_V040	162	13287
L25_V040	163	13349
L25_V040	164	13420
L25_V040	165	13499
L25_V040	166	13500
L25_V040	167	13501
L25_V040	168	13521
L25_V040	169	13553
L25_V040	170	13649
L25_V040	171	13799
L25_V040	172	13842
L25_V040	173	13949
L25_V040	174	13979
L25_V040	175	14099
L25_V040	176	14249
L25_V040	177	14399
L25_V040	178	14549
L25_V040	179	14699
L25_V040	180	14830
L25_V040	181	14849
L25_V040	182	14999
L25_V040	183	15149
L25_V040	184	15299
L25_V040	185	15449
L25_V040	186	15599
L25_V040	187	15749
L25_V040	188	15899
L25_V040	189	16049
L25_V040	190	16199
L25_V040	191	16202
L25_V040	192	16349
L25_V040	193	16499
L25_V040	194	16649
L25_V040	195	16799
L25_V040	196	16949
L25_V040	197	17099
L25_V040	198	17249
L25_V040	199	17333
L25_V040	200	17399
L25_V040	201	17549
L25_V040	202	17699
L25_V040	203	17849
L25_V040	204	17999
L25_V040	205	18149
L25_V040	206	18299
L25_V040	207	18449
L25_V040	208	18599
L25_V040	209	18749
L25_V040	210	18899
L25_V040	211	19049
L25_V040	212	19199
L25_V040	213	19349
L25_V040	214	19499
L25_V040	215	19649
L25_V040	216	19799
L25_V040	217	19949
L25_V040	218	20099
L25_V040	219	20249
L25_V040	220	20399
L25_V040	221	20549
L25_V040	222	20699
L25_V040	223	20849
L25_V040	224	20999
L25_V040	225	21149
L25_V040	226	21299
L25_V040	227	21325
L25_V040	228	21449
L25_V040	229	21599
L25_V040	230	21749
L25_V040	231	21899
L25_V040	232	22049
L25_V040	233	22199
L25_V040	234	22349
L25_V040	235	22420
L25_V040	236	22499
L25_V040	237	22649
L25_V040	238	22799
L25_V040	239	22949
L25_V040	240	23099
L25_V040	241	23249
L25_V040	242	23399
L25_V040	243	23549
L25_V040	244	23699
L25_V040	245	23849
L25_V040	246	23999
L25_V040	247	24149
L25_V040	248	24299
L25_V040	249	24449
L25_V040	250	24599
L25_V040	251	24749
L25_V040	252	24899
L25_V040	253	25049
L25_V040	254	25079
L25_V040	255	25081
L25_V040	256	25113
L25_V040	257	25151
L25_V040	258	25199
L25_V040	259	25205
L25_V040	260	25226
L25_V040	261	25247
L25_V040	262	25268
L25_V040	263	25297
L25_V040	264	25319
L25_V040	265	25321
L25_V040	266	25323
L25_V040	267	25349
L25_V040	268	25353
L25_V040	269	25394
L25_V040	270	25429
L25_V040	271	25463
L25_V040	272	25499
L25_V040	273	25507
L25_V040	274	25547
L25_V040	275	25584
L25_V040	276	25625
L25_V040	277	25649
L25_V040	278	25674
L25_V040	279	25695
L25_V040	280	25721
L25_V040	281	25756
L25_V040	282	25794
L25_V040	283	25799
L25_V040	284	25832
L25_V040	285	25876
L25_V040	286	25922
L25_V040	287	25928
L25_V040	288	25949
L25_V040	289	25982
L25_V040	290	26087
L25_V040	291	26099
L25_V040	292	26153
L25_V040	293	26224
L25_V040	294	26249
L25_V040	295	26256
L25_V040	296	26286
L25_V040	297	26338
L25_V040	298	26373
L25_V040	299	26381
L25_V040	300	26386
L25_V040	301	26392
L25_V040	302	26395
L25_V040	303	26399
L25_V040	304	26409
L25_V040	305	26447
L25_V040	306	26484
L25_V040	307	26529
L25_V040	308	26549
L25_V040	309	26570
L25_V040	310	26617
L25_V040	311	26654
L25_V040	312	26687
L25_V040	313	26699
L25_V040	314	26731
L25_V040	315	26768
L25_V040	316	26849
L25_V040	317	26877
L25_V040	318	26999
L25_V040	319	27149
L25_V040	320	27299
L25_V040	321	27449
L25_V040	322	27599
L25_V040	323	27749
L25_V040	324	27899
L25_V040	325	28049
L25_V040	326	28199
L25_V040	327	28345
L25_V040	328	28349
L25_V040	329	28499
L25_V040	330	28649
L25_V040	331	28799
L25_V040	332	28949
L25_V040	333	29099
L25_V040	334	29249
L25_V040	335	29399
L25_V040	336	29549
L25_V040	337	29699
L25_V040	338	29849
L25_V040	339	29999
L25_V040	340	30149
L25_V040	341	30299
L25_V040	342	30450
L25_V040	343	30599
L25_V040	344	30750
L25_V040	345	30899
L25_V040	346	31050
L25_V040	347	31199
L25_V040	348	31350
L25_V040	349	31499
L25_V040	350	31650
L25_V040	351	31799
L25_V040	352	31950
L25_V040	353	32099
L25_V040	354	32250
L25_V040	355	32399
L25_V040	356	32550
L25_V040	357	32699
L25_V040	358	32850
L25_V040	359	32999
L25_V040	360	33150
L25_V040	361	33299
L25_V040	362	33450
L25_V040	363	33483
L25_V040	364	33599
L25_V040	365	33749
L25_V040	366	33899
L25_V040	367	34049
L25_V040	368	34199
L25_V040	369	34349
L25_V040	370	34499
L25_V040	371	34649
L25_V040	372	34734
L25_V040	373	34735
L25_V040	374	34737
L25_V040	375	34856
L25_V040	376	34856
L25_V040	377	34858
L25_V040	378	34859
L25_V040	379	34859
L25_V040	380	34861
L25_V040	381	34862
L25_V040	382	34862
L25_V040	383	34864
L25_V040	384	34865
L25_V040	385	34865
L25_V040	386	34867
L25_V040	387	34867
L25_V044	1	0
L25_V044	2	67
L25_V044	3	150
L25_V044	4	300
L25_V044	5	450
L25_V044	6	600
L25_V044	7	750
L25_V044	8	900
L25_V044	9	1050
L25_V044	10	1200
L25_V044	11	1350
L25_V044	12	1500
L25_V044	13	1650
L25_V044	14	1800
L25_V044	15	1950
L25_V044	16	2100
L25_V044	17	2250
L25_V044	18	2400
L25_V044	19	2550
L25_V044	20	2576
L25_V044	21	2577
L25_V044	22	2608
L25_V044	23	2653
L25_V044	24	2671
L25_V044	25	2688
L25_V044	26	2700
L25_V044	27	2706
L25_V044	28	2730
L25_V044	29	2748
L25_V044	30	2749
L25_V044	31	2750
L25_V044	32	2751
L25_V044	33	2776
L25_V044	34	2777
L25_V044	35	2811
L25_V044	36	2840
L25_V044	37	2850
L25_V044	38	2868
L25_V044	39	2869
L25_V044	40	2905
L25_V044	41	2938
L25_V044	42	2939
L25_V044	43	2969
L25_V044	44	3000
L25_V044	45	3003
L25_V044	46	3004
L25_V044	47	3044
L25_V044	48	3045
L25_V044	49	3062
L25_V044	50	3079
L25_V044	51	3083
L25_V044	52	3084
L25_V044	53	3085
L25_V044	54	3113
L25_V044	55	3144
L25_V044	56	3145
L25_V044	57	3150
L25_V044	58	3176
L25_V044	59	3213
L25_V044	60	3251
L25_V044	61	3300
L25_V044	62	3301
L25_V044	63	3302
L25_V044	64	3389
L25_V044	65	3444
L25_V044	66	3450
L25_V044	67	3503
L25_V044	68	3529
L25_V044	69	3554
L25_V044	70	3600
L25_V044	71	3627
L25_V044	72	3628
L25_V044	73	3634
L25_V044	74	3636
L25_V044	75	3638
L25_V044	76	3639
L25_V044	77	3642
L25_V044	78	3643
L25_V044	79	3644
L25_V044	80	3646
L25_V044	81	3657
L25_V044	82	3658
L25_V044	83	3689
L25_V044	84	3720
L25_V044	85	3750
L25_V044	86	3758
L25_V044	87	3792
L25_V044	88	3831
L25_V044	89	3861
L25_V044	90	3889
L25_V044	91	3890
L25_V044	92	3900
L25_V044	93	3926
L25_V044	94	3957
L25_V044	95	4047
L25_V044	96	4050
L25_V044	97	4200
L25_V044	98	4350
L25_V044	99	4500
L25_V044	100	4650
L25_V044	101	4800
L25_V044	102	4950
L25_V044	103	5100
L25_V044	104	5250
L25_V044	105	5400
L25_V044	106	5550
L25_V044	107	5700
L25_V044	108	5850
L25_V044	109	6000
L25_V044	110	6150
L25_V044	111	6300
L25_V044	112	6450
L25_V044	113	6600
L25_V044	114	6750
L25_V044	115	6900
L25_V044	116	7050
L25_V044	117	7200
L25_V044	118	7350
L25_V044	119	7500
L25_V044	120	7650
L25_V044	121	7800
L25_V044	122	7950
L25_V044	123	8100
L25_V044	124	8250
L25_V044	125	8400
L25_V044	126	8550
L25_V044	127	8700
L25_V044	128	8850
L25_V044	129	9000
L25_V044	130	9150
L25_V044	131	9300
L25_V044	132	9450
L25_V044	133	9600
L25_V044	134	9750
L25_V044	135	9900
L25_V044	136	10050
L25_V044	137	10200
L25_V044	138	10350
L25_V044	139	10500
L25_V044	140	10650
L25_V044	141	10800
L25_V044	142	10950
L25_V044	143	11100
L25_V044	144	11250
L25_V044	145	11400
L25_V044	146	11550
L25_V044	147	11700
L25_V044	148	11850
L25_V044	149	12000
L25_V044	150	12150
L25_V044	151	12300
L25_V044	152	12450
L25_V044	153	12600
L25_V044	154	12750
L25_V044	155	12900
L25_V044	156	13050
L25_V044	157	13200
L25_V044	158	13350
L25_V044	159	13500
L25_V044	160	13650
L25_V044	161	13800
L25_V044	162	13950
L25_V044	163	14100
L25_V044	164	14250
L25_V044	165	14400
L25_V044	166	14550
L25_V044	167	14700
L25_V044	168	14850
L25_V044	169	15000
L25_V044	170	15150
L25_V044	171	15300
L25_V044	172	15312
L25_V044	173	15450
L25_V044	174	15481
L25_V044	175	15522
L25_V044	176	15566
L25_V044	177	15600
L25_V044	178	15704
L25_V044	179	15746
L25_V044	180	15750
L25_V044	181	15777
L25_V044	182	15799
L25_V044	183	15825
L25_V044	184	15900
L25_V044	185	15969
L25_V044	186	16022
L25_V044	187	16050
L25_V044	188	16069
L25_V044	189	16088
L25_V044	190	16119
L25_V044	191	16122
L25_V044	192	16178
L25_V044	193	16200
L25_V044	194	16263
L25_V044	195	16272
L25_V044	196	16272
L25_V044	197	16274
L25_V044	198	16325
L25_V044	199	16350
L25_V044	200	16471
L25_V044	201	16500
L25_V044	202	16501
L25_V044	203	16526
L25_V044	204	16567
L25_V044	205	16650
L25_V044	206	16761
L25_V044	207	16800
L25_V044	208	16803
L25_V044	209	16844
L25_V044	210	16950
L25_V044	211	16955
L25_V044	212	17022
L25_V044	213	17039
L25_V044	214	17066
L25_V044	215	17100
L25_V044	216	17250
L25_V044	217	17307
L25_V044	218	17400
L25_V044	219	17421
L25_V044	220	17550
L25_V044	221	17700
L25_V044	222	17850
L25_V044	223	18000
L25_V044	224	18150
L25_V044	225	18300
L25_V044	226	18450
L25_V044	227	18600
L25_V044	228	18750
L25_V044	229	18900
L25_V044	230	19050
L25_V044	231	19200
L25_V044	232	19350
L25_V044	233	19500
L25_V044	234	19650
L25_V044	235	19800
L25_V044	236	19950
L25_V044	237	20100
L25_V044	238	20250
L25_V044	239	20400
L25_V044	240	20550
L25_V044	241	20700
L25_V044	242	20850
L25_V044	243	21000
L25_V044	244	21150
L25_V044	245	21300
L25_V044	246	21450
L25_V044	247	21600
L25_V044	248	21750
L25_V044	249	21900
L25_V044	250	22050
L25_V044	251	22200
L25_V044	252	22350
L25_V044	253	22500
L25_V044	254	22650
L25_V044	255	22800
L25_V044	256	22950
L25_V044	257	23100
L25_V044	258	23250
L25_V044	259	23400
L25_V044	260	23550
L25_V044	261	23700
L25_V044	262	23850
L25_V044	263	24000
L25_V044	264	24150
L25_V044	265	24300
L25_V044	266	24450
L25_V044	267	24600
L25_V044	268	24750
L25_V044	269	24900
L25_V044	270	25050
L25_V044	271	25200
L25_V044	272	25350
L25_V044	273	25500
L25_V044	274	25650
L25_V044	275	25800
L25_V044	276	25950
L25_V044	277	26100
L25_V044	278	26250
L25_V044	279	26400
L25_V044	280	26550
L25_V044	281	26700
L25_V044	282	26850
L25_V044	283	27000
L25_V044	284	27150
L25_V044	285	27300
L25_V044	286	27450
L25_V044	287	27600
L25_V044	288	27750
L25_V044	289	27900
L25_V044	290	28050
L25_V044	291	28200
L25_V044	292	28350
L25_V044	293	28500
L25_V044	294	28650
L25_V044	295	28707
L25_V044	296	28708
L25_V044	297	28708
L25_V044	298	28710
L25_V044	299	28711
L25_V044	300	28794
L25_V044	301	28800
L25_V044	302	28867
L25_V044	303	28869
L25_V044	304	28950
L25_V044	305	28983
L25_V044	306	28983
L25_V044	307	28985
L25_V044	308	28986
L25_V044	309	28989
L25_V044	310	28992
L25_V044	311	29073
L25_V044	312	29100
L25_V044	313	29112
L25_V044	314	29150
L25_V044	315	29186
L25_V044	316	29220
L25_V044	317	29250
L25_V044	318	29256
L25_V044	319	29324
L25_V044	320	29358
L25_V044	321	29400
L25_V044	322	29466
L25_V044	323	29502
L25_V044	324	29550
L25_V044	325	29552
L25_V044	326	29593
L25_V044	327	29635
L25_V044	328	29636
L25_V044	329	29689
L25_V044	330	29700
L25_V044	331	29719
L25_V044	332	29720
L25_V044	333	29726
L25_V044	334	29727
L25_V044	335	29727
L25_V044	336	29757
L25_V044	337	29789
L25_V044	338	29791
L25_V044	339	29799
L25_V044	340	29800
L25_V044	341	29801
L25_V044	342	29829
L25_V044	343	29830
L25_V044	344	29831
L25_V044	345	29843
L25_V044	346	29844
L25_V044	347	29845
L25_V044	348	29845
L25_V044	349	29850
L25_V044	350	29870
L25_V044	351	30000
L25_V044	352	30150
L25_V044	353	30207
L25_V044	354	30307
L25_V044	355	30308
L25_V044	356	30308
L25_V044	357	30310
L25_V044	358	30311
L25_V044	359	30312
L25_V044	360	30313
L25_V044	361	30314
L25_V044	362	30314
L25_V044	363	30316
L25_V044	364	30317
L25_V048	1	0
L25_V048	2	80
L25_V048	3	82
L25_V048	4	149
L25_V048	5	231
L25_V048	6	299
L25_V048	7	449
L25_V048	8	599
L25_V048	9	721
L25_V048	10	722
L25_V048	11	749
L25_V048	12	754
L25_V048	13	793
L25_V048	14	847
L25_V048	15	868
L25_V048	16	889
L25_V048	17	899
L25_V048	18	910
L25_V048	19	938
L25_V048	20	961
L25_V048	21	964
L25_V048	22	965
L25_V048	23	994
L25_V048	24	1035
L25_V048	25	1049
L25_V048	26	1070
L25_V048	27	1104
L25_V048	28	1148
L25_V048	29	1188
L25_V048	30	1199
L25_V048	31	1225
L25_V048	32	1266
L25_V048	33	1315
L25_V048	34	1336
L25_V048	35	1349
L25_V048	36	1356
L25_V048	37	1361
L25_V048	38	1362
L25_V048	39	1363
L25_V048	40	1397
L25_V048	41	1435
L25_V048	42	1473
L25_V048	43	1499
L25_V048	44	1517
L25_V048	45	1563
L25_V048	46	1621
L25_V048	47	1623
L25_V048	48	1649
L25_V048	49	1728
L25_V048	50	1794
L25_V048	51	1799
L25_V048	52	1865
L25_V048	53	1897
L25_V048	54	1927
L25_V048	55	1949
L25_V048	56	1979
L25_V048	57	2014
L25_V048	58	2022
L25_V048	59	2027
L25_V048	60	2033
L25_V048	61	2036
L25_V048	62	2050
L25_V048	63	2088
L25_V048	64	2099
L25_V048	65	2125
L25_V048	66	2170
L25_V048	67	2211
L25_V048	68	2249
L25_V048	69	2258
L25_V048	70	2295
L25_V048	71	2328
L25_V048	72	2372
L25_V048	73	2399
L25_V048	74	2409
L25_V048	75	2518
L25_V048	76	2549
L25_V048	77	2699
L25_V048	78	2828
L25_V048	79	2849
L25_V048	80	2999
L25_V048	81	3149
L25_V048	82	3299
L25_V048	83	3449
L25_V048	84	3599
L25_V048	85	3749
L25_V048	86	3899
L25_V048	87	4049
L25_V048	88	4199
L25_V048	89	4349
L25_V048	90	4499
L25_V048	91	4649
L25_V048	92	4799
L25_V048	93	4949
L25_V048	94	5099
L25_V048	95	5249
L25_V048	96	5399
L25_V048	97	5549
L25_V048	98	5699
L25_V048	99	5849
L25_V048	100	5999
L25_V048	101	6149
L25_V048	102	6299
L25_V048	103	6449
L25_V048	104	6599
L25_V048	105	6749
L25_V048	106	6899
L25_V048	107	7049
L25_V048	108	7199
L25_V048	109	7349
L25_V048	110	7499
L25_V048	111	7543
L25_V048	112	7545
L25_V048	113	7649
L25_V048	114	7799
L25_V048	115	7827
L25_V048	116	7949
L25_V048	117	8050
L25_V048	118	8099
L25_V048	119	8249
L25_V048	120	8326
L25_V048	121	8399
L25_V048	122	8549
L25_V048	123	8699
L25_V048	124	8849
L25_V048	125	8999
L25_V048	126	9149
L25_V048	127	9299
L25_V048	128	9449
L25_V048	129	9539
L25_V048	130	9599
L25_V048	131	9749
L25_V048	132	9899
L25_V048	133	10038
L25_V048	134	10049
L25_V048	135	10199
L25_V048	136	10349
L25_V048	137	10499
L25_V048	138	10649
L25_V048	139	10799
L25_V048	140	10894
L25_V048	141	10949
L25_V048	142	11099
L25_V048	143	11249
L25_V048	144	11399
L25_V048	145	11438
L25_V048	146	11549
L25_V048	147	11699
L25_V048	148	11849
L25_V048	149	11999
L25_V048	150	12149
L25_V048	151	12299
L25_V048	152	12449
L25_V048	153	12599
L25_V048	154	12749
L25_V048	155	12899
L25_V048	156	13049
L25_V048	157	13199
L25_V048	158	13349
L25_V048	159	13499
L25_V048	160	13649
L25_V048	161	13799
L25_V048	162	13949
L25_V048	163	14099
L25_V048	164	14249
L25_V048	165	14399
L25_V048	166	14549
L25_V048	167	14699
L25_V048	168	14849
L25_V048	169	14999
L25_V048	170	15149
L25_V048	171	15299
L25_V048	172	15449
L25_V048	173	15599
L25_V048	174	15749
L25_V048	175	15899
L25_V048	176	15968
L25_V048	177	16049
L25_V048	178	16199
L25_V048	179	16349
L25_V048	180	16353
L25_V048	181	16499
L25_V048	182	16649
L25_V048	183	16799
L25_V048	184	16949
L25_V048	185	17099
L25_V048	186	17249
L25_V048	187	17399
L25_V048	188	17549
L25_V048	189	17699
L25_V048	190	17844
L25_V048	191	17849
L25_V048	192	17999
L25_V048	193	18149
L25_V048	194	18219
L25_V048	195	18299
L25_V048	196	18449
L25_V048	197	18599
L25_V048	198	18749
L25_V048	199	18899
L25_V048	200	19049
L25_V048	201	19199
L25_V048	202	19349
L25_V048	203	19499
L25_V048	204	19649
L25_V048	205	19799
L25_V048	206	19949
L25_V048	207	20099
L25_V048	208	20249
L25_V048	209	20399
L25_V048	210	20464
L25_V048	211	20549
L25_V048	212	20699
L25_V048	213	20849
L25_V048	214	20999
L25_V048	215	21149
L25_V048	216	21299
L25_V048	217	21449
L25_V048	218	21599
L25_V048	219	21749
L25_V048	220	21899
L25_V048	221	22049
L25_V048	222	22199
L25_V048	223	22214
L25_V048	224	22349
L25_V048	225	22499
L25_V048	226	22649
L25_V048	227	22791
L25_V048	228	22799
L25_V048	229	22949
L25_V048	230	23099
L25_V048	231	23249
L25_V048	232	23399
L25_V048	233	23549
L25_V048	234	23699
L25_V048	235	23849
L25_V048	236	23999
L25_V048	237	24149
L25_V048	238	24299
L25_V048	239	24449
L25_V048	240	24599
L25_V048	241	24749
L25_V048	242	24899
L25_V048	243	25049
L25_V048	244	25199
L25_V048	245	25349
L25_V048	246	25499
L25_V048	247	25615
L25_V048	248	25649
L25_V048	249	25799
L25_V048	250	25818
L25_V048	251	25868
L25_V048	252	25919
L25_V048	253	25920
L25_V048	254	25949
L25_V048	255	26085
L25_V048	256	26099
L25_V048	257	26135
L25_V048	258	26172
L25_V048	259	26198
L25_V048	260	26230
L25_V048	261	26249
L25_V048	262	26399
L25_V048	263	26403
L25_V048	264	26404
L25_V048	265	26466
L25_V048	266	26523
L25_V048	267	26546
L25_V048	268	26549
L25_V048	269	26587
L25_V048	270	26653
L25_V048	271	26699
L25_V048	272	26756
L25_V048	273	26766
L25_V048	274	26767
L25_V048	275	26829
L25_V048	276	26849
L25_V048	277	26999
L25_V048	278	27004
L25_V048	279	27040
L25_V048	280	27070
L25_V048	281	27119
L25_V048	282	27149
L25_V048	283	27299
L25_V048	284	27402
L25_V048	285	27449
L25_V048	286	27451
L25_V048	287	27584
L25_V048	288	27599
L25_V048	289	27664
L25_V048	290	27665
L25_V048	291	27685
L25_V048	292	27717
L25_V048	293	27749
L25_V048	294	27899
L25_V048	295	28006
L25_V048	296	28049
L25_V048	297	28143
L25_V048	298	28199
L25_V048	299	28349
L25_V048	300	28499
L25_V048	301	28649
L25_V048	302	28687
L25_V048	303	28799
L25_V048	304	28949
L25_V048	305	29099
L25_V048	306	29249
L25_V048	307	29399
L25_V048	308	29549
L25_V048	309	29699
L25_V048	310	29849
L25_V048	311	29999
L25_V048	312	30100
L25_V048	313	30149
L25_V048	314	30299
L25_V048	315	30450
L25_V048	316	30599
L25_V048	317	30750
L25_V048	318	30899
L25_V048	319	31050
L25_V048	320	31199
L25_V048	321	31350
L25_V048	322	31499
L25_V048	323	31650
L25_V048	324	31799
L25_V048	325	31950
L25_V048	326	32099
L25_V048	327	32250
L25_V048	328	32399
L25_V048	329	32550
L25_V048	330	32660
L25_V048	331	32699
L25_V048	332	32850
L25_V048	333	32999
L25_V048	334	33150
L25_V048	335	33299
L25_V048	336	33450
L25_V048	337	33599
L25_V048	338	33749
L25_V048	339	33899
L25_V048	340	34049
L25_V048	341	34199
L25_V048	342	34349
L25_V048	343	34499
L25_V048	344	34649
L25_V048	345	34799
L25_V048	346	34949
L25_V048	347	35099
L25_V048	348	35249
L25_V048	349	35399
L25_V048	350	35549
L25_V048	351	35699
L25_V048	352	35850
L25_V048	353	35999
L25_V048	354	36150
L25_V048	355	36299
L25_V048	356	36450
L25_V048	357	36599
L25_V048	358	36750
L25_V048	359	36899
L25_V048	360	37050
L25_V048	361	37199
L25_V048	362	37350
L25_V048	363	37499
L25_V048	364	37650
L25_V048	365	37799
L25_V048	366	37950
L25_V048	367	38099
L25_V048	368	38250
L25_V048	369	38399
L25_V048	370	38550
L25_V048	371	38699
L25_V048	372	38850
L25_V048	373	38999
L25_V048	374	39150
L25_V048	375	39299
L25_V048	376	39450
L25_V048	377	39599
L25_V048	378	39750
L25_V048	379	39899
L25_V048	380	40050
L25_V048	381	40199
L25_V048	382	40350
L25_V048	383	40499
L25_V048	384	40650
L25_V048	385	40799
L25_V048	386	40950
L25_V048	387	41099
L25_V048	388	41250
L25_V048	389	41399
L25_V048	390	41549
L25_V048	391	41699
L25_V048	392	41849
L25_V048	393	41999
L25_V048	394	42149
L25_V048	395	42299
L25_V048	396	42449
L25_V048	397	42599
L25_V048	398	42750
L25_V048	399	42899
L25_V048	400	43050
L25_V048	401	43199
L25_V048	402	43350
L25_V048	403	43395
L25_V048	404	43499
L25_V048	405	43650
L25_V048	406	43799
L25_V048	407	43912
L25_V048	408	43950
L25_V048	409	44099
L25_V048	410	44250
L25_V048	411	44399
L25_V048	412	44550
L25_V048	413	44699
L25_V048	414	44850
L25_V048	415	44999
L25_V048	416	45150
L25_V048	417	45202
L25_V048	418	45299
L25_V048	419	45450
L25_V048	420	45599
L25_V048	421	45750
L25_V048	422	45899
L25_V048	423	46050
L25_V048	424	46199
L25_V048	425	46350
L25_V048	426	46499
L25_V048	427	46650
L25_V048	428	46799
L25_V048	429	46950
L25_V048	430	47099
L25_V048	431	47250
L25_V048	432	47399
L25_V048	433	47550
L25_V048	434	47699
L25_V048	435	47850
L25_V048	436	47910
L25_V048	437	47999
L25_V048	438	48150
L25_V048	439	48299
L25_V048	440	48450
L25_V048	441	48599
L25_V048	442	48605
L25_V048	443	48749
L25_V048	444	48899
L25_V048	445	48929
L25_V048	446	49049
L25_V048	447	49199
L25_V048	448	49349
L25_V048	449	49499
L25_V048	450	49649
L25_V048	451	49799
L25_V048	452	49950
L25_V048	453	50099
L25_V048	454	50250
L25_V048	455	50399
L25_V048	456	50550
L25_V048	457	50699
L25_V048	458	50850
L25_V048	459	50859
L25_V048	460	50999
L25_V048	461	51150
L25_V048	462	51202
L25_V048	463	51299
L25_V048	464	51450
L25_V048	465	51599
L25_V048	466	51750
L25_V048	467	51899
L25_V048	468	52050
L25_V048	469	52199
L25_V048	470	52350
L25_V048	471	52499
L25_V048	472	52650
L25_V048	473	52698
L25_V048	474	52698
L25_V048	475	52799
L25_V048	476	52802
L25_V048	477	52802
L25_V048	478	52889
L25_V048	479	52891
L25_V048	480	52894
L25_V048	481	52950
L25_V048	482	53028
L25_V048	483	53031
L25_V048	484	53031
L25_V048	485	53038
L25_V048	486	53040
L25_V048	487	53099
L25_V048	488	53136
L25_V048	489	53183
L25_V048	490	53228
L25_V048	491	53250
L25_V048	492	53271
L25_V048	493	53272
L25_V048	494	53313
L25_V048	495	53314
L25_V048	496	53355
L25_V048	497	53399
L25_V048	498	53438
L25_V048	499	53479
L25_V048	500	53550
L25_V048	501	53607
L25_V048	502	53651
L25_V048	503	53699
L25_V048	504	53711
L25_V048	505	53712
L25_V048	506	53759
L25_V048	507	53812
L25_V048	508	53850
L25_V048	509	53913
L25_V048	510	53919
L25_V048	511	53922
L25_V048	512	53957
L25_V048	513	53996
L25_V048	514	53999
L25_V048	515	54006
L25_V048	516	54008
L25_V048	517	54008
L25_V048	518	54044
L25_V048	519	54059
L25_V048	520	54061
L25_V048	521	54062
L25_V048	522	54091
L25_V048	523	54092
L25_V048	524	54150
L25_V048	525	54299
L25_V048	526	54450
L25_V048	527	54495
L25_V048	528	54599
L25_V048	529	54750
L25_V048	530	54753
L25_V048	531	54899
L25_V048	532	55050
L25_V048	533	55199
L25_V048	534	55350
L25_V048	535	55499
L25_V048	536	55650
L25_V048	537	55799
L25_V048	538	55950
L25_V048	539	56099
L25_V048	540	56250
L25_V048	541	56399
L25_V048	542	56549
L25_V048	543	56699
L25_V048	544	56849
L25_V048	545	56999
L25_V048	546	57150
L25_V048	547	57299
L25_V048	548	57450
L25_V048	549	57599
L25_V048	550	57750
L25_V048	551	57899
L25_V048	552	58050
L25_V048	553	58199
L25_V048	554	58205
L25_V048	555	58350
L25_V048	556	58442
L25_V048	557	58499
L25_V048	558	58650
L25_V048	559	58799
L25_V048	560	58950
L25_V048	561	59099
L25_V048	562	59250
L25_V048	563	59399
L25_V048	564	59550
L25_V048	565	59699
L25_V048	566	59850
L25_V048	567	59999
L25_V048	568	60150
L25_V048	569	60299
L25_V048	570	60450
L25_V048	571	60599
L25_V048	572	60750
L25_V048	573	60899
L25_V048	574	61050
L25_V048	575	61199
L25_V048	576	61350
L25_V048	577	61496
L25_V048	578	61499
L25_V048	579	61650
L25_V048	580	61799
L25_V048	581	61921
L25_V048	582	61921
L25_V048	583	61922
L25_V048	584	61950
L25_V048	585	62041
L25_V048	586	62042
L25_V048	587	62043
L25_V048	588	62044
L25_V048	589	62045
L25_V048	590	62046
L25_V048	591	62047
L25_V048	592	62048
L25_V048	593	62049
L25_V048	594	62051
L25_V048	595	62051
L25_V048	596	62052
L25_V048	597	62054
L25_V054	1	0
L25_V054	2	68
L25_V054	3	150
L25_V054	4	300
L25_V054	5	450
L25_V054	6	600
L25_V054	7	750
L25_V054	8	900
L25_V054	9	1050
L25_V054	10	1200
L25_V054	11	1350
L25_V054	12	1395
L25_V054	13	1396
L25_V054	14	1397
L25_V054	15	1398
L25_V054	16	1399
L25_V054	17	1482
L25_V054	18	1500
L25_V054	19	1551
L25_V054	20	1552
L25_V054	21	1554
L25_V054	22	1555
L25_V054	23	1557
L25_V054	24	1558
L25_V054	25	1560
L25_V054	26	1561
L25_V054	27	1563
L25_V054	28	1650
L25_V054	29	1671
L25_V054	30	1672
L25_V054	31	1673
L25_V054	32	1673
L25_V054	33	1712
L25_V054	34	1713
L25_V054	35	1714
L25_V054	36	1716
L25_V054	37	1717
L25_V054	38	1718
L25_V054	39	1761
L25_V054	40	1800
L25_V054	41	1838
L25_V054	42	1873
L25_V054	43	1909
L25_V054	44	1944
L25_V054	45	1950
L25_V054	46	2012
L25_V054	47	2046
L25_V054	48	2100
L25_V054	49	2107
L25_V054	50	2108
L25_V054	51	2109
L25_V054	52	2110
L25_V054	53	2154
L25_V054	54	2190
L25_V054	55	2241
L25_V054	56	2250
L25_V054	57	2280
L25_V054	58	2281
L25_V054	59	2323
L25_V054	60	2324
L25_V054	61	2375
L25_V054	62	2377
L25_V054	63	2400
L25_V054	64	2408
L25_V054	65	2414
L25_V054	66	2415
L25_V054	67	2416
L25_V054	68	2445
L25_V054	69	2478
L25_V054	70	2479
L25_V054	71	2488
L25_V054	72	2519
L25_V054	73	2520
L25_V054	74	2550
L25_V054	75	2558
L25_V054	76	2700
L25_V054	77	2850
L25_V054	78	2895
L25_V054	79	3000
L25_V054	80	3150
L25_V054	81	3300
L25_V054	82	3450
L25_V054	83	3600
L25_V054	84	3750
L25_V054	85	3900
L25_V054	86	4050
L25_V054	87	4200
L25_V054	88	4350
L25_V054	89	4500
L25_V054	90	4650
L25_V054	91	4800
L25_V054	92	4950
L25_V054	93	5100
L25_V054	94	5250
L25_V054	95	5400
L25_V054	96	5550
L25_V054	97	5700
L25_V054	98	5850
L25_V054	99	6000
L25_V054	100	6150
L25_V054	101	6300
L25_V054	102	6450
L25_V054	103	6600
L25_V054	104	6750
L25_V054	105	6900
L25_V054	106	7050
L25_V054	107	7200
L25_V054	108	7350
L25_V054	109	7500
L25_V054	110	7650
L25_V054	111	7800
L25_V054	112	7950
L25_V054	113	8100
L25_V054	114	8250
L25_V054	115	8400
L25_V054	116	8550
L25_V054	117	8700
L25_V054	118	8850
L25_V054	119	9000
L25_V054	120	9150
L25_V054	121	9300
L25_V054	122	9450
L25_V054	123	9600
L25_V054	124	9750
L25_V054	125	9900
L25_V054	126	10050
L25_V054	127	10200
L25_V054	128	10350
L25_V054	129	10500
L25_V054	130	10650
L25_V054	131	10800
L25_V054	132	10950
L25_V054	133	11100
L25_V054	134	11250
L25_V054	135	11400
L25_V054	136	11550
L25_V054	137	11700
L25_V054	138	11850
L25_V054	139	12000
L25_V054	140	12150
L25_V054	141	12300
L25_V054	142	12450
L25_V054	143	12600
L25_V054	144	12750
L25_V054	145	12900
L25_V054	146	13050
L25_V054	147	13200
L25_V054	148	13350
L25_V054	149	13500
L25_V054	150	13650
L25_V054	151	13800
L25_V054	152	13950
L25_V054	153	14100
L25_V054	154	14250
L25_V054	155	14400
L25_V054	156	14550
L25_V054	157	14700
L25_V054	158	14850
L25_V054	159	15000
L25_V054	160	15150
L25_V054	161	15300
L25_V054	162	15450
L25_V054	163	15600
L25_V054	164	15750
L25_V054	165	15900
L25_V054	166	16050
L25_V054	167	16200
L25_V054	168	16350
L25_V054	169	16500
L25_V054	170	16650
L25_V054	171	16800
L25_V054	172	16950
L25_V054	173	17100
L25_V054	174	17250
L25_V054	175	17400
L25_V054	176	17550
L25_V054	177	17700
L25_V054	178	17850
L25_V054	179	18000
L25_V054	180	18150
L25_V054	181	18300
L25_V054	182	18450
L25_V054	183	18600
L25_V054	184	18750
L25_V054	185	18900
L25_V054	186	19050
L25_V054	187	19200
L25_V054	188	19350
L25_V054	189	19500
L25_V054	190	19650
L25_V054	191	19800
L25_V054	192	19950
L25_V054	193	20100
L25_V054	194	20250
L25_V054	195	20400
L25_V054	196	20550
L25_V054	197	20700
L25_V054	198	20850
L25_V054	199	21000
L25_V054	200	21150
L25_V054	201	21300
L25_V054	202	21450
L25_V054	203	21600
L25_V054	204	21750
L25_V054	205	21900
L25_V054	206	22050
L25_V054	207	22200
L25_V054	208	22350
L25_V054	209	22500
L25_V054	210	22650
L25_V054	211	22800
L25_V054	212	22950
L25_V054	213	23100
L25_V054	214	23250
L25_V054	215	23400
L25_V054	216	23550
L25_V054	217	23700
L25_V054	218	23850
L25_V054	219	24000
L25_V054	220	24150
L25_V054	221	24300
L25_V054	222	24450
L25_V054	223	24600
L25_V054	224	24750
L25_V054	225	24900
L25_V054	226	25050
L25_V054	227	25200
L25_V054	228	25350
L25_V054	229	25500
L25_V054	230	25650
L25_V054	231	25800
L25_V054	232	25950
L25_V054	233	26100
L25_V054	234	26250
L25_V054	235	26400
L25_V054	236	26550
L25_V054	237	26700
L25_V054	238	26850
L25_V054	239	27000
L25_V054	240	27150
L25_V054	241	27300
L25_V054	242	27450
L25_V054	243	27600
L25_V054	244	27750
L25_V054	245	27900
L25_V054	246	28050
L25_V054	247	28200
L25_V054	248	28350
L25_V054	249	28500
L25_V054	250	28650
L25_V054	251	28800
L25_V054	252	28950
L25_V054	253	29100
L25_V054	254	29250
L25_V054	255	29400
L25_V054	256	29489
L25_V054	257	29550
L25_V054	258	29658
L25_V054	259	29700
L25_V054	260	29701
L25_V054	261	29744
L25_V054	262	29850
L25_V054	263	29882
L25_V054	264	29924
L25_V054	265	29955
L25_V054	266	29977
L25_V054	267	30000
L25_V054	268	30002
L25_V054	269	30020
L25_V054	270	30024
L25_V054	271	30150
L25_V054	272	30200
L25_V054	273	30248
L25_V054	274	30267
L25_V054	275	30300
L25_V054	276	30301
L25_V054	277	30356
L25_V054	278	30450
L25_V054	279	30502
L25_V054	280	30600
L25_V054	281	30649
L25_V054	282	30679
L25_V054	283	30704
L25_V054	284	30750
L25_V054	285	30900
L25_V054	286	30981
L25_V054	287	31022
L25_V054	288	31050
L25_V054	289	31133
L25_V054	290	31200
L25_V054	291	31217
L25_V054	292	31244
L25_V054	293	31350
L25_V054	294	31485
L25_V054	295	31500
L25_V054	296	31599
L25_V054	297	31650
L25_V054	298	31800
L25_V054	299	31950
L25_V054	300	32100
L25_V054	301	32250
L25_V054	302	32400
L25_V054	303	32550
L25_V054	304	32700
L25_V054	305	32850
L25_V054	306	33000
L25_V054	307	33150
L25_V054	308	33300
L25_V054	309	33450
L25_V054	310	33600
L25_V054	311	33750
L25_V054	312	33900
L25_V054	313	34050
L25_V054	314	34200
L25_V054	315	34350
L25_V054	316	34500
L25_V054	317	34650
L25_V054	318	34800
L25_V054	319	34950
L25_V054	320	35100
L25_V054	321	35250
L25_V054	322	35400
L25_V054	323	35550
L25_V054	324	35700
L25_V054	325	35850
L25_V054	326	36000
L25_V054	327	36150
L25_V054	328	36300
L25_V054	329	36450
L25_V054	330	36600
L25_V054	331	36750
L25_V054	332	36900
L25_V054	333	37050
L25_V054	334	37200
L25_V054	335	37350
L25_V054	336	37500
L25_V054	337	37650
L25_V054	338	37800
L25_V054	339	37950
L25_V054	340	38100
L25_V054	341	38250
L25_V054	342	38400
L25_V054	343	38550
L25_V054	344	38700
L25_V054	345	38850
L25_V054	346	39000
L25_V054	347	39150
L25_V054	348	39300
L25_V054	349	39450
L25_V054	350	39600
L25_V054	351	39750
L25_V054	352	39900
L25_V054	353	40050
L25_V054	354	40200
L25_V054	355	40350
L25_V054	356	40500
L25_V054	357	40650
L25_V054	358	40800
L25_V054	359	40950
L25_V054	360	41100
L25_V054	361	41250
L25_V054	362	41400
L25_V054	363	41550
L25_V054	364	41700
L25_V054	365	41850
L25_V054	366	42000
L25_V054	367	42150
L25_V054	368	42300
L25_V054	369	42450
L25_V054	370	42600
L25_V054	371	42750
L25_V054	372	42900
L25_V054	373	43050
L25_V054	374	43200
L25_V054	375	43350
L25_V054	376	43500
L25_V054	377	43650
L25_V054	378	43800
L25_V054	379	43950
L25_V054	380	44100
L25_V054	381	44250
L25_V054	382	44400
L25_V054	383	44550
L25_V054	384	44700
L25_V054	385	44850
L25_V054	386	45000
L25_V054	387	45150
L25_V054	388	45300
L25_V054	389	45450
L25_V054	390	45600
L25_V054	391	45750
L25_V054	392	45900
L25_V054	393	46050
L25_V054	394	46200
L25_V054	395	46350
L25_V054	396	46500
L25_V054	397	46650
L25_V054	398	46800
L25_V054	399	46950
L25_V054	400	47100
L25_V054	401	47250
L25_V054	402	47400
L25_V054	403	47550
L25_V054	404	47700
L25_V054	405	47850
L25_V054	406	48000
L25_V054	407	48150
L25_V054	408	48300
L25_V054	409	48450
L25_V054	410	48600
L25_V054	411	48750
L25_V054	412	48900
L25_V054	413	49050
L25_V054	414	49200
L25_V054	415	49350
L25_V054	416	49500
L25_V054	417	49650
L25_V054	418	49800
L25_V054	419	49950
L25_V054	420	50100
L25_V054	421	50250
L25_V054	422	50400
L25_V054	423	50550
L25_V054	424	50700
L25_V054	425	50850
L25_V054	426	51000
L25_V054	427	51150
L25_V054	428	51300
L25_V054	429	51450
L25_V054	430	51600
L25_V054	431	51750
L25_V054	432	51900
L25_V054	433	52050
L25_V054	434	52200
L25_V054	435	52350
L25_V054	436	52500
L25_V054	437	52650
L25_V054	438	52800
L25_V054	439	52950
L25_V054	440	53100
L25_V054	441	53250
L25_V054	442	53400
L25_V054	443	53550
L25_V054	444	53700
L25_V054	445	53850
L25_V054	446	54000
L25_V054	447	54150
L25_V054	448	54300
L25_V054	449	54450
L25_V054	450	54600
L25_V054	451	54750
L25_V054	452	54900
L25_V054	453	55050
L25_V054	454	55200
L25_V054	455	55350
L25_V054	456	55500
L25_V054	457	55650
L25_V054	458	55800
L25_V054	459	55950
L25_V054	460	56100
L25_V054	461	56250
L25_V054	462	56400
L25_V054	463	56550
L25_V054	464	56700
L25_V054	465	56850
L25_V054	466	57000
L25_V054	467	57150
L25_V054	468	57300
L25_V054	469	57450
L25_V054	470	57600
L25_V054	471	57750
L25_V054	472	57900
L25_V054	473	58050
L25_V054	474	58200
L25_V054	475	58350
L25_V054	476	58500
L25_V054	477	58650
L25_V054	478	58800
L25_V054	479	58950
L25_V054	480	59100
L25_V054	481	59250
L25_V054	482	59400
L25_V054	483	59550
L25_V054	484	59700
L25_V054	485	59850
L25_V054	486	60000
L25_V054	487	60150
L25_V054	488	60300
L25_V054	489	60450
L25_V054	490	60600
L25_V054	491	60750
L25_V054	492	60900
L25_V054	493	61050
L25_V054	494	61200
L25_V054	495	61341
L25_V054	496	61344
L25_V054	497	61350
L25_V054	498	61370
L25_V054	499	61371
L25_V054	500	61402
L25_V054	501	61447
L25_V054	502	61465
L25_V054	503	61482
L25_V054	504	61500
L25_V054	505	61524
L25_V054	506	61541
L25_V054	507	61542
L25_V054	508	61544
L25_V054	509	61545
L25_V054	510	61546
L25_V054	511	61570
L25_V054	512	61604
L25_V054	513	61634
L25_V054	514	61650
L25_V054	515	61662
L25_V054	516	61699
L25_V054	517	61732
L25_V054	518	61763
L25_V054	519	61797
L25_V054	520	61800
L25_V054	521	61838
L25_V054	522	61855
L25_V054	523	61873
L25_V054	524	61877
L25_V054	525	61878
L25_V054	526	61907
L25_V054	527	61938
L25_V054	528	61939
L25_V054	529	61950
L25_V054	530	61970
L25_V054	531	62007
L25_V054	532	62045
L25_V054	533	62048
L25_V054	534	62049
L25_V054	535	62050
L25_V054	536	62051
L25_V054	537	62095
L25_V054	538	62100
L25_V054	539	62183
L25_V054	540	62238
L25_V054	541	62250
L25_V054	542	62297
L25_V054	543	62324
L25_V054	544	62349
L25_V054	545	62391
L25_V054	546	62400
L25_V054	547	62421
L25_V054	548	62422
L25_V054	549	62428
L25_V054	550	62430
L25_V054	551	62432
L25_V054	552	62433
L25_V054	553	62436
L25_V054	554	62437
L25_V054	555	62438
L25_V054	556	62440
L25_V054	557	62451
L25_V054	558	62452
L25_V054	559	62483
L25_V054	560	62514
L25_V054	561	62550
L25_V054	562	62552
L25_V054	563	62586
L25_V054	564	62625
L25_V054	565	62655
L25_V054	566	62683
L25_V054	567	62700
L25_V054	568	62720
L25_V054	569	62751
L25_V054	570	62841
L25_V054	571	62850
L25_V054	572	62941
L25_V054	573	62941
L25_V054	574	62942
L25_V054	575	62944
L25_V054	576	62945
L25_V054	577	62946
L25_V054	578	62947
L25_V054	579	62948
L25_V054	580	62949
L25_V054	581	62950
L25_V054	582	62951
L25_V055	1	0
L25_V055	2	68
L25_V055	3	150
L25_V055	4	300
L25_V055	5	450
L25_V055	6	600
L25_V055	7	750
L25_V055	8	811
L25_V055	9	900
L25_V055	10	1050
L25_V055	11	1071
L25_V055	12	1072
L25_V055	13	1073
L25_V055	14	1074
L25_V055	15	1075
L25_V055	16	1077
L25_V055	17	1158
L25_V055	18	1200
L25_V055	19	1227
L25_V055	20	1228
L25_V055	21	1229
L25_V055	22	1230
L25_V055	23	1231
L25_V055	24	1233
L25_V055	25	1234
L25_V055	26	1237
L25_V055	27	1239
L25_V055	28	1347
L25_V055	29	1350
L25_V055	30	1388
L25_V055	31	1389
L25_V055	32	1391
L25_V055	33	1392
L25_V055	34	1393
L25_V055	35	1394
L25_V055	36	1437
L25_V055	37	1476
L25_V055	38	1500
L25_V055	39	1514
L25_V055	40	1550
L25_V055	41	1585
L25_V055	42	1620
L25_V055	43	1650
L25_V055	44	1688
L25_V055	45	1722
L25_V055	46	1782
L25_V055	47	1782
L25_V055	48	1784
L25_V055	49	1785
L25_V055	50	1800
L25_V055	51	1830
L25_V055	52	1866
L25_V055	53	1917
L25_V055	54	1950
L25_V055	55	1957
L25_V055	56	1998
L25_V055	57	2000
L25_V055	58	2051
L25_V055	59	2053
L25_V055	60	2083
L25_V055	61	2084
L25_V055	62	2085
L25_V055	63	2090
L25_V055	64	2091
L25_V055	65	2092
L25_V055	66	2100
L25_V055	67	2121
L25_V055	68	2154
L25_V055	69	2155
L25_V055	70	2164
L25_V055	71	2195
L25_V055	72	2234
L25_V055	73	2250
L25_V055	74	2400
L25_V055	75	2550
L25_V055	76	2571
L25_V055	77	2700
L25_V055	78	2850
L25_V055	79	3000
L25_V055	80	3150
L25_V055	81	3300
L25_V055	82	3450
L25_V055	83	3600
L25_V055	84	3750
L25_V055	85	3900
L25_V055	86	4050
L25_V055	87	4200
L25_V055	88	4350
L25_V055	89	4500
L25_V055	90	4650
L25_V055	91	4800
L25_V055	92	4950
L25_V055	93	5100
L25_V055	94	5250
L25_V055	95	5400
L25_V055	96	5550
L25_V055	97	5700
L25_V055	98	5850
L25_V055	99	6000
L25_V055	100	6150
L25_V055	101	6300
L25_V055	102	6450
L25_V055	103	6600
L25_V055	104	6750
L25_V055	105	6900
L25_V055	106	7050
L25_V055	107	7200
L25_V055	108	7350
L25_V055	109	7500
L25_V055	110	7650
L25_V055	111	7800
L25_V055	112	7950
L25_V055	113	8100
L25_V055	114	8250
L25_V055	115	8400
L25_V055	116	8550
L25_V055	117	8700
L25_V055	118	8850
L25_V055	119	9000
L25_V055	120	9150
L25_V055	121	9300
L25_V055	122	9450
L25_V055	123	9600
L25_V055	124	9750
L25_V055	125	9900
L25_V055	126	10050
L25_V055	127	10200
L25_V055	128	10350
L25_V055	129	10500
L25_V055	130	10650
L25_V055	131	10800
L25_V055	132	10950
L25_V055	133	11100
L25_V055	134	11250
L25_V055	135	11400
L25_V055	136	11550
L25_V055	137	11700
L25_V055	138	11850
L25_V055	139	12000
L25_V055	140	12150
L25_V055	141	12300
L25_V055	142	12349
L25_V055	143	12450
L25_V055	144	12518
L25_V055	145	12560
L25_V055	146	12600
L25_V055	147	12603
L25_V055	148	12741
L25_V055	149	12750
L25_V055	150	12783
L25_V055	151	12813
L25_V055	152	12836
L25_V055	153	12862
L25_V055	154	12881
L25_V055	155	12900
L25_V055	156	13007
L25_V055	157	13050
L25_V055	158	13059
L25_V055	159	13107
L25_V055	160	13126
L25_V055	161	13160
L25_V055	162	13200
L25_V055	163	13215
L25_V055	164	13309
L25_V055	165	13310
L25_V055	166	13350
L25_V055	167	13362
L25_V055	168	13500
L25_V055	169	13508
L25_V055	170	13538
L25_V055	171	13563
L25_V055	172	13650
L25_V055	173	13800
L25_V055	174	13840
L25_V055	175	13881
L25_V055	176	13950
L25_V055	177	13991
L25_V055	178	14059
L25_V055	179	14076
L25_V055	180	14100
L25_V055	181	14103
L25_V055	182	14250
L25_V055	183	14344
L25_V055	184	14400
L25_V055	185	14458
L25_V055	186	14550
L25_V055	187	14700
L25_V055	188	14850
L25_V055	189	15000
L25_V055	190	15150
L25_V055	191	15300
L25_V055	192	15450
L25_V055	193	15600
L25_V055	194	15750
L25_V055	195	15900
L25_V055	196	16050
L25_V055	197	16200
L25_V055	198	16350
L25_V055	199	16500
L25_V055	200	16650
L25_V055	201	16800
L25_V055	202	16950
L25_V055	203	17100
L25_V055	204	17250
L25_V055	205	17400
L25_V055	206	17550
L25_V055	207	17700
L25_V055	208	17850
L25_V055	209	18000
L25_V055	210	18150
L25_V055	211	18300
L25_V055	212	18450
L25_V055	213	18600
L25_V055	214	18750
L25_V055	215	18900
L25_V055	216	19050
L25_V055	217	19200
L25_V055	218	19350
L25_V055	219	19500
L25_V055	220	19650
L25_V055	221	19800
L25_V055	222	19950
L25_V055	223	20100
L25_V055	224	20250
L25_V055	225	20400
L25_V055	226	20550
L25_V055	227	20700
L25_V055	228	20850
L25_V055	229	21000
L25_V055	230	21150
L25_V055	231	21300
L25_V055	232	21450
L25_V055	233	21600
L25_V055	234	21750
L25_V055	235	21900
L25_V055	236	22050
L25_V055	237	22200
L25_V055	238	22350
L25_V055	239	22500
L25_V055	240	22650
L25_V055	241	22800
L25_V055	242	22950
L25_V055	243	23100
L25_V055	244	23175
L25_V055	245	23177
L25_V055	246	23203
L25_V055	247	23204
L25_V055	248	23235
L25_V055	249	23250
L25_V055	250	23280
L25_V055	251	23298
L25_V055	252	23315
L25_V055	253	23333
L25_V055	254	23357
L25_V055	255	23375
L25_V055	256	23376
L25_V055	257	23379
L25_V055	258	23400
L25_V055	259	23403
L25_V055	260	23404
L25_V055	261	23438
L25_V055	262	23467
L25_V055	263	23495
L25_V055	264	23532
L25_V055	265	23550
L25_V055	266	23565
L25_V055	267	23596
L25_V055	268	23630
L25_V055	269	23631
L25_V055	270	23671
L25_V055	271	23689
L25_V055	272	23700
L25_V055	273	23706
L25_V055	274	23710
L25_V055	275	23711
L25_V055	276	23740
L25_V055	277	23771
L25_V055	278	23772
L25_V055	279	23803
L25_V055	280	23840
L25_V055	281	23850
L25_V055	282	23878
L25_V055	283	23882
L25_V055	284	23883
L25_V055	285	23928
L25_V055	286	24000
L25_V055	287	24016
L25_V055	288	24071
L25_V055	289	24130
L25_V055	290	24150
L25_V055	291	24157
L25_V055	292	24182
L25_V055	293	24225
L25_V055	294	24254
L25_V055	295	24255
L25_V055	296	24261
L25_V055	297	24264
L25_V055	298	24265
L25_V055	299	24266
L25_V055	300	24269
L25_V055	301	24270
L25_V055	302	24271
L25_V055	303	24273
L25_V055	304	24284
L25_V055	305	24285
L25_V055	306	24300
L25_V055	307	24316
L25_V055	308	24347
L25_V055	309	24385
L25_V055	310	24419
L25_V055	311	24450
L25_V055	312	24458
L25_V055	313	24489
L25_V055	314	24516
L25_V055	315	24553
L25_V055	316	24584
L25_V055	317	24600
L25_V055	318	24674
L25_V055	319	24750
L25_V055	320	24900
L25_V055	321	25050
L25_V055	322	25200
L25_V055	323	25350
L25_V055	324	25500
L25_V055	325	25650
L25_V055	326	25800
L25_V055	327	25942
L25_V055	328	25950
L25_V055	329	26042
L25_V055	330	26043
L25_V055	331	26044
L25_V055	332	26045
L25_V055	333	26045
L25_V055	334	26047
L25_V055	335	26048
L25_V055	336	26049
L25_V055	337	26050
L25_V055	338	26051
L25_V055	339	26052
L25_V056	1	0
L25_V056	2	67
L25_V056	3	150
L25_V056	4	300
L25_V056	5	450
L25_V056	6	600
L25_V056	7	750
L25_V056	8	900
L25_V056	9	1050
L25_V056	10	1200
L25_V056	11	1350
L25_V056	12	1500
L25_V056	13	1650
L25_V056	14	1800
L25_V056	15	1950
L25_V056	16	2100
L25_V056	17	2250
L25_V056	18	2400
L25_V056	19	2550
L25_V056	20	2700
L25_V056	21	2850
L25_V056	22	3000
L25_V056	23	3150
L25_V056	24	3300
L25_V056	25	3450
L25_V056	26	3600
L25_V056	27	3750
L25_V056	28	3900
L25_V056	29	4050
L25_V056	30	4192
L25_V056	31	4193
L25_V056	32	4194
L25_V056	33	4195
L25_V056	34	4196
L25_V056	35	4200
L25_V056	36	4279
L25_V056	37	4350
L25_V056	38	4351
L25_V056	39	4353
L25_V056	40	4354
L25_V056	41	4357
L25_V056	42	4359
L25_V056	43	4360
L25_V056	44	4468
L25_V056	45	4469
L25_V056	46	4470
L25_V056	47	4471
L25_V056	48	4476
L25_V056	49	4500
L25_V056	50	4509
L25_V056	51	4510
L25_V056	52	4512
L25_V056	53	4513
L25_V056	54	4514
L25_V056	55	4515
L25_V056	56	4558
L25_V056	57	4597
L25_V056	58	4635
L25_V056	59	4650
L25_V056	60	4671
L25_V056	61	4706
L25_V056	62	4741
L25_V056	63	4800
L25_V056	64	4809
L25_V056	65	4843
L25_V056	66	4904
L25_V056	67	4905
L25_V056	68	4906
L25_V056	69	4907
L25_V056	70	4950
L25_V056	71	4951
L25_V056	72	4987
L25_V056	73	5038
L25_V056	74	5078
L25_V056	75	5100
L25_V056	76	5120
L25_V056	77	5121
L25_V056	78	5172
L25_V056	79	5174
L25_V056	80	5204
L25_V056	81	5205
L25_V056	82	5206
L25_V056	83	5211
L25_V056	84	5212
L25_V056	85	5213
L25_V056	86	5242
L25_V056	87	5243
L25_V056	88	5250
L25_V056	89	5275
L25_V056	90	5276
L25_V056	91	5285
L25_V056	92	5315
L25_V056	93	5316
L25_V056	94	5355
L25_V056	95	5400
L25_V056	96	5550
L25_V056	97	5692
L25_V056	98	5700
L25_V056	99	5850
L25_V056	100	6000
L25_V056	101	6150
L25_V056	102	6300
L25_V056	103	6450
L25_V056	104	6600
L25_V056	105	6750
L25_V056	106	6900
L25_V056	107	7050
L25_V056	108	7200
L25_V056	109	7350
L25_V056	110	7500
L25_V056	111	7650
L25_V056	112	7800
L25_V056	113	7950
L25_V056	114	8100
L25_V056	115	8250
L25_V056	116	8400
L25_V056	117	8550
L25_V056	118	8700
L25_V056	119	8850
L25_V056	120	9000
L25_V056	121	9150
L25_V056	122	9300
L25_V056	123	9450
L25_V056	124	9600
L25_V056	125	9750
L25_V056	126	9900
L25_V056	127	10050
L25_V056	128	10200
L25_V056	129	10350
L25_V056	130	10500
L25_V056	131	10650
L25_V056	132	10800
L25_V056	133	10950
L25_V056	134	11100
L25_V056	135	11250
L25_V056	136	11400
L25_V056	137	11550
L25_V056	138	11700
L25_V056	139	11850
L25_V056	140	12000
L25_V056	141	12150
L25_V056	142	12300
L25_V056	143	12450
L25_V056	144	12600
L25_V056	145	12750
L25_V056	146	12900
L25_V056	147	13050
L25_V056	148	13200
L25_V056	149	13350
L25_V056	150	13500
L25_V056	151	13650
L25_V056	152	13800
L25_V056	153	13950
L25_V056	154	14100
L25_V056	155	14250
L25_V056	156	14400
L25_V056	157	14550
L25_V056	158	14700
L25_V056	159	14850
L25_V056	160	15000
L25_V056	161	15150
L25_V056	162	15300
L25_V056	163	15450
L25_V056	164	15600
L25_V056	165	15750
L25_V056	166	15900
L25_V056	167	16050
L25_V056	168	16200
L25_V056	169	16350
L25_V056	170	16500
L25_V056	171	16650
L25_V056	172	16800
L25_V056	173	16950
L25_V056	174	17100
L25_V056	175	17250
L25_V056	176	17400
L25_V056	177	17550
L25_V056	178	17700
L25_V056	179	17850
L25_V056	180	17918
L25_V056	181	18000
L25_V056	182	18087
L25_V056	183	18129
L25_V056	184	18150
L25_V056	185	18172
L25_V056	186	18300
L25_V056	187	18310
L25_V056	188	18352
L25_V056	189	18383
L25_V056	190	18405
L25_V056	191	18431
L25_V056	192	18450
L25_V056	193	18452
L25_V056	194	18576
L25_V056	195	18600
L25_V056	196	18628
L25_V056	197	18676
L25_V056	198	18695
L25_V056	199	18729
L25_V056	200	18750
L25_V056	201	18784
L25_V056	202	18878
L25_V056	203	18879
L25_V056	204	18900
L25_V056	205	18931
L25_V056	206	19050
L25_V056	207	19077
L25_V056	208	19107
L25_V056	209	19132
L25_V056	210	19200
L25_V056	211	19350
L25_V056	212	19368
L25_V056	213	19409
L25_V056	214	19450
L25_V056	215	19500
L25_V056	216	19561
L25_V056	217	19628
L25_V056	218	19645
L25_V056	219	19650
L25_V056	220	19672
L25_V056	221	19800
L25_V056	222	19913
L25_V056	223	19950
L25_V056	224	20027
L25_V056	225	20100
L25_V056	226	20250
L25_V056	227	20400
L25_V056	228	20550
L25_V056	229	20700
L25_V056	230	20850
L25_V056	231	21000
L25_V056	232	21150
L25_V056	233	21300
L25_V056	234	21450
L25_V056	235	21600
L25_V056	236	21750
L25_V056	237	21900
L25_V056	238	22050
L25_V056	239	22200
L25_V056	240	22350
L25_V056	241	22500
L25_V056	242	22650
L25_V056	243	22800
L25_V056	244	22950
L25_V056	245	23100
L25_V056	246	23250
L25_V056	247	23400
L25_V056	248	23550
L25_V056	249	23700
L25_V056	250	23850
L25_V056	251	24000
L25_V056	252	24150
L25_V056	253	24300
L25_V056	254	24450
L25_V056	255	24600
L25_V056	256	24750
L25_V056	257	24900
L25_V056	258	25050
L25_V056	259	25200
L25_V056	260	25350
L25_V056	261	25500
L25_V056	262	25650
L25_V056	263	25800
L25_V056	264	25950
L25_V056	265	26100
L25_V056	266	26250
L25_V056	267	26400
L25_V056	268	26550
L25_V056	269	26700
L25_V056	270	26850
L25_V056	271	27000
L25_V056	272	27150
L25_V056	273	27300
L25_V056	274	27450
L25_V056	275	27600
L25_V056	276	27750
L25_V056	277	27900
L25_V056	278	28050
L25_V056	279	28200
L25_V056	280	28350
L25_V056	281	28500
L25_V056	282	28650
L25_V056	283	28800
L25_V056	284	28950
L25_V056	285	29100
L25_V056	286	29250
L25_V056	287	29400
L25_V056	288	29550
L25_V056	289	29700
L25_V056	290	29850
L25_V056	291	30000
L25_V056	292	30150
L25_V056	293	30300
L25_V056	294	30450
L25_V056	295	30600
L25_V056	296	30750
L25_V056	297	30900
L25_V056	298	31050
L25_V056	299	31200
L25_V056	300	31350
L25_V056	301	31500
L25_V056	302	31650
L25_V056	303	31800
L25_V056	304	31950
L25_V056	305	32100
L25_V056	306	32250
L25_V056	307	32400
L25_V056	308	32550
L25_V056	309	32700
L25_V056	310	32850
L25_V056	311	33000
L25_V056	312	33150
L25_V056	313	33300
L25_V056	314	33450
L25_V056	315	33600
L25_V056	316	33750
L25_V056	317	33900
L25_V056	318	34050
L25_V056	319	34165
L25_V056	320	34167
L25_V056	321	34193
L25_V056	322	34194
L25_V056	323	34200
L25_V056	324	34225
L25_V056	325	34270
L25_V056	326	34288
L25_V056	327	34305
L25_V056	328	34323
L25_V056	329	34347
L25_V056	330	34350
L25_V056	331	34365
L25_V056	332	34366
L25_V056	333	34367
L25_V056	334	34368
L25_V056	335	34369
L25_V056	336	34393
L25_V056	337	34394
L25_V056	338	34428
L25_V056	339	34457
L25_V056	340	34485
L25_V056	341	34500
L25_V056	342	34522
L25_V056	343	34555
L25_V056	344	34586
L25_V056	345	34620
L25_V056	346	34621
L25_V056	347	34650
L25_V056	348	34661
L25_V056	349	34679
L25_V056	350	34696
L25_V056	351	34700
L25_V056	352	34701
L25_V056	353	34730
L25_V056	354	34761
L25_V056	355	34762
L25_V056	356	34793
L25_V056	357	34800
L25_V056	358	34830
L25_V056	359	34868
L25_V056	360	34871
L25_V056	361	34872
L25_V056	362	34873
L25_V056	363	34874
L25_V056	364	34950
L25_V056	365	35006
L25_V056	366	35061
L25_V056	367	35100
L25_V056	368	35120
L25_V056	369	35147
L25_V056	370	35172
L25_V056	371	35215
L25_V056	372	35244
L25_V056	373	35245
L25_V056	374	35250
L25_V056	375	35251
L25_V056	376	35254
L25_V056	377	35255
L25_V056	378	35256
L25_V056	379	35259
L25_V056	380	35260
L25_V056	381	35261
L25_V056	382	35263
L25_V056	383	35274
L25_V056	384	35275
L25_V056	385	35306
L25_V056	386	35337
L25_V056	387	35375
L25_V056	388	35400
L25_V056	389	35409
L25_V056	390	35448
L25_V056	391	35479
L25_V056	392	35506
L25_V056	393	35543
L25_V056	394	35550
L25_V056	395	35574
L25_V056	396	35664
L25_V056	397	35700
L25_V056	398	35764
L25_V056	399	35765
L25_V056	400	35766
L25_V056	401	35767
L25_V056	402	35768
L25_V056	403	35769
L25_V056	404	35770
L25_V056	405	35771
L25_V056	406	35772
L25_V056	407	35773
L25_V056	408	35774
L25_V061	1	0
L25_V061	2	80
L25_V061	3	82
L25_V061	4	149
L25_V061	5	231
L25_V061	6	299
L25_V061	7	449
L25_V061	8	599
L25_V061	9	749
L25_V061	10	766
L25_V061	11	766
L25_V061	12	869
L25_V061	13	871
L25_V061	14	899
L25_V061	15	959
L25_V061	16	1049
L25_V061	17	1095
L25_V061	18	1097
L25_V061	19	1098
L25_V061	20	1100
L25_V061	21	1103
L25_V061	22	1106
L25_V061	23	1199
L25_V061	24	1204
L25_V061	25	1251
L25_V061	26	1296
L25_V061	27	1339
L25_V061	28	1340
L25_V061	29	1349
L25_V061	30	1381
L25_V061	31	1423
L25_V061	32	1499
L25_V061	33	1505
L25_V061	34	1545
L25_V061	35	1546
L25_V061	36	1649
L25_V061	37	1675
L25_V061	38	1718
L25_V061	39	1779
L25_V061	40	1780
L25_V061	41	1799
L25_V061	42	1827
L25_V061	43	1879
L25_V061	44	1940
L25_V061	45	1949
L25_V061	46	1978
L25_V061	47	1979
L25_V061	48	1988
L25_V061	49	2024
L25_V061	50	2063
L25_V061	51	2064
L25_V061	52	2074
L25_V061	53	2075
L25_V061	54	2076
L25_V061	55	2077
L25_V061	56	2099
L25_V061	57	2111
L25_V061	58	2112
L25_V061	59	2127
L25_V061	60	2128
L25_V061	61	2129
L25_V061	62	2130
L25_V061	63	2159
L25_V061	64	2249
L25_V061	65	2399
L25_V061	66	2549
L25_V061	67	2563
L25_V061	68	2699
L25_V061	69	2849
L25_V061	70	2931
L25_V061	71	2999
L25_V061	72	3149
L25_V061	73	3299
L25_V061	74	3449
L25_V061	75	3599
L25_V061	76	3749
L25_V061	77	3899
L25_V061	78	4049
L25_V061	79	4199
L25_V061	80	4349
L25_V061	81	4499
L25_V061	82	4649
L25_V061	83	4799
L25_V061	84	4949
L25_V061	85	5099
L25_V061	86	5249
L25_V061	87	5399
L25_V061	88	5440
L25_V061	89	5549
L25_V061	90	5699
L25_V061	91	5849
L25_V061	92	5999
L25_V061	93	6081
L25_V061	94	6149
L25_V061	95	6299
L25_V061	96	6449
L25_V061	97	6599
L25_V061	98	6749
L25_V061	99	6899
L25_V061	100	7049
L25_V061	101	7199
L25_V061	102	7349
L25_V061	103	7499
L25_V061	104	7649
L25_V061	105	7799
L25_V061	106	7949
L25_V061	107	8099
L25_V061	108	8249
L25_V061	109	8399
L25_V061	110	8517
L25_V061	111	8549
L25_V061	112	8699
L25_V061	113	8849
L25_V061	114	8999
L25_V061	115	9149
L25_V061	116	9299
L25_V061	117	9449
L25_V061	118	9599
L25_V061	119	9749
L25_V061	120	9899
L25_V061	121	10049
L25_V061	122	10199
L25_V061	123	10349
L25_V061	124	10499
L25_V061	125	10649
L25_V061	126	10799
L25_V061	127	10949
L25_V061	128	11099
L25_V061	129	11249
L25_V061	130	11399
L25_V061	131	11549
L25_V061	132	11699
L25_V061	133	11849
L25_V061	134	11999
L25_V061	135	12149
L25_V061	136	12299
L25_V061	137	12449
L25_V061	138	12599
L25_V061	139	12701
L25_V061	140	12749
L25_V061	141	12899
L25_V061	142	12904
L25_V061	143	12954
L25_V061	144	13006
L25_V061	145	13049
L25_V061	146	13171
L25_V061	147	13199
L25_V061	148	13221
L25_V061	149	13258
L25_V061	150	13284
L25_V061	151	13316
L25_V061	152	13316
L25_V061	153	13349
L25_V061	154	13489
L25_V061	155	13490
L25_V061	156	13499
L25_V061	157	13552
L25_V061	158	13609
L25_V061	159	13632
L25_V061	160	13649
L25_V061	161	13673
L25_V061	162	13739
L25_V061	163	13799
L25_V061	164	13842
L25_V061	165	13851
L25_V061	166	13853
L25_V061	167	13916
L25_V061	168	13949
L25_V061	169	14090
L25_V061	170	14099
L25_V061	171	14126
L25_V061	172	14156
L25_V061	173	14249
L25_V061	174	14399
L25_V061	175	14438
L25_V061	176	14488
L25_V061	177	14537
L25_V061	178	14549
L25_V061	179	14670
L25_V061	180	14699
L25_V061	181	14750
L25_V061	182	14751
L25_V061	183	14771
L25_V061	184	14803
L25_V061	185	14849
L25_V061	186	14999
L25_V061	187	15092
L25_V061	188	15149
L25_V061	189	15229
L25_V061	190	15299
L25_V061	191	15449
L25_V061	192	15599
L25_V061	193	15749
L25_V061	194	15899
L25_V061	195	16049
L25_V061	196	16199
L25_V061	197	16229
L25_V061	198	16349
L25_V061	199	16499
L25_V061	200	16649
L25_V061	201	16799
L25_V061	202	16949
L25_V061	203	17099
L25_V061	204	17249
L25_V061	205	17399
L25_V061	206	17549
L25_V061	207	17699
L25_V061	208	17849
L25_V061	209	17999
L25_V061	210	18149
L25_V061	211	18299
L25_V061	212	18449
L25_V061	213	18599
L25_V061	214	18749
L25_V061	215	18899
L25_V061	216	19049
L25_V061	217	19199
L25_V061	218	19349
L25_V061	219	19499
L25_V061	220	19649
L25_V061	221	19799
L25_V061	222	19949
L25_V061	223	20099
L25_V061	224	20249
L25_V061	225	20399
L25_V061	226	20549
L25_V061	227	20699
L25_V061	228	20849
L25_V061	229	20999
L25_V061	230	21149
L25_V061	231	21299
L25_V061	232	21449
L25_V061	233	21599
L25_V061	234	21749
L25_V061	235	21899
L25_V061	236	22049
L25_V061	237	22199
L25_V061	238	22349
L25_V061	239	22499
L25_V061	240	22649
L25_V061	241	22799
L25_V061	242	22949
L25_V061	243	23099
L25_V061	244	23249
L25_V061	245	23399
L25_V061	246	23401
L25_V061	247	23549
L25_V061	248	23699
L25_V061	249	23849
L25_V061	250	23999
L25_V061	251	24149
L25_V061	252	24223
L25_V061	253	24299
L25_V061	254	24449
L25_V061	255	24599
L25_V061	256	24749
L25_V061	257	24899
L25_V061	258	25049
L25_V061	259	25199
L25_V061	260	25349
L25_V061	261	25499
L25_V061	262	25649
L25_V061	263	25799
L25_V061	264	25949
L25_V061	265	26099
L25_V061	266	26249
L25_V061	267	26399
L25_V061	268	26549
L25_V061	269	26699
L25_V061	270	26849
L25_V061	271	26999
L25_V061	272	27149
L25_V061	273	27299
L25_V061	274	27449
L25_V061	275	27599
L25_V061	276	27749
L25_V061	277	27899
L25_V061	278	28049
L25_V061	279	28199
L25_V061	280	28349
L25_V061	281	28499
L25_V061	282	28649
L25_V061	283	28799
L25_V061	284	28949
L25_V061	285	29099
L25_V061	286	29249
L25_V061	287	29399
L25_V061	288	29549
L25_V061	289	29699
L25_V061	290	29849
L25_V061	291	29999
L25_V061	292	30149
L25_V061	293	30299
L25_V061	294	30450
L25_V061	295	30599
L25_V061	296	30750
L25_V061	297	30899
L25_V061	298	31050
L25_V061	299	31199
L25_V061	300	31350
L25_V061	301	31499
L25_V061	302	31539
L25_V061	303	31541
L25_V061	304	31573
L25_V061	305	31612
L25_V061	306	31650
L25_V061	307	31666
L25_V061	308	31686
L25_V061	309	31707
L25_V061	310	31728
L25_V061	311	31758
L25_V061	312	31779
L25_V061	313	31782
L25_V061	314	31784
L25_V061	315	31799
L25_V061	316	31814
L25_V061	317	31855
L25_V061	318	31889
L25_V061	319	31924
L25_V061	320	31950
L25_V061	321	31968
L25_V061	322	32007
L25_V061	323	32044
L25_V061	324	32085
L25_V061	325	32099
L25_V061	326	32135
L25_V061	327	32156
L25_V061	328	32176
L25_V061	329	32180
L25_V061	330	32182
L25_V061	331	32182
L25_V061	332	32216
L25_V061	333	32250
L25_V061	334	32254
L25_V061	335	32292
L25_V061	336	32337
L25_V061	337	32382
L25_V061	338	32399
L25_V061	339	32442
L25_V061	340	32550
L25_V061	341	32613
L25_V061	342	32684
L25_V061	343	32699
L25_V061	344	32717
L25_V061	345	32747
L25_V061	346	32798
L25_V061	347	32833
L25_V061	348	32842
L25_V061	349	32846
L25_V061	350	32850
L25_V061	351	32853
L25_V061	352	32856
L25_V061	353	32869
L25_V061	354	32907
L25_V061	355	32944
L25_V061	356	32990
L25_V061	357	32999
L25_V061	358	33030
L25_V061	359	33077
L25_V061	360	33115
L25_V061	361	33150
L25_V061	362	33192
L25_V061	363	33228
L25_V061	364	33299
L25_V061	365	33338
L25_V061	366	33450
L25_V061	367	33599
L25_V061	368	33749
L25_V061	369	33899
L25_V061	370	34049
L25_V061	371	34074
L25_V061	372	34199
L25_V061	373	34349
L25_V061	374	34499
L25_V061	375	34649
L25_V061	376	34799
L25_V061	377	34949
L25_V061	378	35099
L25_V061	379	35249
L25_V061	380	35399
L25_V061	381	35549
L25_V061	382	35699
L25_V061	383	35850
L25_V061	384	35999
L25_V061	385	36150
L25_V061	386	36299
L25_V061	387	36450
L25_V061	388	36599
L25_V061	389	36750
L25_V061	390	36899
L25_V061	391	37050
L25_V061	392	37199
L25_V061	393	37350
L25_V061	394	37499
L25_V061	395	37650
L25_V061	396	37799
L25_V061	397	37950
L25_V061	398	38099
L25_V061	399	38250
L25_V061	400	38399
L25_V061	401	38550
L25_V061	402	38699
L25_V061	403	38850
L25_V061	404	38999
L25_V061	405	39150
L25_V061	406	39299
L25_V061	407	39450
L25_V061	408	39599
L25_V061	409	39750
L25_V061	410	39899
L25_V061	411	40050
L25_V061	412	40199
L25_V061	413	40350
L25_V061	414	40499
L25_V061	415	40650
L25_V061	416	40799
L25_V061	417	40950
L25_V061	418	41099
L25_V061	419	41250
L25_V061	420	41399
L25_V061	421	41549
L25_V061	422	41699
L25_V061	423	41780
L25_V061	424	41849
L25_V061	425	41999
L25_V061	426	42149
L25_V061	427	42299
L25_V061	428	42449
L25_V061	429	42599
L25_V061	430	42698
L25_V061	431	42750
L25_V061	432	42899
L25_V061	433	43050
L25_V061	434	43199
L25_V061	435	43350
L25_V061	436	43499
L25_V061	437	43650
L25_V061	438	43799
L25_V061	439	43950
L25_V061	440	44099
L25_V061	441	44250
L25_V061	442	44399
L25_V061	443	44550
L25_V061	444	44699
L25_V061	445	44850
L25_V061	446	44999
L25_V061	447	45150
L25_V061	448	45299
L25_V061	449	45450
L25_V061	450	45599
L25_V061	451	45750
L25_V061	452	45899
L25_V061	453	46050
L25_V061	454	46158
L25_V061	455	46199
L25_V061	456	46350
L25_V061	457	46451
L25_V061	458	46452
L25_V061	459	46452
L25_V061	460	46571
L25_V061	461	46573
L25_V061	462	46573
L25_V061	463	46574
L25_V061	464	46576
L25_V061	465	46576
L25_V061	466	46577
L25_V061	467	46579
L25_V061	468	46579
L25_V061	469	46580
L25_V061	470	46582
L25_V061	471	46582
L25_V061	472	46583
L25_V062	1	0
L25_V062	2	67
L25_V062	3	150
L25_V062	4	300
L25_V062	5	450
L25_V062	6	600
L25_V062	7	750
L25_V062	8	900
L25_V062	9	1050
L25_V062	10	1200
L25_V062	11	1350
L25_V062	12	1500
L25_V062	13	1650
L25_V062	14	1800
L25_V062	15	1950
L25_V062	16	2100
L25_V062	17	2250
L25_V062	18	2400
L25_V062	19	2550
L25_V062	20	2700
L25_V062	21	2850
L25_V062	22	3000
L25_V062	23	3150
L25_V062	24	3300
L25_V062	25	3450
L25_V062	26	3600
L25_V062	27	3750
L25_V062	28	3900
L25_V062	29	4050
L25_V062	30	4200
L25_V062	31	4350
L25_V062	32	4500
L25_V062	33	4650
L25_V062	34	4800
L25_V062	35	4950
L25_V062	36	5100
L25_V062	37	5250
L25_V062	38	5400
L25_V062	39	5550
L25_V062	40	5700
L25_V062	41	5850
L25_V062	42	6000
L25_V062	43	6150
L25_V062	44	6300
L25_V062	45	6343
L25_V062	46	6345
L25_V062	47	6371
L25_V062	48	6372
L25_V062	49	6403
L25_V062	50	6450
L25_V062	51	6466
L25_V062	52	6483
L25_V062	53	6501
L25_V062	54	6525
L25_V062	55	6543
L25_V062	56	6544
L25_V062	57	6545
L25_V062	58	6545
L25_V062	59	6570
L25_V062	60	6572
L25_V062	61	6600
L25_V062	62	6606
L25_V062	63	6634
L25_V062	64	6663
L25_V062	65	6664
L25_V062	66	6700
L25_V062	67	6733
L25_V062	68	6734
L25_V062	69	6750
L25_V062	70	6764
L25_V062	71	6798
L25_V062	72	6798
L25_V062	73	6839
L25_V062	74	6840
L25_V062	75	6856
L25_V062	76	6873
L25_V062	77	6878
L25_V062	78	6879
L25_V062	79	6880
L25_V062	80	6900
L25_V062	81	6908
L25_V062	82	6939
L25_V062	83	6940
L25_V062	84	6970
L25_V062	85	7008
L25_V062	86	7045
L25_V062	87	7050
L25_V062	88	7095
L25_V062	89	7095
L25_V062	90	7097
L25_V062	91	7184
L25_V062	92	7200
L25_V062	93	7239
L25_V062	94	7298
L25_V062	95	7325
L25_V062	96	7350
L25_V062	97	7393
L25_V062	98	7422
L25_V062	99	7423
L25_V062	100	7429
L25_V062	101	7431
L25_V062	102	7433
L25_V062	103	7434
L25_V062	104	7438
L25_V062	105	7439
L25_V062	106	7441
L25_V062	107	7452
L25_V062	108	7453
L25_V062	109	7484
L25_V062	110	7500
L25_V062	111	7515
L25_V062	112	7553
L25_V062	113	7587
L25_V062	114	7626
L25_V062	115	7650
L25_V062	116	7656
L25_V062	117	7684
L25_V062	118	7684
L25_V062	119	7720
L25_V062	120	7752
L25_V062	121	7800
L25_V062	122	7842
L25_V062	123	7950
L25_V062	124	8100
L25_V062	125	8250
L25_V062	126	8400
L25_V062	127	8550
L25_V062	128	8700
L25_V062	129	8850
L25_V062	130	9000
L25_V062	131	9150
L25_V062	132	9300
L25_V062	133	9450
L25_V062	134	9600
L25_V062	135	9750
L25_V062	136	9900
L25_V062	137	10050
L25_V062	138	10200
L25_V062	139	10350
L25_V062	140	10500
L25_V062	141	10650
L25_V062	142	10800
L25_V062	143	10950
L25_V062	144	11100
L25_V062	145	11250
L25_V062	146	11400
L25_V062	147	11550
L25_V062	148	11700
L25_V062	149	11850
L25_V062	150	12000
L25_V062	151	12150
L25_V062	152	12300
L25_V062	153	12450
L25_V062	154	12600
L25_V062	155	12750
L25_V062	156	12900
L25_V062	157	13050
L25_V062	158	13200
L25_V062	159	13350
L25_V062	160	13500
L25_V062	161	13650
L25_V062	162	13800
L25_V062	163	13950
L25_V062	164	14100
L25_V062	165	14250
L25_V062	166	14400
L25_V062	167	14550
L25_V062	168	14700
L25_V062	169	14850
L25_V062	170	15000
L25_V062	171	15150
L25_V062	172	15300
L25_V062	173	15450
L25_V062	174	15600
L25_V062	175	15750
L25_V062	176	15900
L25_V062	177	16050
L25_V062	178	16200
L25_V062	179	16350
L25_V062	180	16500
L25_V062	181	16650
L25_V062	182	16800
L25_V062	183	16950
L25_V062	184	17100
L25_V062	185	17250
L25_V062	186	17400
L25_V062	187	17550
L25_V062	188	17700
L25_V062	189	17850
L25_V062	190	18000
L25_V062	191	18150
L25_V062	192	18215
L25_V062	193	18300
L25_V062	194	18384
L25_V062	195	18426
L25_V062	196	18450
L25_V062	197	18469
L25_V062	198	18600
L25_V062	199	18607
L25_V062	200	18649
L25_V062	201	18680
L25_V062	202	18702
L25_V062	203	18728
L25_V062	204	18750
L25_V062	205	18873
L25_V062	206	18900
L25_V062	207	18925
L25_V062	208	18973
L25_V062	209	18992
L25_V062	210	19023
L25_V062	211	19026
L25_V062	212	19050
L25_V062	213	19081
L25_V062	214	19167
L25_V062	215	19175
L25_V062	216	19176
L25_V062	217	19200
L25_V062	218	19228
L25_V062	219	19350
L25_V062	220	19374
L25_V062	221	19404
L25_V062	222	19429
L25_V062	223	19470
L25_V062	224	19500
L25_V062	225	19650
L25_V062	226	19663
L25_V062	227	19706
L25_V062	228	19747
L25_V062	229	19800
L25_V062	230	19858
L25_V062	231	19925
L25_V062	232	19942
L25_V062	233	19950
L25_V062	234	19969
L25_V062	235	20100
L25_V062	236	20210
L25_V062	237	20250
L25_V062	238	20324
L25_V062	239	20400
L25_V062	240	20550
L25_V062	241	20700
L25_V062	242	20850
L25_V062	243	21000
L25_V062	244	21150
L25_V062	245	21300
L25_V062	246	21450
L25_V062	247	21600
L25_V062	248	21750
L25_V062	249	21900
L25_V062	250	22050
L25_V062	251	22200
L25_V062	252	22350
L25_V062	253	22500
L25_V062	254	22650
L25_V062	255	22800
L25_V062	256	22950
L25_V062	257	23100
L25_V062	258	23250
L25_V062	259	23400
L25_V062	260	23550
L25_V062	261	23700
L25_V062	262	23850
L25_V062	263	24000
L25_V062	264	24150
L25_V062	265	24300
L25_V062	266	24450
L25_V062	267	24600
L25_V062	268	24750
L25_V062	269	24900
L25_V062	270	25050
L25_V062	271	25200
L25_V062	272	25350
L25_V062	273	25500
L25_V062	274	25650
L25_V062	275	25800
L25_V062	276	25950
L25_V062	277	26100
L25_V062	278	26250
L25_V062	279	26400
L25_V062	280	26550
L25_V062	281	26700
L25_V062	282	26850
L25_V062	283	27000
L25_V062	284	27150
L25_V062	285	27300
L25_V062	286	27450
L25_V062	287	27600
L25_V062	288	27750
L25_V062	289	27900
L25_V062	290	28050
L25_V062	291	28200
L25_V062	292	28350
L25_V062	293	28500
L25_V062	294	28650
L25_V062	295	28800
L25_V062	296	28950
L25_V062	297	29100
L25_V062	298	29250
L25_V062	299	29400
L25_V062	300	29550
L25_V062	301	29673
L25_V062	302	29674
L25_V062	303	29675
L25_V062	304	29676
L25_V062	305	29677
L25_V062	306	29700
L25_V062	307	29760
L25_V062	308	29833
L25_V062	309	29835
L25_V062	310	29839
L25_V062	311	29850
L25_V062	312	29949
L25_V062	313	29950
L25_V062	314	29951
L25_V062	315	29952
L25_V062	316	29956
L25_V062	317	29958
L25_V062	318	30000
L25_V062	319	30039
L25_V062	320	30077
L25_V062	321	30116
L25_V062	322	30150
L25_V062	323	30152
L25_V062	324	30187
L25_V062	325	30222
L25_V062	326	30289
L25_V062	327	30300
L25_V062	328	30324
L25_V062	329	30432
L25_V062	330	30450
L25_V062	331	30468
L25_V062	332	30519
L25_V062	333	30558
L25_V062	334	30600
L25_V062	335	30601
L25_V062	336	30602
L25_V062	337	30655
L25_V062	338	30685
L25_V062	339	30686
L25_V062	340	30692
L25_V062	341	30693
L25_V062	342	30694
L25_V062	343	30723
L25_V062	344	30750
L25_V062	345	30756
L25_V062	346	30757
L25_V062	347	30764
L25_V062	348	30766
L25_V062	349	30767
L25_V062	350	30795
L25_V062	351	30795
L25_V062	352	30797
L25_V062	353	30808
L25_V062	354	30808
L25_V062	355	30810
L25_V062	356	30811
L25_V062	357	30812
L25_V062	358	30836
L25_V062	359	30900
L25_V062	360	31050
L25_V062	361	31173
L25_V062	362	31200
L25_V062	363	31273
L25_V062	364	31274
L25_V062	365	31275
L25_V062	366	31276
L25_V062	367	31277
L25_V062	368	31277
L25_V062	369	31279
L25_V062	370	31280
L25_V062	371	31281
L25_V062	372	31282
L25_V062	373	31283
L25_V065	1	0
L25_V065	2	67
L25_V065	3	150
L25_V065	4	300
L25_V065	5	450
L25_V065	6	600
L25_V065	7	750
L25_V065	8	900
L25_V065	9	1050
L25_V065	10	1200
L25_V065	11	1350
L25_V065	12	1500
L25_V065	13	1650
L25_V065	14	1800
L25_V065	15	1950
L25_V065	16	2100
L25_V065	17	2250
L25_V065	18	2400
L25_V065	19	2550
L25_V065	20	2636
L25_V065	21	2638
L25_V065	22	2664
L25_V065	23	2665
L25_V065	24	2696
L25_V065	25	2700
L25_V065	26	2741
L25_V065	27	2759
L25_V065	28	2776
L25_V065	29	2794
L25_V065	30	2818
L25_V065	31	2836
L25_V065	32	2837
L25_V065	33	2839
L25_V065	34	2850
L25_V065	35	2864
L25_V065	36	2899
L25_V065	37	2928
L25_V065	38	2956
L25_V065	39	2993
L25_V065	40	3000
L25_V065	41	3026
L25_V065	42	3057
L25_V065	43	3091
L25_V065	44	3092
L25_V065	45	3132
L25_V065	46	3150
L25_V065	47	3167
L25_V065	48	3171
L25_V065	49	3201
L25_V065	50	3232
L25_V065	51	3233
L25_V065	52	3264
L25_V065	53	3300
L25_V065	54	3301
L25_V065	55	3339
L25_V065	56	3343
L25_V065	57	3344
L25_V065	58	3389
L25_V065	59	3450
L25_V065	60	3477
L25_V065	61	3532
L25_V065	62	3590
L25_V065	63	3600
L25_V065	64	3618
L25_V065	65	3643
L25_V065	66	3686
L25_V065	67	3715
L25_V065	68	3715
L25_V065	69	3722
L25_V065	70	3725
L25_V065	71	3726
L25_V065	72	3727
L25_V065	73	3729
L25_V065	74	3731
L25_V065	75	3732
L25_V065	76	3734
L25_V065	77	3745
L25_V065	78	3746
L25_V065	79	3750
L25_V065	80	3777
L25_V065	81	3808
L25_V065	82	3846
L25_V065	83	3879
L25_V065	84	3900
L25_V065	85	3919
L25_V065	86	3950
L25_V065	87	3977
L25_V065	88	4014
L25_V065	89	4045
L25_V065	90	4050
L25_V065	91	4135
L25_V065	92	4200
L25_V065	93	4350
L25_V065	94	4500
L25_V065	95	4650
L25_V065	96	4800
L25_V065	97	4950
L25_V065	98	5100
L25_V065	99	5250
L25_V065	100	5400
L25_V065	101	5550
L25_V065	102	5700
L25_V065	103	5850
L25_V065	104	6000
L25_V065	105	6150
L25_V065	106	6300
L25_V065	107	6450
L25_V065	108	6600
L25_V065	109	6750
L25_V065	110	6900
L25_V065	111	7050
L25_V065	112	7200
L25_V065	113	7350
L25_V065	114	7500
L25_V065	115	7650
L25_V065	116	7800
L25_V065	117	7950
L25_V065	118	8100
L25_V065	119	8250
L25_V065	120	8400
L25_V065	121	8550
L25_V065	122	8700
L25_V065	123	8850
L25_V065	124	9000
L25_V065	125	9150
L25_V065	126	9300
L25_V065	127	9450
L25_V065	128	9600
L25_V065	129	9750
L25_V065	130	9900
L25_V065	131	10050
L25_V065	132	10200
L25_V065	133	10350
L25_V065	134	10500
L25_V065	135	10650
L25_V065	136	10800
L25_V065	137	10950
L25_V065	138	11100
L25_V065	139	11250
L25_V065	140	11400
L25_V065	141	11550
L25_V065	142	11700
L25_V065	143	11850
L25_V065	144	12000
L25_V065	145	12150
L25_V065	146	12300
L25_V065	147	12450
L25_V065	148	12600
L25_V065	149	12750
L25_V065	150	12900
L25_V065	151	13050
L25_V065	152	13200
L25_V065	153	13308
L25_V065	154	13350
L25_V065	155	13477
L25_V065	156	13500
L25_V065	157	13519
L25_V065	158	13562
L25_V065	159	13650
L25_V065	160	13700
L25_V065	161	13741
L25_V065	162	13772
L25_V065	163	13794
L25_V065	164	13800
L25_V065	165	13821
L25_V065	166	13838
L25_V065	167	13841
L25_V065	168	13950
L25_V065	169	13966
L25_V065	170	14018
L25_V065	171	14066
L25_V065	172	14085
L25_V065	173	14100
L25_V065	174	14119
L25_V065	175	14174
L25_V065	176	14250
L25_V065	177	14266
L25_V065	178	14268
L25_V065	179	14269
L25_V065	180	14269
L25_V065	181	14321
L25_V065	182	14400
L25_V065	183	14466
L25_V065	184	14497
L25_V065	185	14522
L25_V065	186	14550
L25_V065	187	14700
L25_V065	188	14799
L25_V065	189	14840
L25_V065	190	14850
L25_V065	191	14951
L25_V065	192	15000
L25_V065	193	15018
L25_V065	194	15035
L25_V065	195	15062
L25_V065	196	15150
L25_V065	197	15300
L25_V065	198	15303
L25_V065	199	15416
L25_V065	200	15450
L25_V065	201	15600
L25_V065	202	15750
L25_V065	203	15900
L25_V065	204	16050
L25_V065	205	16200
L25_V065	206	16350
L25_V065	207	16500
L25_V065	208	16650
L25_V065	209	16800
L25_V065	210	16950
L25_V065	211	17100
L25_V065	212	17250
L25_V065	213	17400
L25_V065	214	17550
L25_V065	215	17700
L25_V065	216	17850
L25_V065	217	18000
L25_V065	218	18150
L25_V065	219	18300
L25_V065	220	18450
L25_V065	221	18600
L25_V065	222	18750
L25_V065	223	18900
L25_V065	224	19050
L25_V065	225	19200
L25_V065	226	19350
L25_V065	227	19500
L25_V065	228	19650
L25_V065	229	19800
L25_V065	230	19950
L25_V065	231	20100
L25_V065	232	20250
L25_V065	233	20400
L25_V065	234	20550
L25_V065	235	20700
L25_V065	236	20850
L25_V065	237	21000
L25_V065	238	21150
L25_V065	239	21300
L25_V065	240	21450
L25_V065	241	21600
L25_V065	242	21750
L25_V065	243	21900
L25_V065	244	22050
L25_V065	245	22200
L25_V065	246	22350
L25_V065	247	22500
L25_V065	248	22650
L25_V065	249	22800
L25_V065	250	22950
L25_V065	251	23100
L25_V065	252	23250
L25_V065	253	23400
L25_V065	254	23550
L25_V065	255	23700
L25_V065	256	23850
L25_V065	257	24000
L25_V065	258	24150
L25_V065	259	24300
L25_V065	260	24450
L25_V065	261	24600
L25_V065	262	24750
L25_V065	263	24900
L25_V065	264	25050
L25_V065	265	25200
L25_V065	266	25350
L25_V065	267	25500
L25_V065	268	25650
L25_V065	269	25800
L25_V065	270	25950
L25_V065	271	26100
L25_V065	272	26250
L25_V065	273	26400
L25_V065	274	26550
L25_V065	275	26700
L25_V065	276	26850
L25_V065	277	27000
L25_V065	278	27008
L25_V065	279	27010
L25_V065	280	27011
L25_V065	281	27012
L25_V065	282	27013
L25_V065	283	27014
L25_V065	284	27095
L25_V065	285	27150
L25_V065	286	27166
L25_V065	287	27168
L25_V065	288	27169
L25_V065	289	27170
L25_V065	290	27172
L25_V065	291	27175
L25_V065	292	27177
L25_V065	293	27285
L25_V065	294	27286
L25_V065	295	27287
L25_V065	296	27288
L25_V065	297	27300
L25_V065	298	27326
L25_V065	299	27327
L25_V065	300	27327
L25_V065	301	27329
L25_V065	302	27330
L25_V065	303	27331
L25_V065	304	27332
L25_V065	305	27375
L25_V065	306	27414
L25_V065	307	27450
L25_V065	308	27452
L25_V065	309	27488
L25_V065	310	27523
L25_V065	311	27558
L25_V065	312	27600
L25_V065	313	27626
L25_V065	314	27660
L25_V065	315	27720
L25_V065	316	27722
L25_V065	317	27723
L25_V065	318	27724
L25_V065	319	27750
L25_V065	320	27768
L25_V065	321	27804
L25_V065	322	27855
L25_V065	323	27895
L25_V065	324	27900
L25_V065	325	27937
L25_V065	326	27938
L25_V065	327	27989
L25_V065	328	27991
L25_V065	329	28020
L25_V065	330	28022
L25_V065	331	28027
L25_V065	332	28029
L25_V065	333	28030
L25_V065	334	28050
L25_V065	335	28058
L25_V065	336	28092
L25_V065	337	28093
L25_V065	338	28102
L25_V065	339	28133
L25_V065	340	28133
L25_V065	341	28172
L25_V065	342	28200
L25_V065	343	28350
L25_V065	344	28500
L25_V065	345	28508
L25_V065	346	28608
L25_V065	347	28610
L25_V065	348	28611
L25_V065	349	28612
L25_V065	350	28613
L25_V065	351	28614
L25_V065	352	28614
L25_V065	353	28616
L25_V065	354	28617
L25_V065	355	28618
L25_V065	356	28619
L25_V071	1	0
L25_V071	2	67
L25_V071	3	150
L25_V071	4	300
L25_V071	5	450
L25_V071	6	600
L25_V071	7	750
L25_V071	8	900
L25_V071	9	1050
L25_V071	10	1200
L25_V071	11	1350
L25_V071	12	1500
L25_V071	13	1650
L25_V071	14	1800
L25_V071	15	1950
L25_V071	16	2100
L25_V071	17	2250
L25_V071	18	2400
L25_V071	19	2550
L25_V071	20	2700
L25_V071	21	2850
L25_V071	22	3000
L25_V071	23	3150
L25_V071	24	3300
L25_V071	25	3450
L25_V071	26	3600
L25_V071	27	3750
L25_V071	28	3900
L25_V071	29	4050
L25_V071	30	4200
L25_V071	31	4350
L25_V071	32	4500
L25_V071	33	4650
L25_V071	34	4800
L25_V071	35	4950
L25_V071	36	5100
L25_V071	37	5250
L25_V071	38	5400
L25_V071	39	5550
L25_V071	40	5700
L25_V071	41	5758
L25_V071	42	5759
L25_V071	43	5760
L25_V071	44	5761
L25_V071	45	5762
L25_V071	46	5845
L25_V071	47	5850
L25_V071	48	5919
L25_V071	49	5920
L25_V071	50	5923
L25_V071	51	5925
L25_V071	52	6000
L25_V071	53	6034
L25_V071	54	6035
L25_V071	55	6036
L25_V071	56	6037
L25_V071	57	6040
L25_V071	58	6042
L25_V071	59	6044
L25_V071	60	6124
L25_V071	61	6150
L25_V071	62	6163
L25_V071	63	6201
L25_V071	64	6237
L25_V071	65	6272
L25_V071	66	6300
L25_V071	67	6307
L25_V071	68	6375
L25_V071	69	6409
L25_V071	70	6450
L25_V071	71	6517
L25_V071	72	6553
L25_V071	73	6600
L25_V071	74	6604
L25_V071	75	6644
L25_V071	76	6686
L25_V071	77	6687
L25_V071	78	6740
L25_V071	79	6750
L25_V071	80	6770
L25_V071	81	6770
L25_V071	82	6777
L25_V071	83	6778
L25_V071	84	6779
L25_V071	85	6808
L25_V071	86	6841
L25_V071	87	6842
L25_V071	88	6850
L25_V071	89	6851
L25_V071	90	6852
L25_V071	91	6879
L25_V071	92	6880
L25_V071	93	6881
L25_V071	94	6881
L25_V071	95	6893
L25_V071	96	6894
L25_V071	97	6895
L25_V071	98	6895
L25_V071	99	6897
L25_V071	100	6900
L25_V071	101	6920
L25_V071	102	7050
L25_V071	103	7200
L25_V071	104	7258
L25_V071	105	7350
L25_V071	106	7500
L25_V071	107	7650
L25_V071	108	7800
L25_V071	109	7950
L25_V071	110	8100
L25_V071	111	8250
L25_V071	112	8400
L25_V071	113	8550
L25_V071	114	8700
L25_V071	115	8850
L25_V071	116	9000
L25_V071	117	9150
L25_V071	118	9300
L25_V071	119	9450
L25_V071	120	9600
L25_V071	121	9750
L25_V071	122	9900
L25_V071	123	10050
L25_V071	124	10200
L25_V071	125	10350
L25_V071	126	10500
L25_V071	127	10650
L25_V071	128	10800
L25_V071	129	10950
L25_V071	130	11100
L25_V071	131	11250
L25_V071	132	11400
L25_V071	133	11550
L25_V071	134	11700
L25_V071	135	11850
L25_V071	136	12000
L25_V071	137	12150
L25_V071	138	12300
L25_V071	139	12450
L25_V071	140	12600
L25_V071	141	12750
L25_V071	142	12900
L25_V071	143	13050
L25_V071	144	13200
L25_V071	145	13350
L25_V071	146	13500
L25_V071	147	13650
L25_V071	148	13800
L25_V071	149	13950
L25_V071	150	14100
L25_V071	151	14250
L25_V071	152	14400
L25_V071	153	14441
L25_V071	154	14550
L25_V071	155	14611
L25_V071	156	14653
L25_V071	157	14696
L25_V071	158	14700
L25_V071	159	14834
L25_V071	160	14850
L25_V071	161	14876
L25_V071	162	14907
L25_V071	163	14929
L25_V071	164	14955
L25_V071	165	15000
L25_V071	166	15100
L25_V071	167	15150
L25_V071	168	15152
L25_V071	169	15200
L25_V071	170	15219
L25_V071	171	15250
L25_V071	172	15253
L25_V071	173	15300
L25_V071	174	15308
L25_V071	175	15394
L25_V071	176	15402
L25_V071	177	15403
L25_V071	178	15404
L25_V071	179	15450
L25_V071	180	15455
L25_V071	181	15554
L25_V071	182	15600
L25_V071	183	15601
L25_V071	184	15631
L25_V071	185	15656
L25_V071	186	15697
L25_V071	187	15750
L25_V071	188	15891
L25_V071	189	15900
L25_V071	190	15933
L25_V071	191	15974
L25_V071	192	16050
L25_V071	193	16085
L25_V071	194	16152
L25_V071	195	16169
L25_V071	196	16196
L25_V071	197	16200
L25_V071	198	16350
L25_V071	199	16437
L25_V071	200	16500
L25_V071	201	16551
L25_V071	202	16650
L25_V071	203	16800
L25_V071	204	16950
L25_V071	205	17100
L25_V071	206	17250
L25_V071	207	17400
L25_V071	208	17550
L25_V071	209	17700
L25_V071	210	17850
L25_V071	211	18000
L25_V071	212	18150
L25_V071	213	18300
L25_V071	214	18450
L25_V071	215	18600
L25_V071	216	18750
L25_V071	217	18900
L25_V071	218	19050
L25_V071	219	19200
L25_V071	220	19350
L25_V071	221	19500
L25_V071	222	19650
L25_V071	223	19800
L25_V071	224	19950
L25_V071	225	20100
L25_V071	226	20250
L25_V071	227	20400
L25_V071	228	20550
L25_V071	229	20700
L25_V071	230	20850
L25_V071	231	21000
L25_V071	232	21150
L25_V071	233	21300
L25_V071	234	21450
L25_V071	235	21600
L25_V071	236	21750
L25_V071	237	21900
L25_V071	238	22050
L25_V071	239	22200
L25_V071	240	22350
L25_V071	241	22500
L25_V071	242	22650
L25_V071	243	22800
L25_V071	244	22950
L25_V071	245	23090
L25_V071	246	23092
L25_V071	247	23100
L25_V071	248	23118
L25_V071	249	23119
L25_V071	250	23150
L25_V071	251	23195
L25_V071	252	23213
L25_V071	253	23230
L25_V071	254	23250
L25_V071	255	23272
L25_V071	256	23290
L25_V071	257	23291
L25_V071	258	23293
L25_V071	259	23295
L25_V071	260	23318
L25_V071	261	23319
L25_V071	262	23353
L25_V071	263	23382
L25_V071	264	23400
L25_V071	265	23410
L25_V071	266	23411
L25_V071	267	23447
L25_V071	268	23480
L25_V071	269	23481
L25_V071	270	23511
L25_V071	271	23545
L25_V071	272	23546
L25_V071	273	23550
L25_V071	274	23586
L25_V071	275	23587
L25_V071	276	23604
L25_V071	277	23621
L25_V071	278	23625
L25_V071	279	23626
L25_V071	280	23627
L25_V071	281	23655
L25_V071	282	23686
L25_V071	283	23687
L25_V071	284	23700
L25_V071	285	23718
L25_V071	286	23755
L25_V071	287	23793
L25_V071	288	23798
L25_V071	289	23842
L25_V071	290	23843
L25_V071	291	23844
L25_V071	292	23850
L25_V071	293	23931
L25_V071	294	23986
L25_V071	295	24000
L25_V071	296	24045
L25_V071	297	24072
L25_V071	298	24097
L25_V071	299	24140
L25_V071	300	24150
L25_V071	301	24169
L25_V071	302	24170
L25_V071	303	24176
L25_V071	304	24179
L25_V071	305	24180
L25_V071	306	24181
L25_V071	307	24185
L25_V071	308	24186
L25_V071	309	24188
L25_V071	310	24199
L25_V071	311	24200
L25_V071	312	24231
L25_V071	313	24262
L25_V071	314	24300
L25_V071	315	24334
L25_V071	316	24373
L25_V071	317	24404
L25_V071	318	24431
L25_V071	319	24432
L25_V071	320	24450
L25_V071	321	24468
L25_V071	322	24499
L25_V071	323	24589
L25_V071	324	24600
L25_V071	325	24689
L25_V071	326	24690
L25_V071	327	24691
L25_V071	328	24692
L25_V071	329	24693
L25_V071	330	24694
L25_V071	331	24695
L25_V071	332	24696
L25_V071	333	24697
L25_V071	334	24698
L25_V071	335	24699
L25_V074	1	0
L25_V074	2	79
L25_V074	3	170
L25_V074	4	228
L25_V074	5	320
L25_V074	6	470
L25_V074	7	620
L25_V074	8	770
L25_V074	9	920
L25_V074	10	1094
L25_V074	11	1097
L25_V074	12	1198
L25_V074	13	1199
L25_V074	14	1260
L25_V074	15	1285
L25_V074	16	1287
L25_V074	17	1288
L25_V074	18	1289
L25_V074	19	1294
L25_V074	20	1410
L25_V074	21	1426
L25_V074	22	1428
L25_V074	23	1434
L25_V074	24	1435
L25_V074	25	1533
L25_V074	26	1582
L25_V074	27	1625
L25_V074	28	1668
L25_V074	29	1710
L25_V074	30	1733
L25_V074	31	1752
L25_V074	32	1834
L25_V074	33	1874
L25_V074	34	1875
L25_V074	35	1907
L25_V074	36	2004
L25_V074	37	2047
L25_V074	38	2079
L25_V074	39	2108
L25_V074	40	2156
L25_V074	41	2208
L25_V074	42	2240
L25_V074	43	2268
L25_V074	44	2269
L25_V074	45	2307
L25_V074	46	2308
L25_V074	47	2309
L25_V074	48	2316
L25_V074	49	2317
L25_V074	50	2318
L25_V074	51	2353
L25_V074	52	2392
L25_V074	53	2393
L25_V074	54	2402
L25_V074	55	2403
L25_V074	56	2404
L25_V074	57	2405
L25_V074	58	2441
L25_V074	59	2442
L25_V074	60	2456
L25_V074	61	2459
L25_V074	62	2488
L25_V074	63	2580
L25_V074	64	2730
L25_V074	65	2894
L25_V074	66	3045
L25_V074	67	3195
L25_V074	68	3308
L25_V074	69	3370
L25_V074	70	3520
L25_V074	71	3670
L25_V074	72	3820
L25_V074	73	3970
L25_V074	74	4120
L25_V074	75	4270
L25_V074	76	4420
L25_V074	77	4570
L25_V074	78	4720
L25_V074	79	4870
L25_V074	80	5020
L25_V074	81	5170
L25_V074	82	5320
L25_V074	83	5470
L25_V074	84	5620
L25_V074	85	5770
L25_V074	86	5920
L25_V074	87	6070
L25_V074	88	6220
L25_V074	89	6370
L25_V074	90	6520
L25_V074	91	6670
L25_V074	92	6703
L25_V074	93	6825
L25_V074	94	6975
L25_V074	95	7079
L25_V074	96	7142
L25_V074	97	7292
L25_V074	98	7403
L25_V074	99	7466
L25_V074	100	7616
L25_V074	101	7766
L25_V074	102	7916
L25_V074	103	8066
L25_V074	104	8216
L25_V074	105	8366
L25_V074	106	8516
L25_V074	107	8688
L25_V074	108	8838
L25_V074	109	8988
L25_V074	110	9138
L25_V074	111	9288
L25_V074	112	9438
L25_V074	113	9588
L25_V074	114	9738
L25_V074	115	9888
L25_V074	116	10038
L25_V074	117	10188
L25_V074	118	10338
L25_V074	119	10488
L25_V074	120	10638
L25_V074	121	10788
L25_V074	122	10938
L25_V074	123	11088
L25_V074	124	11238
L25_V074	125	11388
L25_V074	126	11538
L25_V074	127	11688
L25_V074	128	11857
L25_V074	129	12007
L25_V074	130	12102
L25_V074	131	12165
L25_V074	132	12315
L25_V074	133	12484
L25_V074	134	12634
L25_V074	135	12784
L25_V074	136	12934
L25_V074	137	13084
L25_V074	138	13234
L25_V074	139	13384
L25_V074	140	13534
L25_V074	141	13684
L25_V074	142	13862
L25_V074	143	14012
L25_V074	144	14162
L25_V074	145	14312
L25_V074	146	14462
L25_V074	147	14612
L25_V074	148	14762
L25_V074	149	14912
L25_V074	150	15062
L25_V074	151	15212
L25_V074	152	15362
L25_V074	153	15512
L25_V074	154	15662
L25_V074	155	15812
L25_V074	156	15962
L25_V074	157	16112
L25_V074	158	16262
L25_V074	159	16417
L25_V074	160	16576
L25_V074	161	16726
L25_V074	162	16877
L25_V074	163	17027
L25_V074	164	17177
L25_V074	165	17327
L25_V074	166	17477
L25_V074	167	17627
L25_V074	168	17777
L25_V074	169	17927
L25_V074	170	18077
L25_V074	171	18227
L25_V074	172	18377
L25_V074	173	18527
L25_V074	174	18677
L25_V074	175	18827
L25_V074	176	18977
L25_V074	177	19127
L25_V074	178	19277
L25_V074	179	19427
L25_V074	180	19577
L25_V074	181	19727
L25_V074	182	19877
L25_V074	183	20027
L25_V074	184	20198
L25_V074	185	20348
L25_V074	186	20498
L25_V074	187	20648
L25_V074	188	20798
L25_V074	189	20948
L25_V074	190	21098
L25_V074	191	21248
L25_V074	192	21398
L25_V074	193	21548
L25_V074	194	21698
L25_V074	195	21848
L25_V074	196	21998
L25_V074	197	22148
L25_V074	198	22298
L25_V074	199	22448
L25_V074	200	22598
L25_V074	201	22748
L25_V074	202	22898
L25_V074	203	23048
L25_V074	204	23198
L25_V074	205	23348
L25_V074	206	23498
L25_V074	207	23648
L25_V074	208	23798
L25_V074	209	23948
L25_V074	210	24098
L25_V074	211	24248
L25_V074	212	24398
L25_V074	213	24548
L25_V074	214	24698
L25_V074	215	24848
L25_V074	216	24998
L25_V074	217	25148
L25_V074	218	25298
L25_V074	219	25389
L25_V074	220	25452
L25_V074	221	25592
L25_V074	222	25617
L25_V074	223	25642
L25_V074	224	25694
L25_V074	225	25786
L25_V074	226	25859
L25_V074	227	25909
L25_V074	228	25947
L25_V074	229	25972
L25_V074	230	26004
L25_V074	231	26124
L25_V074	232	26177
L25_V074	233	26178
L25_V074	234	26240
L25_V074	235	26298
L25_V074	236	26320
L25_V074	237	26361
L25_V074	238	26427
L25_V074	239	26459
L25_V074	240	26531
L25_V074	241	26539
L25_V074	242	26540
L25_V074	243	26541
L25_V074	244	26603
L25_V074	245	26635
L25_V074	246	26778
L25_V074	247	26798
L25_V074	248	26814
L25_V074	249	26844
L25_V074	250	26966
L25_V074	251	27116
L25_V074	252	27176
L25_V074	253	27225
L25_V074	254	27287
L25_V074	255	27358
L25_V074	256	27440
L25_V074	257	27459
L25_V074	258	27491
L25_V074	259	27613
L25_V074	260	27780
L25_V074	261	27789
L25_V074	262	27917
L25_V074	263	27949
L25_V074	264	28099
L25_V074	265	28249
L25_V074	266	28399
L25_V074	267	28549
L25_V074	268	28699
L25_V074	269	28849
L25_V074	270	28999
L25_V074	271	29110
L25_V074	272	29172
L25_V074	273	29322
L25_V074	274	29472
L25_V074	275	29622
L25_V074	276	29772
L25_V074	277	29922
L25_V074	278	30073
L25_V074	279	30222
L25_V074	280	30373
L25_V074	281	30522
L25_V074	282	30673
L25_V074	283	30822
L25_V074	284	30973
L25_V074	285	31122
L25_V074	286	31152
L25_V074	287	31273
L25_V074	288	31423
L25_V074	289	31573
L25_V074	290	31723
L25_V074	291	31873
L25_V074	292	32025
L25_V074	293	32176
L25_V074	294	32325
L25_V074	295	32476
L25_V074	296	32625
L25_V074	297	32776
L25_V074	298	32925
L25_V074	299	33076
L25_V074	300	33225
L25_V074	301	33376
L25_V074	302	33525
L25_V074	303	33676
L25_V074	304	33825
L25_V074	305	33976
L25_V074	306	34125
L25_V074	307	34276
L25_V074	308	34425
L25_V074	309	34574
L25_V074	310	34725
L25_V074	311	34874
L25_V074	312	35025
L25_V074	313	35153
L25_V074	314	35188
L25_V074	315	35338
L25_V074	316	35488
L25_V074	317	35601
L25_V074	318	35664
L25_V074	319	35813
L25_V074	320	35964
L25_V074	321	36113
L25_V074	322	36263
L25_V074	323	36413
L25_V074	324	36563
L25_V074	325	36713
L25_V074	326	36863
L25_V074	327	37013
L25_V074	328	37163
L25_V074	329	37313
L25_V074	330	37463
L25_V074	331	37613
L25_V074	332	37763
L25_V074	333	37913
L25_V074	334	38063
L25_V074	335	38099
L25_V074	336	38221
L25_V074	337	38370
L25_V074	338	38521
L25_V074	339	38670
L25_V074	340	38821
L25_V074	341	38937
L25_V074	342	38969
L25_V074	343	39119
L25_V074	344	39269
L25_V074	345	39419
L25_V074	346	39569
L25_V074	347	39719
L25_V074	348	39869
L25_V074	349	40019
L25_V074	350	40169
L25_V074	351	40319
L25_V074	352	40469
L25_V074	353	40631
L25_V074	354	40781
L25_V074	355	40931
L25_V074	356	41081
L25_V074	357	41231
L25_V074	358	41381
L25_V074	359	41531
L25_V074	360	41681
L25_V074	361	41831
L25_V074	362	41981
L25_V074	363	42131
L25_V074	364	42281
L25_V074	365	42431
L25_V074	366	42581
L25_V074	367	42731
L25_V074	368	42881
L25_V074	369	43031
L25_V074	370	43181
L25_V074	371	43356
L25_V074	372	43505
L25_V074	373	43656
L25_V074	374	43716
L25_V074	375	43808
L25_V074	376	43957
L25_V074	377	44108
L25_V074	378	44203
L25_V074	379	44265
L25_V074	380	44414
L25_V074	381	44565
L25_V074	382	44714
L25_V074	383	44865
L25_V074	384	45014
L25_V074	385	45165
L25_V074	386	45314
L25_V074	387	45465
L25_V074	388	45614
L25_V074	389	45765
L25_V074	390	45914
L25_V074	391	46065
L25_V074	392	46214
L25_V074	393	46365
L25_V074	394	46514
L25_V074	395	46665
L25_V074	396	46814
L25_V074	397	46965
L25_V074	398	47114
L25_V074	399	47260
L25_V074	400	47292
L25_V074	401	47442
L25_V074	402	47577
L25_V074	403	47610
L25_V074	404	47759
L25_V074	405	47910
L25_V074	406	48059
L25_V074	407	48097
L25_V074	408	48219
L25_V074	409	48368
L25_V074	410	48519
L25_V074	411	48668
L25_V074	412	48819
L25_V074	413	48968
L25_V074	414	49119
L25_V074	415	49268
L25_V074	416	49419
L25_V074	417	49568
L25_V074	418	49719
L25_V074	419	49868
L25_V074	420	50019
L25_V074	421	50168
L25_V074	422	50319
L25_V074	423	50468
L25_V074	424	50619
L25_V074	425	50768
L25_V074	426	50919
L25_V074	427	51079
L25_V074	428	51229
L25_V074	429	51379
L25_V074	430	51529
L25_V074	431	51679
L25_V074	432	51829
L25_V074	433	51979
L25_V074	434	52129
L25_V074	435	52301
L25_V074	436	52306
L25_V074	437	52309
L25_V074	438	52340
L25_V074	439	52378
L25_V074	440	52432
L25_V074	441	52455
L25_V074	442	52475
L25_V074	443	52496
L25_V074	444	52524
L25_V074	445	52547
L25_V074	446	52549
L25_V074	447	52552
L25_V074	448	52580
L25_V074	449	52624
L25_V074	450	52656
L25_V074	451	52690
L25_V074	452	52734
L25_V074	453	52776
L25_V074	454	52811
L25_V074	455	52852
L25_V074	456	52901
L25_V074	457	52922
L25_V074	458	52943
L25_V074	459	52947
L25_V074	460	52948
L25_V074	461	52950
L25_V074	462	52954
L25_V074	463	52983
L25_V074	464	53022
L25_V074	465	53060
L25_V074	466	53105
L25_V074	467	53149
L25_V074	468	53209
L25_V074	469	53210
L25_V074	470	53271
L25_V074	471	53314
L25_V074	472	53381
L25_V074	473	53432
L25_V074	474	53452
L25_V074	475	53483
L25_V074	476	53513
L25_V074	477	53565
L25_V074	478	53584
L25_V074	479	53601
L25_V074	480	53608
L25_V074	481	53613
L25_V074	482	53619
L25_V074	483	53622
L25_V074	484	53637
L25_V074	485	53675
L25_V074	486	53711
L25_V074	487	53735
L25_V074	488	53756
L25_V074	489	53797
L25_V074	490	53845
L25_V074	491	53883
L25_V074	492	53914
L25_V074	493	53958
L25_V074	494	53996
L25_V074	495	54058
L25_V074	496	54104
L25_V074	497	54226
L25_V074	498	54376
L25_V074	499	54526
L25_V074	500	54575
L25_V074	501	54697
L25_V074	502	54847
L25_V074	503	54997
L25_V074	504	55147
L25_V074	505	55297
L25_V074	506	55451
L25_V074	507	55600
L25_V074	508	55751
L25_V074	509	55900
L25_V074	510	56051
L25_V074	511	56209
L25_V074	512	56360
L25_V074	513	56509
L25_V074	514	56660
L25_V074	515	56726
L25_V074	516	56818
L25_V074	517	56969
L25_V074	518	57118
L25_V074	519	57269
L25_V074	520	57355
L25_V074	521	57355
L25_V074	522	57356
L25_V074	523	57475
L25_V074	524	57477
L25_V074	525	57477
L25_V074	526	57478
L25_V074	527	57480
L25_V074	528	57480
L25_V074	529	57481
L25_V074	530	57483
L25_V074	531	57483
L25_V074	532	57484
L25_V074	533	57486
L25_V074	534	57486
L25_V074	535	57487
L25_V075	1	0
L25_V075	2	67
L25_V075	3	150
L25_V075	4	300
L25_V075	5	450
L25_V075	6	600
L25_V075	7	750
L25_V075	8	900
L25_V075	9	1050
L25_V075	10	1200
L25_V075	11	1350
L25_V075	12	1500
L25_V075	13	1650
L25_V075	14	1800
L25_V075	15	1950
L25_V075	16	2100
L25_V075	17	2250
L25_V075	18	2400
L25_V075	19	2550
L25_V075	20	2700
L25_V075	21	2850
L25_V075	22	3000
L25_V075	23	3150
L25_V075	24	3300
L25_V075	25	3450
L25_V075	26	3600
L25_V075	27	3750
L25_V075	28	3900
L25_V075	29	4050
L25_V075	30	4200
L25_V075	31	4350
L25_V075	32	4500
L25_V075	33	4650
L25_V075	34	4800
L25_V075	35	4950
L25_V075	36	5100
L25_V075	37	5250
L25_V075	38	5400
L25_V075	39	5550
L25_V075	40	5700
L25_V075	41	5850
L25_V075	42	6000
L25_V075	43	6150
L25_V075	44	6300
L25_V075	45	6450
L25_V075	46	6600
L25_V075	47	6750
L25_V075	48	6900
L25_V075	49	7050
L25_V075	50	7200
L25_V075	51	7350
L25_V075	52	7500
L25_V075	53	7650
L25_V075	54	7800
L25_V075	55	7950
L25_V075	56	8100
L25_V075	57	8250
L25_V075	58	8400
L25_V075	59	8550
L25_V075	60	8700
L25_V075	61	8850
L25_V075	62	9000
L25_V075	63	9150
L25_V075	64	9300
L25_V075	65	9450
L25_V075	66	9600
L25_V075	67	9750
L25_V075	68	9900
L25_V075	69	10050
L25_V075	70	10200
L25_V075	71	10350
L25_V075	72	10500
L25_V075	73	10650
L25_V075	74	10800
L25_V075	75	10950
L25_V075	76	11100
L25_V075	77	11250
L25_V075	78	11400
L25_V075	79	11550
L25_V075	80	11700
L25_V075	81	11850
L25_V075	82	12000
L25_V075	83	12150
L25_V075	84	12300
L25_V075	85	12450
L25_V075	86	12451
L25_V075	87	12452
L25_V075	88	12453
L25_V075	89	12454
L25_V075	90	12537
L25_V075	91	12600
L25_V075	92	12610
L25_V075	93	12612
L25_V075	94	12616
L25_V075	95	12726
L25_V075	96	12727
L25_V075	97	12728
L25_V075	98	12729
L25_V075	99	12733
L25_V075	100	12735
L25_V075	101	12750
L25_V075	102	12816
L25_V075	103	12855
L25_V075	104	12893
L25_V075	105	12900
L25_V075	106	12929
L25_V075	107	12963
L25_V075	108	12999
L25_V075	109	13050
L25_V075	110	13066
L25_V075	111	13101
L25_V075	112	13200
L25_V075	113	13209
L25_V075	114	13244
L25_V075	115	13296
L25_V075	116	13336
L25_V075	117	13350
L25_V075	118	13378
L25_V075	119	13379
L25_V075	120	13432
L25_V075	121	13462
L25_V075	122	13463
L25_V075	123	13469
L25_V075	124	13469
L25_V075	125	13471
L25_V075	126	13500
L25_V075	127	13532
L25_V075	128	13533
L25_V075	129	13534
L25_V075	130	13541
L25_V075	131	13543
L25_V075	132	13544
L25_V075	133	13571
L25_V075	134	13572
L25_V075	135	13572
L25_V075	136	13574
L25_V075	137	13586
L25_V075	138	13587
L25_V075	139	13588
L25_V075	140	13588
L25_V075	141	13613
L25_V075	142	13650
L25_V075	143	13800
L25_V075	144	13950
L25_V075	145	14100
L25_V075	146	14250
L25_V075	147	14400
L25_V075	148	14550
L25_V075	149	14700
L25_V075	150	14850
L25_V075	151	15000
L25_V075	152	15150
L25_V075	153	15300
L25_V075	154	15450
L25_V075	155	15600
L25_V075	156	15750
L25_V075	157	15900
L25_V075	158	16050
L25_V075	159	16200
L25_V075	160	16350
L25_V075	161	16500
L25_V075	162	16650
L25_V075	163	16800
L25_V075	164	16950
L25_V075	165	17100
L25_V075	166	17250
L25_V075	167	17400
L25_V075	168	17550
L25_V075	169	17700
L25_V075	170	17850
L25_V075	171	18000
L25_V075	172	18150
L25_V075	173	18300
L25_V075	174	18450
L25_V075	175	18600
L25_V075	176	18750
L25_V075	177	18900
L25_V075	178	19050
L25_V075	179	19200
L25_V075	180	19350
L25_V075	181	19500
L25_V075	182	19650
L25_V075	183	19800
L25_V075	184	19950
L25_V075	185	20100
L25_V075	186	20250
L25_V075	187	20400
L25_V075	188	20550
L25_V075	189	20700
L25_V075	190	20850
L25_V075	191	21000
L25_V075	192	21150
L25_V075	193	21300
L25_V075	194	21450
L25_V075	195	21600
L25_V075	196	21750
L25_V075	197	21900
L25_V075	198	22050
L25_V075	199	22200
L25_V075	200	22350
L25_V075	201	22500
L25_V075	202	22650
L25_V075	203	22800
L25_V075	204	22950
L25_V075	205	23100
L25_V075	206	23250
L25_V075	207	23400
L25_V075	208	23550
L25_V075	209	23700
L25_V075	210	23850
L25_V075	211	24000
L25_V075	212	24150
L25_V075	213	24300
L25_V075	214	24450
L25_V075	215	24600
L25_V075	216	24750
L25_V075	217	24900
L25_V075	218	25050
L25_V075	219	25200
L25_V075	220	25350
L25_V075	221	25500
L25_V075	222	25650
L25_V075	223	25800
L25_V075	224	25950
L25_V075	225	26100
L25_V075	226	26250
L25_V075	227	26400
L25_V075	228	26550
L25_V075	229	26700
L25_V075	230	26850
L25_V075	231	27000
L25_V075	232	27150
L25_V075	233	27169
L25_V075	234	27211
L25_V075	235	27254
L25_V075	236	27300
L25_V075	237	27392
L25_V075	238	27433
L25_V075	239	27450
L25_V075	240	27464
L25_V075	241	27487
L25_V075	242	27513
L25_V075	243	27600
L25_V075	244	27658
L25_V075	245	27710
L25_V075	246	27750
L25_V075	247	27758
L25_V075	248	27777
L25_V075	249	27808
L25_V075	250	27811
L25_V075	251	27866
L25_V075	252	27900
L25_V075	253	27952
L25_V075	254	27960
L25_V075	255	27961
L25_V075	256	27962
L25_V075	257	28013
L25_V075	258	28050
L25_V075	259	28112
L25_V075	260	28158
L25_V075	261	28189
L25_V075	262	28200
L25_V075	263	28214
L25_V075	264	28255
L25_V075	265	28350
L25_V075	266	28449
L25_V075	267	28491
L25_V075	268	28500
L25_V075	269	28532
L25_V075	270	28643
L25_V075	271	28650
L25_V075	272	28710
L25_V075	273	28727
L25_V075	274	28754
L25_V075	275	28800
L25_V075	276	28950
L25_V075	277	28995
L25_V075	278	29100
L25_V075	279	29108
L25_V075	280	29250
L25_V075	281	29400
L25_V075	282	29550
L25_V075	283	29700
L25_V075	284	29850
L25_V075	285	30000
L25_V075	286	30150
L25_V075	287	30300
L25_V075	288	30450
L25_V075	289	30600
L25_V075	290	30750
L25_V075	291	30900
L25_V075	292	31050
L25_V075	293	31200
L25_V075	294	31350
L25_V075	295	31500
L25_V075	296	31650
L25_V075	297	31800
L25_V075	298	31950
L25_V075	299	32100
L25_V075	300	32250
L25_V075	301	32400
L25_V075	302	32550
L25_V075	303	32700
L25_V075	304	32850
L25_V075	305	33000
L25_V075	306	33150
L25_V075	307	33300
L25_V075	308	33450
L25_V075	309	33600
L25_V075	310	33750
L25_V075	311	33900
L25_V075	312	34050
L25_V075	313	34200
L25_V075	314	34350
L25_V075	315	34500
L25_V075	316	34650
L25_V075	317	34800
L25_V075	318	34950
L25_V075	319	35100
L25_V075	320	35250
L25_V075	321	35400
L25_V075	322	35550
L25_V075	323	35700
L25_V075	324	35850
L25_V075	325	36000
L25_V075	326	36150
L25_V075	327	36300
L25_V075	328	36450
L25_V075	329	36600
L25_V075	330	36750
L25_V075	331	36900
L25_V075	332	37050
L25_V075	333	37200
L25_V075	334	37350
L25_V075	335	37500
L25_V075	336	37650
L25_V075	337	37800
L25_V075	338	37950
L25_V075	339	38100
L25_V075	340	38250
L25_V075	341	38400
L25_V075	342	38550
L25_V075	343	38700
L25_V075	344	38850
L25_V075	345	39000
L25_V075	346	39150
L25_V075	347	39300
L25_V075	348	39450
L25_V075	349	39600
L25_V075	350	39750
L25_V075	351	39900
L25_V075	352	40050
L25_V075	353	40200
L25_V075	354	40350
L25_V075	355	40500
L25_V075	356	40650
L25_V075	357	40800
L25_V075	358	40950
L25_V075	359	41100
L25_V075	360	41250
L25_V075	361	41400
L25_V075	362	41550
L25_V075	363	41700
L25_V075	364	41791
L25_V075	365	41793
L25_V075	366	41819
L25_V075	367	41820
L25_V075	368	41850
L25_V075	369	41851
L25_V075	370	41896
L25_V075	371	41914
L25_V075	372	41931
L25_V075	373	41949
L25_V075	374	41973
L25_V075	375	41991
L25_V075	376	41992
L25_V075	377	41993
L25_V075	378	42000
L25_V075	379	42019
L25_V075	380	42020
L25_V075	381	42054
L25_V075	382	42083
L25_V075	383	42111
L25_V075	384	42112
L25_V075	385	42150
L25_V075	386	42181
L25_V075	387	42182
L25_V075	388	42212
L25_V075	389	42246
L25_V075	390	42247
L25_V075	391	42287
L25_V075	392	42288
L25_V075	393	42300
L25_V075	394	42305
L25_V075	395	42322
L25_V075	396	42326
L25_V075	397	42327
L25_V075	398	42328
L25_V075	399	42356
L25_V075	400	42387
L25_V075	401	42388
L25_V075	402	42419
L25_V075	403	42450
L25_V075	404	42456
L25_V075	405	42494
L25_V075	406	42543
L25_V075	407	42544
L25_V075	408	42545
L25_V075	409	42600
L25_V075	410	42632
L25_V075	411	42687
L25_V075	412	42746
L25_V075	413	42750
L25_V075	414	42773
L25_V075	415	42798
L25_V075	416	42841
L25_V075	417	42870
L25_V075	418	42871
L25_V075	419	42877
L25_V075	420	42880
L25_V075	421	42881
L25_V075	422	42882
L25_V075	423	42885
L25_V075	424	42887
L25_V075	425	42889
L25_V075	426	42900
L25_V075	427	42901
L25_V075	428	42932
L25_V075	429	42963
L25_V075	430	43001
L25_V075	431	43035
L25_V075	432	43050
L25_V075	433	43074
L25_V075	434	43105
L25_V075	435	43132
L25_V075	436	43133
L25_V075	437	43169
L25_V075	438	43200
L25_V075	439	43290
L25_V075	440	43390
L25_V075	441	43391
L25_V075	442	43392
L25_V075	443	43393
L25_V075	444	43394
L25_V075	445	43395
L25_V075	446	43396
L25_V075	447	43397
L25_V075	448	43400
L25_V076	1	0
L25_V076	2	68
L25_V076	3	150
L25_V076	4	297
L25_V076	5	300
L25_V076	6	450
L25_V076	7	600
L25_V076	8	715
L25_V076	9	750
L25_V076	10	864
L25_V076	11	900
L25_V076	12	1050
L25_V076	13	1173
L25_V076	14	1200
L25_V076	15	1266
L25_V076	16	1267
L25_V076	17	1350
L25_V076	18	1353
L25_V076	19	1428
L25_V076	20	1500
L25_V076	21	1542
L25_V076	22	1543
L25_V076	23	1545
L25_V076	24	1632
L25_V076	25	1650
L25_V076	26	1671
L25_V076	27	1709
L25_V076	28	1745
L25_V076	29	1780
L25_V076	30	1800
L25_V076	31	1814
L25_V076	32	1882
L25_V076	33	1917
L25_V076	34	1950
L25_V076	35	2025
L25_V076	36	2061
L25_V076	37	2100
L25_V076	38	2112
L25_V076	39	2152
L25_V076	40	2194
L25_V076	41	2195
L25_V076	42	2250
L25_V076	43	2278
L25_V076	44	2279
L25_V076	45	2285
L25_V076	46	2286
L25_V076	47	2287
L25_V076	48	2316
L25_V076	49	2349
L25_V076	50	2359
L25_V076	51	2360
L25_V076	52	2400
L25_V076	53	2403
L25_V076	54	2404
L25_V076	55	2429
L25_V076	56	2550
L25_V076	57	2700
L25_V076	58	2850
L25_V076	59	3000
L25_V076	60	3150
L25_V076	61	3300
L25_V076	62	3450
L25_V076	63	3600
L25_V076	64	3750
L25_V076	65	3900
L25_V076	66	4050
L25_V076	67	4200
L25_V076	68	4350
L25_V076	69	4500
L25_V076	70	4650
L25_V076	71	4800
L25_V076	72	4950
L25_V076	73	5100
L25_V076	74	5250
L25_V076	75	5400
L25_V076	76	5550
L25_V076	77	5700
L25_V076	78	5850
L25_V076	79	6000
L25_V076	80	6150
L25_V076	81	6300
L25_V076	82	6450
L25_V076	83	6600
L25_V076	84	6750
L25_V076	85	6900
L25_V076	86	7050
L25_V076	87	7200
L25_V076	88	7350
L25_V076	89	7500
L25_V076	90	7650
L25_V076	91	7800
L25_V076	92	7950
L25_V076	93	8100
L25_V076	94	8250
L25_V076	95	8400
L25_V076	96	8550
L25_V076	97	8700
L25_V076	98	8850
L25_V076	99	9000
L25_V076	100	9150
L25_V076	101	9300
L25_V076	102	9450
L25_V076	103	9600
L25_V076	104	9750
L25_V076	105	9900
L25_V076	106	10050
L25_V076	107	10200
L25_V076	108	10350
L25_V076	109	10500
L25_V076	110	10650
L25_V076	111	10800
L25_V076	112	10950
L25_V076	113	11100
L25_V076	114	11250
L25_V076	115	11400
L25_V076	116	11550
L25_V076	117	11700
L25_V076	118	11850
L25_V076	119	12000
L25_V076	120	12150
L25_V076	121	12300
L25_V076	122	12450
L25_V076	123	12600
L25_V076	124	12750
L25_V076	125	12900
L25_V076	126	13050
L25_V076	127	13200
L25_V076	128	13350
L25_V076	129	13500
L25_V076	130	13650
L25_V076	131	13800
L25_V076	132	13950
L25_V076	133	14100
L25_V076	134	14250
L25_V076	135	14400
L25_V076	136	14550
L25_V076	137	14700
L25_V076	138	14850
L25_V076	139	15000
L25_V076	140	15150
L25_V076	141	15300
L25_V076	142	15450
L25_V076	143	15600
L25_V076	144	15750
L25_V076	145	15900
L25_V076	146	16050
L25_V076	147	16200
L25_V076	148	16350
L25_V076	149	16500
L25_V076	150	16650
L25_V076	151	16800
L25_V076	152	16950
L25_V076	153	17100
L25_V076	154	17250
L25_V076	155	17400
L25_V076	156	17550
L25_V076	157	17700
L25_V076	158	17850
L25_V076	159	18000
L25_V076	160	18150
L25_V076	161	18300
L25_V076	162	18450
L25_V076	163	18600
L25_V076	164	18750
L25_V076	165	18900
L25_V076	166	19050
L25_V076	167	19200
L25_V076	168	19350
L25_V076	169	19500
L25_V076	170	19650
L25_V076	171	19800
L25_V076	172	19950
L25_V076	173	20100
L25_V076	174	20250
L25_V076	175	20400
L25_V076	176	20550
L25_V076	177	20700
L25_V076	178	20843
L25_V076	179	20850
L25_V076	180	21000
L25_V076	181	21012
L25_V076	182	21054
L25_V076	183	21097
L25_V076	184	21150
L25_V076	185	21235
L25_V076	186	21277
L25_V076	187	21300
L25_V076	188	21308
L25_V076	189	21330
L25_V076	190	21356
L25_V076	191	21450
L25_V076	192	21501
L25_V076	193	21553
L25_V076	194	21600
L25_V076	195	21601
L25_V076	196	21620
L25_V076	197	21651
L25_V076	198	21654
L25_V076	199	21709
L25_V076	200	21750
L25_V076	201	21795
L25_V076	202	21803
L25_V076	203	21804
L25_V076	204	21856
L25_V076	205	21900
L25_V076	206	22002
L25_V076	207	22032
L25_V076	208	22050
L25_V076	209	22057
L25_V076	210	22098
L25_V076	211	22200
L25_V076	212	22334
L25_V076	213	22350
L25_V076	214	22375
L25_V076	215	22486
L25_V076	216	22500
L25_V076	217	22553
L25_V076	218	22570
L25_V076	219	22597
L25_V076	220	22650
L25_V076	221	22800
L25_V076	222	22838
L25_V076	223	22950
L25_V076	224	22952
L25_V076	225	23100
L25_V076	226	23250
L25_V076	227	23400
L25_V076	228	23550
L25_V076	229	23700
L25_V076	230	23850
L25_V076	231	24000
L25_V076	232	24150
L25_V076	233	24300
L25_V076	234	24450
L25_V076	235	24600
L25_V076	236	24750
L25_V076	237	24900
L25_V076	238	25050
L25_V076	239	25200
L25_V076	240	25350
L25_V076	241	25500
L25_V076	242	25650
L25_V076	243	25800
L25_V076	244	25950
L25_V076	245	26100
L25_V076	246	26250
L25_V076	247	26400
L25_V076	248	26550
L25_V076	249	26700
L25_V076	250	26850
L25_V076	251	27000
L25_V076	252	27150
L25_V076	253	27300
L25_V076	254	27450
L25_V076	255	27600
L25_V076	256	27750
L25_V076	257	27900
L25_V076	258	28050
L25_V076	259	28200
L25_V076	260	28350
L25_V076	261	28500
L25_V076	262	28650
L25_V076	263	28800
L25_V076	264	28950
L25_V076	265	29100
L25_V076	266	29250
L25_V076	267	29400
L25_V076	268	29550
L25_V076	269	29700
L25_V076	270	29850
L25_V076	271	30000
L25_V076	272	30150
L25_V076	273	30300
L25_V076	274	30450
L25_V076	275	30600
L25_V076	276	30750
L25_V076	277	30900
L25_V076	278	31050
L25_V076	279	31200
L25_V076	280	31350
L25_V076	281	31500
L25_V076	282	31650
L25_V076	283	31800
L25_V076	284	31950
L25_V076	285	32100
L25_V076	286	32250
L25_V076	287	32400
L25_V076	288	32550
L25_V076	289	32700
L25_V076	290	32850
L25_V076	291	33000
L25_V076	292	33150
L25_V076	293	33300
L25_V076	294	33450
L25_V076	295	33600
L25_V076	296	33750
L25_V076	297	33900
L25_V076	298	34050
L25_V076	299	34200
L25_V076	300	34350
L25_V076	301	34500
L25_V076	302	34650
L25_V076	303	34800
L25_V076	304	34950
L25_V076	305	35100
L25_V076	306	35250
L25_V076	307	35400
L25_V076	308	35550
L25_V076	309	35700
L25_V076	310	35850
L25_V076	311	36000
L25_V076	312	36150
L25_V076	313	36300
L25_V076	314	36450
L25_V076	315	36600
L25_V076	316	36604
L25_V076	317	36606
L25_V076	318	36632
L25_V076	319	36633
L25_V076	320	36664
L25_V076	321	36709
L25_V076	322	36727
L25_V076	323	36744
L25_V076	324	36750
L25_V076	325	36762
L25_V076	326	36786
L25_V076	327	36804
L25_V076	328	36805
L25_V076	329	36807
L25_V076	330	36808
L25_V076	331	36832
L25_V076	332	36833
L25_V076	333	36867
L25_V076	334	36896
L25_V076	335	36900
L25_V076	336	36924
L25_V076	337	36925
L25_V076	338	36961
L25_V076	339	36994
L25_V076	340	36995
L25_V076	341	37025
L25_V076	342	37050
L25_V076	343	37059
L25_V076	344	37060
L25_V076	345	37100
L25_V076	346	37101
L25_V076	347	37118
L25_V076	348	37135
L25_V076	349	37139
L25_V076	350	37140
L25_V076	351	37141
L25_V076	352	37169
L25_V076	353	37200
L25_V076	354	37201
L25_V076	355	37232
L25_V076	356	37269
L25_V076	357	37307
L25_V076	358	37350
L25_V076	359	37356
L25_V076	360	37357
L25_V076	361	37358
L25_V076	362	37445
L25_V076	363	37500
L25_V076	364	37559
L25_V076	365	37586
L25_V076	366	37611
L25_V076	367	37650
L25_V076	368	37654
L25_V076	369	37683
L25_V076	370	37684
L25_V076	371	37690
L25_V076	372	37694
L25_V076	373	37695
L25_V076	374	37698
L25_V076	375	37700
L25_V076	376	37702
L25_V076	377	37713
L25_V076	378	37714
L25_V076	379	37745
L25_V076	380	37776
L25_V076	381	37800
L25_V076	382	37814
L25_V076	383	37848
L25_V076	384	37887
L25_V076	385	37918
L25_V076	386	37945
L25_V076	387	37946
L25_V076	388	37950
L25_V076	389	37982
L25_V076	390	38013
L25_V076	391	38100
L25_V076	392	38103
L25_V076	393	38203
L25_V076	394	38204
L25_V076	395	38205
L25_V076	396	38206
L25_V076	397	38207
L25_V076	398	38208
L25_V076	399	38209
L25_V076	400	38210
L25_V076	401	38211
L25_V076	402	38212
L25_V076	403	38213
L26_V001	1	0
L26_V001	2	21
L26_V001	3	78
L26_V001	4	83
L26_V001	5	88
L26_V001	6	135
L26_V001	7	165
L26_V001	8	166
L26_V001	9	224
L26_V001	10	270
L26_V001	11	300
L26_V001	12	391
L26_V001	13	405
L26_V001	14	478
L26_V001	15	540
L26_V001	16	575
L26_V001	17	675
L26_V001	18	700
L26_V001	19	810
L26_V001	20	944
L26_V001	21	1046
L26_V001	22	1080
L26_V001	23	1215
L26_V001	24	1350
L26_V001	25	1421
L26_V001	26	1463
L26_V001	27	1485
L26_V001	28	1525
L26_V001	29	1577
L26_V001	30	1620
L26_V001	31	1648
L26_V001	32	1755
L26_V001	33	1869
L26_V001	34	1889
L26_V001	35	1929
L26_V001	36	1963
L26_V001	37	2014
L26_V001	38	2025
L26_V001	39	2071
L26_V001	40	2160
L26_V001	41	2161
L26_V001	42	2283
L26_V001	43	2295
L26_V001	44	2349
L26_V001	45	2430
L26_V001	46	2469
L26_V001	47	2511
L26_V001	48	2540
L26_V001	49	2565
L26_V001	50	2588
L26_V001	51	2631
L26_V001	52	2675
L26_V001	53	2700
L26_V001	54	2716
L26_V001	55	2795
L26_V001	56	2835
L26_V001	57	2854
L26_V001	58	2915
L26_V001	59	2970
L26_V001	60	2973
L26_V001	61	3076
L26_V001	62	3105
L26_V001	63	3143
L26_V001	64	3204
L26_V001	65	3240
L26_V001	66	3304
L26_V001	67	3375
L26_V001	68	3450
L26_V001	69	3510
L26_V001	70	3544
L26_V001	71	3645
L26_V001	72	3747
L26_V001	73	3779
L26_V001	74	3821
L26_V001	75	3915
L26_V001	76	3969
L26_V001	77	4050
L26_V001	78	4069
L26_V001	79	4182
L26_V001	80	4185
L26_V001	81	4255
L26_V001	82	4320
L26_V001	83	4327
L26_V001	84	4408
L26_V001	85	4455
L26_V001	86	4529
L26_V001	87	4590
L26_V001	88	4629
L26_V001	89	4725
L26_V001	90	4769
L26_V001	91	4852
L26_V001	92	4860
L26_V001	93	4995
L26_V001	94	5006
L26_V001	95	5130
L26_V001	96	5199
L26_V001	97	5249
L26_V001	98	5265
L26_V001	99	5323
L26_V001	100	5400
L26_V001	101	5461
L26_V001	102	5513
L26_V001	103	5535
L26_V001	104	5566
L26_V001	105	5670
L26_V001	106	5750
L26_V001	107	5805
L26_V001	108	5863
L26_V001	109	5940
L26_V001	110	5956
L26_V001	111	6075
L26_V001	112	6087
L26_V001	113	6210
L26_V001	114	6248
L26_V001	115	6345
L26_V001	116	6393
L26_V001	117	6480
L26_V001	118	6518
L26_V001	119	6615
L26_V001	120	6750
L26_V001	121	6884
L26_V001	122	7020
L26_V001	123	7077
L26_V001	124	7155
L26_V001	125	7290
L26_V002	1	0
L26_V002	2	21
L26_V002	3	78
L26_V002	4	83
L26_V002	5	88
L26_V002	6	135
L26_V002	7	165
L26_V002	8	166
L26_V002	9	224
L26_V002	10	270
L26_V002	11	300
L26_V002	12	405
L26_V002	13	448
L26_V002	14	535
L26_V002	15	540
L26_V002	16	675
L26_V002	17	810
L26_V002	18	944
L26_V002	19	952
L26_V002	20	1080
L26_V002	21	1182
L26_V002	22	1215
L26_V002	23	1275
L26_V002	24	1350
L26_V002	25	1407
L26_V002	26	1485
L26_V002	27	1500
L26_V002	28	1620
L26_V002	29	1650
L26_V002	30	1747
L26_V002	31	1755
L26_V002	32	1855
L26_V002	33	1889
L26_V002	34	1911
L26_V002	35	1968
L26_V002	36	2025
L26_V002	37	2057
L26_V002	38	2160
L26_V002	39	2185
L26_V002	40	2225
L26_V002	41	2268
L26_V002	42	2295
L26_V002	43	2348
L26_V002	44	2425
L26_V002	45	2430
L26_V002	46	2565
L26_V002	47	2647
L26_V002	48	2700
L26_V002	49	2731
L26_V002	50	2825
L26_V002	51	2835
L26_V002	52	2954
L26_V002	53	2970
L26_V002	54	3053
L26_V002	55	3094
L26_V002	56	3105
L26_V002	57	3210
L26_V002	58	3240
L26_V002	59	3288
L26_V002	60	3327
L26_V002	61	3375
L26_V002	62	3384
L26_V002	63	3457
L26_V002	64	3510
L26_V002	65	3590
L26_V002	66	3645
L26_V002	67	3713
L26_V002	68	3779
L26_V002	69	3839
L26_V002	70	3897
L26_V002	71	3915
L26_V002	72	4034
L26_V002	73	4050
L26_V002	74	4119
L26_V002	75	4185
L26_V002	76	4320
L26_V002	77	4333
L26_V002	78	4450
L26_V002	79	4455
L26_V002	80	4518
L26_V002	81	4590
L26_V002	82	4609
L26_V002	83	4700
L26_V002	84	4725
L26_V002	85	4764
L26_V002	86	4834
L26_V002	87	4860
L26_V002	88	4983
L26_V002	89	4995
L26_V002	90	5076
L26_V002	91	5127
L26_V002	92	5130
L26_V002	93	5265
L26_V002	94	5400
L26_V002	95	5448
L26_V002	96	5498
L26_V002	97	5535
L26_V002	98	5608
L26_V002	99	5670
L26_V002	100	5738
L26_V002	101	5805
L26_V002	102	5865
L26_V002	103	5940
L26_V002	104	5971
L26_V002	105	6048
L26_V002	106	6075
L26_V002	107	6130
L26_V002	108	6210
L26_V002	109	6272
L26_V002	110	6345
L26_V002	111	6406
L26_V002	112	6480
L26_V002	113	6527
L26_V002	114	6615
L26_V002	115	6652
L26_V002	116	6716
L26_V002	117	6750
L26_V002	118	6884
L26_V002	119	7020
L26_V002	120	7128
L26_V002	121	7155
L26_V002	122	7290
L26_V005	1	0
L26_V005	2	21
L26_V005	3	78
L26_V005	4	83
L26_V005	5	88
L26_V005	6	135
L26_V005	7	165
L26_V005	8	166
L26_V005	9	224
L26_V005	10	270
L26_V005	11	300
L26_V005	12	358
L26_V005	13	405
L26_V005	14	511
L26_V005	15	540
L26_V005	16	586
L26_V005	17	675
L26_V005	18	810
L26_V005	19	944
L26_V005	20	1006
L26_V005	21	1080
L26_V005	22	1215
L26_V005	23	1235
L26_V005	24	1276
L26_V005	25	1321
L26_V005	26	1350
L26_V005	27	1387
L26_V005	28	1451
L26_V005	29	1485
L26_V005	30	1496
L26_V005	31	1584
L26_V005	32	1620
L26_V005	33	1673
L26_V005	34	1755
L26_V005	35	1778
L26_V005	36	1871
L26_V005	37	1889
L26_V005	38	1980
L26_V005	39	2025
L26_V005	40	2068
L26_V005	41	2160
L26_V005	42	2161
L26_V005	43	2202
L26_V005	44	2278
L26_V005	45	2295
L26_V005	46	2383
L26_V005	47	2430
L26_V005	48	2462
L26_V005	49	2524
L26_V005	50	2565
L26_V005	51	2589
L26_V005	52	2672
L26_V005	53	2700
L26_V005	54	2763
L26_V005	55	2835
L26_V005	56	2919
L26_V005	57	2970
L26_V005	58	2974
L26_V005	59	3015
L26_V005	60	3094
L26_V005	61	3105
L26_V005	62	3208
L26_V005	63	3240
L26_V005	64	3279
L26_V005	65	3375
L26_V005	66	3377
L26_V005	67	3510
L26_V005	68	3521
L26_V005	69	3601
L26_V005	70	3645
L26_V005	71	3679
L26_V005	72	3740
L26_V005	73	3779
L26_V005	74	3796
L26_V005	75	3838
L26_V005	76	3881
L26_V005	77	3915
L26_V005	78	3989
L26_V005	79	4021
L26_V005	80	4050
L26_V005	81	4081
L26_V005	82	4142
L26_V005	83	4185
L26_V005	84	4221
L26_V005	85	4270
L26_V005	86	4320
L26_V005	87	4402
L26_V005	88	4455
L26_V005	89	4543
L26_V005	90	4590
L26_V005	91	4725
L26_V005	92	4731
L26_V005	93	4821
L26_V005	94	4860
L26_V005	95	4995
L26_V005	96	5012
L26_V005	97	5130
L26_V005	98	5193
L26_V005	99	5243
L26_V005	100	5265
L26_V005	101	5295
L26_V005	102	5346
L26_V005	103	5400
L26_V005	104	5406
L26_V005	105	5459
L26_V005	106	5535
L26_V005	107	5638
L26_V005	108	5670
L26_V005	109	5760
L26_V005	110	5805
L26_V005	111	5870
L26_V005	112	5940
L26_V005	113	5970
L26_V005	114	6051
L26_V005	115	6075
L26_V005	116	6108
L26_V005	117	6210
L26_V005	118	6228
L26_V005	119	6311
L26_V005	120	6345
L26_V005	121	6436
L26_V005	122	6480
L26_V005	123	6605
L26_V005	124	6615
L26_V005	125	6750
L26_V005	126	6884
L26_V005	127	6994
L26_V005	128	7020
L26_V005	129	7155
L26_V009	1	0
L26_V009	2	21
L26_V009	3	33
L26_V009	4	78
L26_V009	5	83
L26_V009	6	88
L26_V009	7	135
L26_V009	8	165
L26_V009	9	166
L26_V009	10	224
L26_V009	11	270
L26_V009	12	300
L26_V009	13	385
L26_V009	14	405
L26_V009	15	451
L26_V009	16	540
L26_V009	17	552
L26_V009	18	639
L26_V009	19	675
L26_V009	20	810
L26_V009	21	944
L26_V009	22	1035
L26_V009	23	1080
L26_V009	24	1215
L26_V009	25	1234
L26_V009	26	1269
L26_V009	27	1339
L26_V009	28	1350
L26_V009	29	1418
L26_V009	30	1485
L26_V009	31	1620
L26_V009	32	1707
L26_V009	33	1755
L26_V009	34	1768
L26_V009	35	1829
L26_V009	36	1889
L26_V009	37	1930
L26_V009	38	1978
L26_V009	39	2014
L26_V009	40	2025
L26_V009	41	2059
L26_V009	42	2113
L26_V009	43	2155
L26_V009	44	2160
L26_V009	45	2278
L26_V009	46	2295
L26_V009	47	2364
L26_V009	48	2417
L26_V009	49	2430
L26_V009	50	2466
L26_V009	51	2565
L26_V009	52	2577
L26_V009	53	2700
L26_V009	54	2731
L26_V009	55	2835
L26_V009	56	2970
L26_V009	57	3063
L26_V009	58	3105
L26_V009	59	3176
L26_V009	60	3240
L26_V009	61	3251
L26_V009	62	3375
L26_V009	63	3386
L26_V009	64	3510
L26_V009	65	3578
L26_V009	66	3635
L26_V009	67	3645
L26_V009	68	3679
L26_V009	69	3718
L26_V009	70	3747
L26_V009	71	3779
L26_V009	72	3829
L26_V009	73	3869
L26_V009	74	3915
L26_V009	75	3915
L26_V009	76	3965
L26_V009	77	4050
L26_V009	78	4056
L26_V009	79	4116
L26_V009	80	4185
L26_V009	81	4190
L26_V009	82	4314
L26_V009	83	4320
L26_V009	84	4435
L26_V009	85	4455
L26_V009	86	4560
L26_V009	87	4590
L26_V009	88	4609
L26_V009	89	4711
L26_V009	90	4725
L26_V009	91	4772
L26_V009	92	4822
L26_V009	93	4860
L26_V009	94	4911
L26_V009	95	4984
L26_V009	96	4995
L26_V009	97	5130
L26_V009	98	5265
L26_V009	99	5319
L26_V009	100	5369
L26_V009	101	5400
L26_V009	102	5418
L26_V009	103	5497
L26_V009	104	5535
L26_V009	105	5537
L26_V009	106	5594
L26_V009	107	5670
L26_V009	108	5682
L26_V009	109	5757
L26_V009	110	5805
L26_V009	111	5891
L26_V009	112	5940
L26_V009	113	6053
L26_V009	114	6075
L26_V009	115	6152
L26_V009	116	6210
L26_V009	117	6278
L26_V009	118	6345
L26_V009	119	6452
L26_V009	120	6480
L26_V009	121	6580
L26_V009	122	6615
L26_V009	123	6684
L26_V009	124	6750
L26_V009	125	6809
L26_V009	126	6884
L26_V009	127	7020
L26_V009	128	7155
L26_V009	129	7290
L26_V009	130	7420
L26_V009	131	7425
L26_V009	132	7559
L26_V011	1	0
L26_V011	2	21
L26_V011	3	78
L26_V011	4	83
L26_V011	5	88
L26_V011	6	135
L26_V011	7	165
L26_V011	8	166
L26_V011	9	224
L26_V011	10	270
L26_V011	11	300
L26_V011	12	379
L26_V011	13	405
L26_V011	14	450
L26_V011	15	540
L26_V011	16	554
L26_V011	17	645
L26_V011	18	675
L26_V011	19	810
L26_V011	20	944
L26_V011	21	977
L26_V011	22	1080
L26_V011	23	1185
L26_V011	24	1215
L26_V011	25	1234
L26_V011	26	1286
L26_V011	27	1330
L26_V011	28	1350
L26_V011	29	1485
L26_V011	30	1541
L26_V011	31	1620
L26_V011	32	1709
L26_V011	33	1755
L26_V011	34	1782
L26_V011	35	1879
L26_V011	36	1889
L26_V011	37	1975
L26_V011	38	2025
L26_V011	39	2109
L26_V011	40	2141
L26_V011	41	2160
L26_V011	42	2295
L26_V011	43	2332
L26_V011	44	2386
L26_V011	45	2430
L26_V011	46	2458
L26_V011	47	2565
L26_V011	48	2571
L26_V011	49	2638
L26_V011	50	2700
L26_V011	51	2722
L26_V011	52	2782
L26_V011	53	2835
L26_V011	54	2970
L26_V011	55	3048
L26_V011	56	3105
L26_V011	57	3204
L26_V011	58	3240
L26_V011	59	3375
L26_V011	60	3397
L26_V011	61	3486
L26_V011	62	3510
L26_V011	63	3645
L26_V011	64	3699
L26_V011	65	3779
L26_V011	66	3915
L26_V011	67	3951
L26_V011	68	4001
L26_V011	69	4050
L26_V011	70	4081
L26_V011	71	4119
L26_V011	72	4185
L26_V011	73	4203
L26_V011	74	4320
L26_V011	75	4349
L26_V011	76	4425
L26_V011	77	4455
L26_V011	78	4484
L26_V011	79	4587
L26_V011	80	4590
L26_V011	81	4636
L26_V011	82	4677
L26_V011	83	4725
L26_V011	84	4860
L26_V011	85	4888
L26_V011	86	4948
L26_V011	87	4995
L26_V011	88	5062
L26_V011	89	5130
L26_V011	90	5213
L26_V011	91	5265
L26_V011	92	5320
L26_V011	93	5400
L26_V011	94	5486
L26_V011	95	5529
L26_V011	96	5535
L26_V011	97	5670
L26_V011	98	5691
L26_V011	99	5805
L26_V011	100	5806
L26_V011	101	5912
L26_V011	102	5940
L26_V011	103	5989
L26_V011	104	6055
L26_V011	105	6075
L26_V011	106	6145
L26_V011	107	6210
L26_V011	108	6276
L26_V011	109	6345
L26_V011	110	6401
L26_V011	111	6480
L26_V011	112	6508
L26_V011	113	6615
L26_V011	114	6740
L26_V011	115	6750
L26_V011	116	6884
L26_V013	1	0
L26_V013	2	21
L26_V013	3	33
L26_V013	4	78
L26_V013	5	83
L26_V013	6	88
L26_V013	7	135
L26_V013	8	165
L26_V013	9	166
L26_V013	10	224
L26_V013	11	270
L26_V013	12	300
L26_V013	13	361
L26_V013	14	405
L26_V013	15	438
L26_V013	16	540
L26_V013	17	622
L26_V013	18	675
L26_V013	19	810
L26_V013	20	944
L26_V013	21	1071
L26_V013	22	1080
L26_V013	23	1215
L26_V013	24	1308
L26_V013	25	1335
L26_V013	26	1350
L26_V013	27	1393
L26_V013	28	1413
L26_V013	29	1480
L26_V013	30	1485
L26_V013	31	1524
L26_V013	32	1590
L26_V013	33	1620
L26_V013	34	1642
L26_V013	35	1696
L26_V013	36	1741
L26_V013	37	1755
L26_V013	38	1782
L26_V013	39	1889
L26_V013	40	1922
L26_V013	41	1984
L26_V013	42	2025
L26_V013	43	2062
L26_V013	44	2092
L26_V013	45	2152
L26_V013	46	2160
L26_V013	47	2277
L26_V013	48	2295
L26_V013	49	2365
L26_V013	50	2416
L26_V013	51	2430
L26_V013	52	2530
L26_V013	53	2565
L26_V013	54	2659
L26_V013	55	2700
L26_V013	56	2835
L26_V013	57	2847
L26_V013	58	2882
L26_V013	59	2944
L26_V013	60	2970
L26_V013	61	3039
L26_V013	62	3096
L26_V013	63	3105
L26_V013	64	3175
L26_V013	65	3240
L26_V013	66	3240
L26_V013	67	3334
L26_V013	68	3375
L26_V013	69	3468
L26_V013	70	3510
L26_V013	71	3546
L26_V013	72	3621
L26_V013	73	3645
L26_V013	74	3779
L26_V013	75	3806
L26_V013	76	3911
L26_V013	77	3915
L26_V013	78	4022
L26_V013	79	4050
L26_V013	80	4131
L26_V013	81	4179
L26_V013	82	4185
L26_V013	83	4243
L26_V013	84	4320
L26_V013	85	4373
L26_V013	86	4446
L26_V013	87	4455
L26_V013	88	4508
L26_V013	89	4570
L26_V013	90	4590
L26_V013	91	4624
L26_V013	92	4692
L26_V013	93	4725
L26_V013	94	4736
L26_V013	95	4790
L26_V013	96	4860
L26_V013	97	4935
L26_V013	98	4960
L26_V013	99	4995
L26_V013	100	5014
L26_V013	101	5069
L26_V013	102	5130
L26_V013	103	5201
L26_V013	104	5265
L26_V013	105	5276
L26_V013	106	5315
L26_V013	107	5355
L26_V013	108	5392
L26_V013	109	5400
L26_V013	110	5445
L26_V013	111	5535
L26_V013	112	5670
L26_V013	113	5690
L26_V013	114	5735
L26_V013	115	5795
L26_V013	116	5805
L26_V013	117	5892
L26_V013	118	5940
L26_V013	119	5955
L26_V013	120	6075
L26_V013	121	6076
L26_V013	122	6210
L26_V013	123	6264
L26_V013	124	6314
L26_V013	125	6345
L26_V013	126	6385
L26_V013	127	6453
L26_V013	128	6480
L26_V013	129	6577
L26_V013	130	6615
L26_V013	131	6703
L26_V013	132	6750
L26_V013	133	6877
L26_V013	134	6884
L26_V013	135	6978
L26_V013	136	7020
L26_V013	137	7081
L26_V013	138	7155
L26_V013	139	7189
L26_V013	140	7290
L26_V013	141	7313
L26_V013	142	7425
L26_V013	143	7426
L26_V013	144	7559
L26_V013	145	7564
L26_V013	146	7689
L26_V013	147	7695
L26_V013	148	7830
L26_V013	149	7850
L26_V013	150	7965
L26_V013	151	8100
L26_V013	152	8151
L26_V013	153	8235
L26_V013	154	8370
L26_V020	1	0
L26_V020	2	21
L26_V020	3	78
L26_V020	4	83
L26_V020	5	88
L26_V020	6	135
L26_V020	7	165
L26_V020	8	166
L26_V020	9	224
L26_V020	10	270
L26_V020	11	300
L26_V020	12	379
L26_V020	13	405
L26_V020	14	467
L26_V020	15	528
L26_V020	16	540
L26_V020	17	600
L26_V020	18	675
L26_V020	19	810
L26_V020	20	944
L26_V020	21	1002
L26_V020	22	1080
L26_V020	23	1215
L26_V020	24	1254
L26_V020	25	1307
L26_V020	26	1350
L26_V020	27	1485
L26_V020	28	1530
L26_V020	29	1620
L26_V020	30	1657
L26_V020	31	1697
L26_V020	32	1755
L26_V020	33	1816
L26_V020	34	1847
L26_V020	35	1889
L26_V020	36	1923
L26_V020	37	1951
L26_V020	38	2025
L26_V020	39	2037
L26_V020	40	2130
L26_V020	41	2160
L26_V020	42	2295
L26_V020	43	2308
L26_V020	44	2430
L26_V020	45	2462
L26_V020	46	2565
L26_V020	47	2599
L26_V020	48	2655
L26_V020	49	2700
L26_V020	50	2724
L26_V020	51	2785
L26_V020	52	2835
L26_V020	53	2840
L26_V020	54	2887
L26_V020	55	2951
L26_V020	56	2970
L26_V020	57	3105
L26_V020	58	3136
L26_V020	59	3225
L26_V020	60	3240
L26_V020	61	3338
L26_V020	62	3371
L26_V020	63	3375
L26_V020	64	3404
L26_V020	65	3472
L26_V020	66	3510
L26_V020	67	3540
L26_V020	68	3645
L26_V020	69	3686
L26_V020	70	3750
L26_V020	71	3779
L26_V020	72	3806
L26_V020	73	3877
L26_V020	74	3915
L26_V020	75	3964
L26_V020	76	4045
L26_V020	77	4050
L26_V020	78	4099
L26_V020	79	4172
L26_V020	80	4185
L26_V020	81	4224
L26_V020	82	4320
L26_V020	83	4389
L26_V020	84	4452
L26_V020	85	4455
L26_V020	86	4550
L26_V020	87	4590
L26_V020	88	4678
L26_V020	89	4725
L26_V020	90	4773
L26_V020	91	4837
L26_V020	92	4860
L26_V020	93	4882
L26_V020	94	4958
L26_V020	95	4995
L26_V020	96	5018
L26_V020	97	5130
L26_V020	98	5187
L26_V020	99	5237
L26_V020	100	5265
L26_V020	101	5293
L26_V020	102	5319
L26_V020	103	5363
L26_V020	104	5390
L26_V020	105	5400
L26_V020	106	5481
L26_V020	107	5535
L26_V020	108	5609
L26_V020	109	5670
L26_V020	110	5708
L26_V020	111	5805
L26_V020	112	5813
L26_V020	113	5940
L26_V020	114	6075
L26_V020	115	6132
L26_V020	116	6210
L26_V020	117	6242
L26_V020	118	6345
L26_V020	119	6374
L26_V020	120	6480
L26_V020	121	6495
L26_V020	122	6615
L26_V020	123	6620
L26_V020	124	6750
L26_V020	125	6884
L26_V020	126	7020
L26_V020	127	7155
L26_V020	128	7258
L26_V020	129	7290
L26_V020	130	7425
L26_V031	1	0
L26_V031	2	21
L26_V031	3	78
L26_V031	4	83
L26_V031	5	88
L26_V031	6	135
L26_V031	7	165
L26_V031	8	166
L26_V031	9	224
L26_V031	10	270
L26_V031	11	300
L26_V031	12	393
L26_V031	13	405
L26_V031	14	509
L26_V031	15	540
L26_V031	16	604
L26_V031	17	675
L26_V031	18	810
L26_V031	19	924
L26_V031	20	944
L26_V031	21	1080
L26_V031	22	1174
L26_V031	23	1215
L26_V031	24	1222
L26_V031	25	1296
L26_V031	26	1350
L26_V031	27	1485
L26_V031	28	1502
L26_V031	29	1547
L26_V031	30	1607
L26_V031	31	1620
L26_V031	32	1748
L26_V031	33	1755
L26_V031	34	1889
L26_V031	35	1960
L26_V031	36	2016
L26_V031	37	2025
L26_V031	38	2137
L26_V031	39	2160
L26_V031	40	2246
L26_V031	41	2295
L26_V031	42	2313
L26_V031	43	2430
L26_V031	44	2435
L26_V031	45	2524
L26_V031	46	2565
L26_V031	47	2639
L26_V031	48	2700
L26_V031	49	2835
L26_V031	50	2922
L26_V031	51	2970
L26_V031	52	3000
L26_V031	53	3105
L26_V031	54	3117
L26_V031	55	3196
L26_V031	56	3236
L26_V031	57	3240
L26_V031	58	3279
L26_V031	59	3329
L26_V031	60	3358
L26_V031	61	3375
L26_V031	62	3388
L26_V031	63	3419
L26_V031	64	3467
L26_V031	65	3510
L26_V031	66	3522
L26_V031	67	3645
L26_V031	68	3684
L26_V031	69	3754
L26_V031	70	3779
L26_V031	71	3820
L26_V031	72	3901
L26_V031	73	3915
L26_V031	74	4022
L26_V031	75	4050
L26_V031	76	4090
L26_V031	77	4170
L26_V031	78	4185
L26_V031	79	4230
L26_V031	80	4320
L26_V031	81	4344
L26_V031	82	4455
L26_V031	83	4517
L26_V031	84	4590
L26_V031	85	4613
L26_V031	86	4689
L26_V031	87	4725
L26_V031	88	4775
L26_V031	89	4860
L26_V031	90	4922
L26_V031	91	4967
L26_V031	92	4995
L26_V031	93	5004
L26_V031	94	5042
L26_V031	95	5094
L26_V031	96	5130
L26_V031	97	5147
L26_V031	98	5265
L26_V031	99	5328
L26_V031	100	5400
L26_V031	101	5498
L26_V031	102	5535
L26_V031	103	5548
L26_V031	104	5615
L26_V031	105	5670
L26_V031	106	5798
L26_V031	107	5805
L26_V031	108	5871
L26_V031	109	5921
L26_V031	110	5940
L26_V031	111	6020
L26_V031	112	6075
L26_V031	113	6094
L26_V031	114	6210
L26_V031	115	6283
L26_V031	116	6345
L26_V031	117	6365
L26_V031	118	6480
L26_V031	119	6537
L26_V031	120	6604
L26_V031	121	6615
L26_V031	122	6684
L26_V031	123	6750
L26_V031	124	6806
L26_V031	125	6884
L26_V031	126	6943
L26_V031	127	7020
L26_V031	128	7072
L26_V031	129	7155
L26_V031	130	7197
L26_V031	131	7290
L26_V031	132	7425
L26_V031	133	7559
L26_V031	134	7609
L26_V031	135	7695
L26_V031	136	7830
L26_V045	1	0
L26_V045	2	21
L26_V045	3	61
L26_V045	4	78
L26_V045	5	160
L26_V045	6	182
L26_V045	7	300
L26_V045	8	415
L26_V045	9	440
L26_V045	10	578
L26_V045	11	672
L26_V045	12	720
L26_V045	13	852
L26_V045	14	1000
L26_V045	15	1065
L26_V045	16	1096
L26_V045	17	1160
L26_V045	18	1179
L26_V045	19	1308
L26_V045	20	1349
L26_V045	21	1440
L26_V045	22	1600
L26_V045	23	1636
L26_V045	24	1760
L26_V045	25	1780
L26_V045	26	1842
L26_V045	27	1920
L26_V045	28	1955
L26_V045	29	2003
L26_V045	30	2051
L26_V045	31	2080
L26_V045	32	2100
L26_V045	33	2202
L26_V045	34	2240
L26_V045	35	2265
L26_V045	36	2303
L26_V045	37	2400
L26_V045	38	2477
L26_V045	39	2530
L26_V045	40	2560
L26_V045	41	2667
L26_V045	42	2720
L26_V045	43	2819
L26_V045	44	2880
L26_V045	45	2973
L26_V045	46	3040
L26_V045	47	3173
L26_V045	48	3200
L26_V045	49	3239
L26_V045	50	3329
L26_V045	51	3409
L26_V045	52	3479
L26_V045	53	3596
L26_V045	54	3640
L26_V045	55	3690
L26_V045	56	3800
L26_V045	57	3832
L26_V045	58	3911
L26_V045	59	3960
L26_V045	60	3982
L26_V045	61	4108
L26_V045	62	4120
L26_V045	63	4143
L26_V045	64	4192
L26_V045	65	4264
L26_V045	66	4347
L26_V045	67	4400
L26_V045	68	4447
L26_V045	69	4531
L26_V045	70	4602
L26_V045	71	4680
L26_V045	72	4699
L26_V045	73	4815
L26_V045	74	4840
L26_V045	75	4926
L26_V045	76	5000
L26_V045	77	5078
L26_V045	78	5129
L26_V045	79	5195
L26_V045	80	5241
L26_V045	81	5280
L26_V045	82	5318
L26_V045	83	5362
L26_V045	84	5440
L26_V045	85	5600
L26_V045	86	5647
L26_V045	87	5760
L26_V045	88	5830
L26_V045	89	5916
L26_V045	90	6008
L26_V045	91	6080
L26_V045	92	6121
L26_V045	93	6185
L26_V045	94	6235
L26_V045	95	6240
L26_V045	96	6306
L26_V045	97	6400
L26_V045	98	6484
L26_V045	99	6559
L26_V045	100	6648
L26_V045	101	6717
L26_V045	102	6753
L26_V045	103	6809
L26_V045	104	6880
L26_V045	105	6934
L26_V045	106	7040
L26_V045	107	7084
L26_V045	108	7200
L26_V045	109	7358
L26_V045	110	7359
L26_V045	111	7475
L26_V045	112	7520
L26_V045	113	7628
L26_V045	114	7680
L26_V045	115	7840
L26_V045	116	7914
L26_V045	117	8000
L26_V045	118	8159
L26_V050	1	0
L26_V050	2	21
L26_V050	3	78
L26_V050	4	83
L26_V050	5	88
L26_V050	6	135
L26_V050	7	165
L26_V050	8	166
L26_V050	9	224
L26_V050	10	270
L26_V050	11	300
L26_V050	12	405
L26_V050	13	411
L26_V050	14	540
L26_V050	15	675
L26_V050	16	787
L26_V050	17	810
L26_V050	18	944
L26_V050	19	968
L26_V050	20	1080
L26_V050	21	1215
L26_V050	22	1221
L26_V050	23	1285
L26_V050	24	1350
L26_V050	25	1358
L26_V050	26	1417
L26_V050	27	1485
L26_V050	28	1495
L26_V050	29	1620
L26_V050	30	1755
L26_V050	31	1882
L26_V050	32	1889
L26_V050	33	1982
L26_V050	34	2025
L26_V050	35	2070
L26_V050	36	2160
L26_V050	37	2168
L26_V050	38	2250
L26_V050	39	2295
L26_V050	40	2327
L26_V050	41	2398
L26_V050	42	2430
L26_V050	43	2444
L26_V050	44	2512
L26_V050	45	2565
L26_V050	46	2659
L26_V050	47	2700
L26_V050	48	2721
L26_V050	49	2796
L26_V050	50	2835
L26_V050	51	2856
L26_V050	52	2941
L26_V050	53	2970
L26_V050	54	2994
L26_V050	55	3063
L26_V050	56	3105
L26_V050	57	3124
L26_V050	58	3231
L26_V050	59	3240
L26_V050	60	3275
L26_V050	61	3342
L26_V050	62	3375
L26_V050	63	3385
L26_V050	64	3510
L26_V050	65	3520
L26_V050	66	3569
L26_V050	67	3608
L26_V050	68	3645
L26_V050	69	3653
L26_V050	70	3710
L26_V050	71	3771
L26_V050	72	3779
L26_V050	73	3847
L26_V050	74	3915
L26_V050	75	3952
L26_V050	76	4011
L26_V050	77	4050
L26_V050	78	4098
L26_V050	79	4138
L26_V050	80	4185
L26_V050	81	4204
L26_V050	82	4256
L26_V050	83	4312
L26_V050	84	4320
L26_V050	85	4359
L26_V050	86	4431
L26_V050	87	4455
L26_V050	88	4508
L26_V050	89	4590
L26_V050	90	4591
L26_V050	91	4656
L26_V050	92	4725
L26_V050	93	4780
L26_V050	94	4846
L26_V050	95	4860
L26_V050	96	4929
L26_V050	97	4995
L26_V050	98	5047
L26_V050	99	5130
L26_V050	100	5138
L26_V050	101	5177
L26_V050	102	5265
L26_V050	103	5353
L26_V050	104	5400
L26_V050	105	5466
L26_V050	106	5502
L26_V050	107	5535
L26_V050	108	5553
L26_V050	109	5615
L26_V050	110	5670
L26_V050	111	5690
L26_V050	112	5800
L26_V050	113	5805
L26_V050	114	5912
L26_V050	115	5940
L26_V050	116	6036
L26_V050	117	6075
L26_V050	118	6086
L26_V050	119	6165
L26_V050	120	6210
L26_V050	121	6339
L26_V050	122	6345
L26_V050	123	6426
L26_V050	124	6480
L26_V050	125	6506
L26_V050	126	6584
L26_V050	127	6615
L26_V050	128	6677
L26_V050	129	6744
L26_V050	130	6750
L26_V050	131	6811
L26_V050	132	6884
L26_V050	133	6951
L26_V050	134	7020
L26_V050	135	7076
L26_V050	136	7155
L26_V050	137	7197
L26_V050	138	7233
L26_V050	139	7290
L26_V050	140	7401
L26_V050	141	7425
L26_V050	142	7550
L26_V050	143	7559
L26_V050	144	7692
L26_V050	145	7695
L26_V050	146	7830
L26_V050	147	7938
L26_V050	148	7965
L26_V050	149	8100
L26_V072	1	0
L26_V072	2	21
L26_V072	3	78
L26_V072	4	83
L26_V072	5	88
L26_V072	6	124
L26_V072	7	165
L26_V072	8	166
L26_V072	9	224
L26_V072	10	248
L26_V072	11	300
L26_V072	12	372
L26_V072	13	421
L26_V072	14	496
L26_V072	15	620
L26_V072	16	684
L26_V072	17	744
L26_V072	18	802
L26_V072	19	868
L26_V072	20	983
L26_V072	21	992
L26_V072	22	1116
L26_V072	23	1200
L26_V072	24	1240
L26_V072	25	1310
L26_V072	26	1364
L26_V072	27	1376
L26_V072	28	1488
L26_V072	29	1530
L26_V072	30	1570
L26_V072	31	1612
L26_V072	32	1688
L26_V072	33	1736
L26_V072	34	1755
L26_V072	35	1837
L26_V072	36	1860
L26_V072	37	1875
L26_V072	38	1984
L26_V072	39	2026
L26_V072	40	2082
L26_V072	41	2108
L26_V072	42	2167
L26_V072	43	2187
L26_V072	44	2220
L26_V072	45	2232
L26_V072	46	2315
L26_V072	47	2356
L26_V072	48	2363
L26_V072	49	2395
L26_V072	50	2466
L26_V072	51	2480
L26_V072	52	2550
L26_V072	53	2604
L26_V072	54	2614
L26_V072	55	2728
L26_V072	56	2753
L26_V072	57	2836
L26_V072	58	2852
L26_V072	59	2956
L26_V072	60	2976
L26_V072	61	3100
L26_V072	62	3133
L26_V072	63	3198
L26_V072	64	3224
L26_V072	65	3253
L26_V072	66	3288
L26_V072	67	3347
L26_V072	68	3420
L26_V072	69	3472
L26_V072	70	3564
L26_V072	71	3596
L26_V072	72	3652
L26_V072	73	3720
L26_V072	74	3738
L26_V072	75	3827
L26_V072	76	3844
L26_V072	77	3915
L26_V072	78	3968
L26_V072	79	3986
L26_V072	80	4047
L26_V072	81	4092
L26_V072	82	4112
L26_V072	83	4125
L26_V072	84	4169
L26_V072	85	4216
L26_V072	86	4260
L26_V072	87	4336
L26_V072	88	4340
L26_V072	89	4376
L26_V072	90	4464
L26_V072	91	4476
L26_V072	92	4551
L26_V072	93	4588
L26_V072	94	4590
L26_V072	95	4646
L26_V072	96	4712
L26_V072	97	4788
L26_V072	98	4836
L26_V072	99	4875
L26_V072	100	4934
L26_V072	101	4960
L26_V072	102	5008
L26_V072	103	5075
L26_V072	104	5084
L26_V072	105	5151
L26_V072	106	5208
L26_V072	107	5226
L26_V072	108	5298
L26_V072	109	5332
L26_V072	110	5365
L26_V072	111	5400
L26_V072	112	5448
L26_V072	113	5456
L26_V072	114	5517
L26_V072	115	5568
L26_V072	116	5580
L26_V072	117	5654
L26_V072	118	5704
L26_V072	119	5710
L26_V072	120	5748
L26_V072	121	5800
L26_V072	122	5828
L26_V072	123	5853
L26_V072	124	5917
L26_V072	125	5952
L26_V072	126	6076
L26_V072	127	6119
L26_V072	128	6165
L26_V072	129	6200
L26_V072	130	6295
L26_V072	131	6324
L26_V072	132	6390
L26_V072	133	6448
L26_V072	134	6509
L26_V072	135	6559
L26_V072	136	6572
L26_V072	137	6629
L26_V072	138	6695
L26_V072	139	6720
L26_V072	140	6820
L26_V072	141	6888
L26_V072	142	6944
L26_V072	143	6984
L26_V072	144	7068
L26_V072	145	7109
L26_V072	146	7192
L26_V072	147	7255
L26_V072	148	7316
L26_V072	149	7440
L26_V072	150	7445
L26_V072	151	7564
L26_V072	152	7633
L26_V072	153	7688
L26_V072	154	7812
L26_V072	155	7855
L26_V072	156	7936
L26_V072	157	8059
L26_V100	1	0
L26_V100	2	21
L26_V100	3	56
L26_V100	4	61
L26_V100	5	78
L26_V100	6	83
L26_V100	7	88
L26_V100	8	128
L26_V100	9	165
L26_V100	10	166
L26_V100	11	224
L26_V100	12	256
L26_V100	13	300
L26_V100	14	384
L26_V100	15	419
L26_V100	16	512
L26_V100	17	625
L26_V100	18	640
L26_V100	19	758
L26_V100	20	768
L26_V100	21	896
L26_V100	22	939
L26_V100	23	1024
L26_V100	24	1152
L26_V100	25	1230
L26_V100	26	1267
L26_V100	27	1280
L26_V100	28	1306
L26_V100	29	1375
L26_V100	30	1408
L26_V100	31	1434
L26_V100	32	1494
L26_V100	33	1536
L26_V100	34	1591
L26_V100	35	1664
L26_V100	36	1670
L26_V100	37	1743
L26_V100	38	1792
L26_V100	39	1845
L26_V100	40	1920
L26_V100	41	1948
L26_V100	42	2048
L26_V100	43	2176
L26_V100	44	2178
L26_V100	45	2272
L26_V100	46	2304
L26_V100	47	2432
L26_V100	48	2434
L26_V100	49	2529
L26_V100	50	2560
L26_V100	51	2588
L26_V100	52	2645
L26_V100	53	2688
L26_V100	54	2713
L26_V100	55	2792
L26_V100	56	2816
L26_V100	57	2894
L26_V100	58	2944
L26_V100	59	2961
L26_V100	60	3038
L26_V100	61	3072
L26_V100	62	3098
L26_V100	63	3184
L26_V100	64	3200
L26_V100	65	3261
L26_V100	66	3328
L26_V100	67	3456
L26_V100	68	3472
L26_V100	69	3584
L26_V100	70	3651
L26_V100	71	3711
L26_V100	72	3725
L26_V100	73	3767
L26_V100	74	3840
L26_V100	75	3886
L26_V100	76	3931
L26_V100	77	3968
L26_V100	78	4022
L26_V100	79	4096
L26_V100	80	4104
L26_V100	81	4199
L26_V100	82	4224
L26_V100	83	4320
L26_V100	84	4352
L26_V100	85	4384
L26_V100	86	4470
L26_V100	87	4480
L26_V100	88	4564
L26_V100	89	4608
L26_V100	90	4641
L26_V100	91	4721
L26_V100	92	4736
L26_V100	93	4772
L26_V100	94	4860
L26_V100	95	4864
L26_V100	96	4992
L26_V100	97	5011
L26_V100	98	5112
L26_V100	99	5120
L26_V100	100	5233
L26_V100	101	5248
L26_V100	102	5354
L26_V100	103	5376
L26_V100	104	5483
L26_V100	105	5504
L26_V100	106	5533
L26_V100	107	5604
L26_V100	108	5632
L26_V100	109	5760
L26_V100	110	5838
L26_V100	111	5888
L26_V100	112	5909
L26_V100	113	5995
L26_V100	114	6016
L26_V100	115	6144
L26_V100	116	6272
L26_V100	117	6291
L26_V100	118	6368
L26_V100	119	6400
L26_V100	120	6461
L26_V100	121	6528
L26_V100	122	6612
L26_V100	123	6656
L26_V100	124	6711
L26_V100	125	6784
L26_V100	126	6912
L26_V100	127	6980
L26_V100	128	7040
L26_V100	129	7095
L26_V100	130	7168
L26_V100	131	7242
L26_V100	132	7295
L26_V100	133	7373
L26_V100	134	7423
L26_V100	135	7552
L26_V100	136	7553
L26_V100	137	7680
L26_V100	138	7808
L26_V100	139	7816
L26_V100	140	7936
L26_V100	141	8064
L26_V103	1	0
L26_V103	2	21
L26_V103	3	56
L26_V103	4	61
L26_V103	5	78
L26_V103	6	83
L26_V103	7	88
L26_V103	8	128
L26_V103	9	165
L26_V103	10	166
L26_V103	11	224
L26_V103	12	256
L26_V103	13	300
L26_V103	14	384
L26_V103	15	405
L26_V103	16	512
L26_V103	17	560
L26_V103	18	640
L26_V103	19	698
L26_V103	20	768
L26_V103	21	878
L26_V103	22	896
L26_V103	23	1024
L26_V103	24	1152
L26_V103	25	1280
L26_V103	26	1322
L26_V103	27	1408
L26_V103	28	1413
L26_V103	29	1456
L26_V103	30	1526
L26_V103	31	1536
L26_V103	32	1607
L26_V103	33	1659
L26_V103	34	1664
L26_V103	35	1792
L26_V103	36	1793
L26_V103	37	1841
L26_V103	38	1878
L26_V103	39	1920
L26_V103	40	1939
L26_V103	41	2048
L26_V103	42	2054
L26_V103	43	2107
L26_V103	44	2176
L26_V103	45	2224
L26_V103	46	2304
L26_V103	47	2310
L26_V103	48	2344
L26_V103	49	2403
L26_V103	50	2432
L26_V103	51	2437
L26_V103	52	2506
L26_V103	53	2557
L26_V103	54	2560
L26_V103	55	2631
L26_V103	56	2688
L26_V103	57	2690
L26_V103	58	2739
L26_V103	59	2816
L26_V103	60	2930
L26_V103	61	2944
L26_V103	62	3017
L26_V103	63	3072
L26_V103	64	3108
L26_V103	65	3200
L26_V103	66	3304
L26_V103	67	3328
L26_V103	68	3422
L26_V103	69	3456
L26_V103	70	3511
L26_V103	71	3584
L26_V103	72	3625
L26_V103	73	3692
L26_V103	74	3711
L26_V103	75	3768
L26_V103	76	3840
L26_V103	77	3865
L26_V103	78	3915
L26_V103	79	3968
L26_V103	80	3969
L26_V103	81	4028
L26_V103	82	4064
L26_V103	83	4086
L26_V103	84	4096
L26_V103	85	4181
L26_V103	86	4224
L26_V103	87	4267
L26_V103	88	4328
L26_V103	89	4352
L26_V103	90	4376
L26_V103	91	4444
L26_V103	92	4480
L26_V103	93	4517
L26_V103	94	4581
L26_V103	95	4608
L26_V103	96	4651
L26_V103	97	4718
L26_V103	98	4736
L26_V103	99	4819
L26_V103	100	4857
L26_V103	101	4864
L26_V103	102	4917
L26_V103	103	4981
L26_V103	104	4992
L26_V103	105	5033
L26_V103	106	5120
L26_V103	107	5127
L26_V103	108	5201
L26_V103	109	5248
L26_V103	110	5312
L26_V103	111	5376
L26_V103	112	5437
L26_V103	113	5504
L26_V103	114	5547
L26_V103	115	5591
L26_V103	116	5632
L26_V103	117	5680
L26_V103	118	5739
L26_V103	119	5760
L26_V103	120	5793
L26_V103	121	5888
L26_V103	122	5926
L26_V103	123	6011
L26_V103	124	6016
L26_V103	125	6114
L26_V103	126	6144
L26_V103	127	6183
L26_V103	128	6272
L26_V103	129	6291
L26_V103	130	6400
L26_V103	131	6473
L26_V103	132	6523
L26_V103	133	6528
L26_V103	134	6604
L26_V103	135	6656
L26_V103	136	6695
L26_V103	137	6756
L26_V103	138	6784
L26_V103	139	6814
L26_V103	140	6879
L26_V103	141	6912
L26_V103	142	7040
L26_V103	143	7054
L26_V103	144	7168
L26_V103	145	7234
L26_V103	146	7295
L26_V103	147	7352
L26_V103	148	7423
L26_V103	149	7547
L26_V103	150	7552
L26_V103	151	7680
L26_V103	152	7726
L26_V103	153	7808
L26_V103	154	7936
L26_V121	1	0
L26_V121	2	21
L26_V121	3	32
L26_V121	4	33
L26_V121	5	78
L26_V121	6	83
L26_V121	7	88
L26_V121	8	128
L26_V121	9	164
L26_V121	10	165
L26_V121	11	166
L26_V121	12	224
L26_V121	13	256
L26_V121	14	300
L26_V121	15	384
L26_V121	16	412
L26_V121	17	512
L26_V121	18	640
L26_V121	19	666
L26_V121	20	768
L26_V121	21	847
L26_V121	22	896
L26_V121	23	1024
L26_V121	24	1088
L26_V121	25	1152
L26_V121	26	1158
L26_V121	27	1226
L26_V121	28	1280
L26_V121	29	1374
L26_V121	30	1408
L26_V121	31	1431
L26_V121	32	1485
L26_V121	33	1533
L26_V121	34	1536
L26_V121	35	1643
L26_V121	36	1664
L26_V121	37	1764
L26_V121	38	1792
L26_V121	39	1875
L26_V121	40	1920
L26_V121	41	1982
L26_V121	42	2034
L26_V121	43	2048
L26_V121	44	2176
L26_V121	45	2187
L26_V121	46	2280
L26_V121	47	2304
L26_V121	48	2404
L26_V121	49	2432
L26_V121	50	2460
L26_V121	51	2557
L26_V121	52	2560
L26_V121	53	2688
L26_V121	54	2804
L26_V121	55	2816
L26_V121	56	2877
L26_V121	57	2913
L26_V121	58	2944
L26_V121	59	2958
L26_V121	60	3072
L26_V121	61	3081
L26_V121	62	3141
L26_V121	63	3182
L26_V121	64	3200
L26_V121	65	3234
L26_V121	66	3300
L26_V121	67	3328
L26_V121	68	3377
L26_V121	69	3428
L26_V121	70	3456
L26_V121	71	3502
L26_V121	72	3529
L26_V121	73	3574
L26_V121	74	3584
L26_V121	75	3706
L26_V121	76	3711
L26_V121	77	3777
L26_V121	78	3840
L26_V121	79	3876
L26_V121	80	3951
L26_V121	81	3968
L26_V121	82	4006
L26_V121	83	4096
L26_V121	84	4214
L26_V121	85	4224
L26_V121	86	4352
L26_V121	87	4446
L26_V121	88	4480
L26_V121	89	4585
L26_V121	90	4608
L26_V121	91	4682
L26_V121	92	4736
L26_V121	93	4864
L26_V121	94	4992
L26_V121	95	5106
L26_V121	96	5120
L26_V121	97	5199
L26_V121	98	5248
L26_V121	99	5256
L26_V121	100	5376
L26_V121	101	5379
L26_V121	102	5504
L26_V121	103	5511
L26_V121	104	5632
L26_V121	105	5634
L26_V121	106	5760
L26_V121	107	5773
L26_V121	108	5836
L26_V121	109	5888
L26_V121	110	5908
L26_V121	111	5987
L26_V121	112	6016
L26_V121	113	6032
L26_V121	114	6144
L26_V121	115	6172
L26_V121	116	6272
L26_V121	117	6327
L26_V121	118	6377
L26_V121	119	6400
L26_V121	120	6468
L26_V121	121	6520
L26_V121	122	6528
L26_V121	123	6583
L26_V121	124	6617
L26_V121	125	6656
L26_V121	126	6661
L26_V121	127	6765
L26_V121	128	6784
L26_V121	129	6817
L26_V121	130	6912
L26_V121	131	6973
L26_V121	132	7040
L26_V121	133	7083
L26_V121	134	7143
L26_V121	135	7168
L26_V121	136	7230
L26_V121	137	7267
L26_V121	138	7295
L26_V121	139	7355
L26_V121	140	7423
L26_V121	141	7487
L26_V121	142	7552
L26_V121	143	7637
L26_V121	144	7680
L26_V121	145	7783
L26_V121	146	7808
L26_V121	147	7936
L26_V121	148	8064
L26_V152	1	0
L26_V152	2	21
L26_V152	3	56
L26_V152	4	61
L26_V152	5	78
L26_V152	6	83
L26_V152	7	88
L26_V152	8	128
L26_V152	9	165
L26_V152	10	166
L26_V152	11	224
L26_V152	12	256
L26_V152	13	300
L26_V152	14	384
L26_V152	15	417
L26_V152	16	512
L26_V152	17	631
L26_V152	18	640
L26_V152	19	768
L26_V152	20	811
L26_V152	21	896
L26_V152	22	1024
L26_V152	23	1046
L26_V152	24	1152
L26_V152	25	1197
L26_V152	26	1280
L26_V152	27	1351
L26_V152	28	1378
L26_V152	29	1408
L26_V152	30	1419
L26_V152	31	1446
L26_V152	32	1518
L26_V152	33	1536
L26_V152	34	1584
L26_V152	35	1651
L26_V152	36	1664
L26_V152	37	1761
L26_V152	38	1792
L26_V152	39	1809
L26_V152	40	1863
L26_V152	41	1910
L26_V152	42	1920
L26_V152	43	1952
L26_V152	44	2048
L26_V152	45	2061
L26_V152	46	2130
L26_V152	47	2176
L26_V152	48	2250
L26_V152	49	2304
L26_V152	50	2341
L26_V152	51	2394
L26_V152	52	2432
L26_V152	53	2441
L26_V152	54	2516
L26_V152	55	2553
L26_V152	56	2560
L26_V152	57	2626
L26_V152	58	2675
L26_V152	59	2688
L26_V152	60	2736
L26_V152	61	2773
L26_V152	62	2812
L26_V152	63	2816
L26_V152	64	2878
L26_V152	65	2926
L26_V152	66	2944
L26_V152	67	2963
L26_V152	68	3056
L26_V152	69	3072
L26_V152	70	3113
L26_V152	71	3200
L26_V152	72	3211
L26_V152	73	3328
L26_V152	74	3329
L26_V152	75	3456
L26_V152	76	3478
L26_V152	77	3584
L26_V152	78	3606
L26_V152	79	3690
L26_V152	80	3711
L26_V152	81	3786
L26_V152	82	3836
L26_V152	83	3840
L26_V152	84	3968
L26_V152	85	3985
L26_V152	86	4067
L26_V152	87	4096
L26_V152	88	4149
L26_V152	89	4189
L26_V152	90	4224
L26_V152	91	4234
L26_V152	92	4285
L26_V152	93	4338
L26_V152	94	4352
L26_V152	95	4375
L26_V152	96	4454
L26_V152	97	4480
L26_V152	98	4541
L26_V152	99	4608
L26_V152	100	4618
L26_V152	101	4711
L26_V152	102	4736
L26_V152	103	4761
L26_V152	104	4841
L26_V152	105	4864
L26_V152	106	4877
L26_V152	107	4971
L26_V152	108	4992
L26_V152	109	5043
L26_V152	110	5120
L26_V152	111	5140
L26_V152	112	5212
L26_V152	113	5248
L26_V152	114	5262
L26_V152	115	5331
L26_V152	116	5376
L26_V152	117	5380
L26_V152	118	5451
L26_V152	119	5501
L26_V152	120	5504
L26_V152	121	5545
L26_V152	122	5632
L26_V152	123	5714
L26_V152	124	5760
L26_V152	125	5761
L26_V152	126	5806
L26_V152	127	5850
L26_V152	128	5888
L26_V152	129	5898
L26_V152	130	5970
L26_V152	131	6016
L26_V152	132	6075
L26_V152	133	6144
L26_V152	134	6163
L26_V152	135	6213
L26_V152	136	6272
L26_V152	137	6276
L26_V152	138	6323
L26_V152	139	6400
L26_V152	140	6425
L26_V152	141	6494
L26_V152	142	6528
L26_V152	143	6592
L26_V152	144	6656
L26_V152	145	6684
L26_V152	146	6784
L26_V152	147	6822
L26_V152	148	6912
L26_V152	149	7011
L26_V152	150	7040
L26_V152	151	7075
L26_V152	152	7168
L26_V152	153	7176
L26_V152	154	7295
L26_V152	155	7413
L26_V152	156	7423
L26_V152	157	7544
L26_V152	158	7552
L26_V152	159	7656
L26_V152	160	7680
L26_V152	161	7808
L26_V152	162	7925
L26_V152	163	7936
L26_V152	164	8064
L26_V152	165	8192
L26_V153	1	0
L26_V153	2	21
L26_V153	3	56
L26_V153	4	61
L26_V153	5	78
L26_V153	6	83
L26_V153	7	88
L26_V153	8	128
L26_V153	9	165
L26_V153	10	166
L26_V153	11	224
L26_V153	12	256
L26_V153	13	300
L26_V153	14	384
L26_V153	15	430
L26_V153	16	512
L26_V153	17	640
L26_V153	18	717
L26_V153	19	768
L26_V153	20	896
L26_V153	21	898
L26_V153	22	1024
L26_V153	23	1152
L26_V153	24	1280
L26_V153	25	1348
L26_V153	26	1408
L26_V153	27	1428
L26_V153	28	1536
L26_V153	29	1603
L26_V153	30	1639
L26_V153	31	1664
L26_V153	32	1720
L26_V153	33	1792
L26_V153	34	1823
L26_V153	35	1896
L26_V153	36	1920
L26_V153	37	1941
L26_V153	38	2003
L26_V153	39	2048
L26_V153	40	2096
L26_V153	41	2176
L26_V153	42	2259
L26_V153	43	2304
L26_V153	44	2315
L26_V153	45	2387
L26_V153	46	2432
L26_V153	47	2466
L26_V153	48	2522
L26_V153	49	2546
L26_V153	50	2560
L26_V153	51	2587
L26_V153	52	2613
L26_V153	53	2644
L26_V153	54	2683
L26_V153	55	2688
L26_V153	56	2731
L26_V153	57	2816
L26_V153	58	2822
L26_V153	59	2873
L26_V153	60	2944
L26_V153	61	2953
L26_V153	62	3072
L26_V153	63	3154
L26_V153	64	3200
L26_V153	65	3297
L26_V153	66	3328
L26_V153	67	3365
L26_V153	68	3456
L26_V153	69	3458
L26_V153	70	3508
L26_V153	71	3584
L26_V153	72	3589
L26_V153	73	3657
L26_V153	74	3711
L26_V153	75	3735
L26_V153	76	3772
L26_V153	77	3840
L26_V153	78	3920
L26_V153	79	3968
L26_V153	80	4047
L26_V153	81	4096
L26_V153	82	4205
L26_V153	83	4224
L26_V153	84	4294
L26_V153	85	4352
L26_V153	86	4353
L26_V153	87	4409
L26_V153	88	4456
L26_V153	89	4480
L26_V153	90	4527
L26_V153	91	4608
L26_V153	92	4668
L26_V153	93	4736
L26_V153	94	4768
L26_V153	95	4819
L26_V153	96	4864
L26_V153	97	4930
L26_V153	98	4992
L26_V153	99	4995
L26_V153	100	5035
L26_V153	101	5103
L26_V153	102	5120
L26_V153	103	5159
L26_V153	104	5248
L26_V153	105	5249
L26_V153	106	5376
L26_V153	107	5504
L26_V153	108	5611
L26_V153	109	5632
L26_V153	110	5688
L26_V153	111	5760
L26_V153	112	5796
L26_V153	113	5888
L26_V153	114	5901
L26_V153	115	5992
L26_V153	116	6016
L26_V153	117	6074
L26_V153	118	6144
L26_V153	119	6227
L26_V153	120	6272
L26_V153	121	6400
L26_V153	122	6479
L26_V153	123	6528
L26_V153	124	6529
L26_V153	125	6579
L26_V153	126	6628
L26_V153	127	6656
L26_V153	128	6784
L26_V153	129	6795
L26_V153	130	6842
L26_V153	131	6909
L26_V153	132	6912
L26_V153	133	7040
L26_V153	134	7119
L26_V153	135	7168
L26_V153	136	7255
L26_V153	137	7295
L26_V153	138	7345
L26_V153	139	7423
L26_V153	140	7509
L26_V153	141	7552
L26_V153	142	7680
L26_V153	143	7717
L26_V153	144	7808
L26_V153	145	7888
L26_V153	146	7936
L26_V153	147	8064
L26_V160	1	0
L26_V160	2	21
L26_V160	3	56
L26_V160	4	61
L26_V160	5	78
L26_V160	6	83
L26_V160	7	88
L26_V160	8	128
L26_V160	9	165
L26_V160	10	166
L26_V160	11	224
L26_V160	12	256
L26_V160	13	300
L26_V160	14	384
L26_V160	15	433
L26_V160	16	512
L26_V160	17	640
L26_V160	18	686
L26_V160	19	768
L26_V160	20	790
L26_V160	21	896
L26_V160	22	971
L26_V160	23	1024
L26_V160	24	1152
L26_V160	25	1272
L26_V160	26	1280
L26_V160	27	1355
L26_V160	28	1408
L26_V160	29	1437
L26_V160	30	1480
L26_V160	31	1536
L26_V160	32	1618
L26_V160	33	1664
L26_V160	34	1695
L26_V160	35	1792
L26_V160	36	1920
L26_V160	37	1971
L26_V160	38	2021
L26_V160	39	2048
L26_V160	40	2098
L26_V160	41	2157
L26_V160	42	2176
L26_V160	43	2238
L26_V160	44	2298
L26_V160	45	2304
L26_V160	46	2361
L26_V160	47	2411
L26_V160	48	2432
L26_V160	49	2455
L26_V160	50	2528
L26_V160	51	2560
L26_V160	52	2616
L26_V160	53	2666
L26_V160	54	2688
L26_V160	55	2748
L26_V160	56	2760
L26_V160	57	2761
L26_V160	58	2777
L26_V160	59	2808
L26_V160	60	2816
L26_V160	61	2903
L26_V160	62	2944
L26_V160	63	2949
L26_V160	64	3033
L26_V160	65	3072
L26_V160	66	3091
L26_V160	67	3200
L26_V160	68	3279
L26_V160	69	3328
L26_V160	70	3429
L26_V160	71	3456
L26_V160	72	3495
L26_V160	73	3545
L26_V160	74	3584
L26_V160	75	3597
L26_V160	76	3661
L26_V160	77	3711
L26_V160	78	3793
L26_V160	79	3840
L26_V160	80	3889
L26_V160	81	3968
L26_V160	82	3983
L26_V160	83	4068
L26_V160	84	4096
L26_V160	85	4224
L26_V160	86	4335
L26_V160	87	4352
L26_V160	88	4480
L26_V160	89	4571
L26_V160	90	4608
L26_V160	91	4655
L26_V160	92	4736
L26_V160	93	4750
L26_V160	94	4818
L26_V160	95	4864
L26_V160	96	4872
L26_V160	97	4882
L26_V160	98	4883
L26_V160	99	4992
L26_V160	100	5056
L26_V160	101	5120
L26_V160	102	5175
L26_V160	103	5248
L26_V160	104	5281
L26_V160	105	5372
L26_V160	106	5376
L26_V160	107	5431
L26_V160	108	5504
L26_V160	109	5581
L26_V160	110	5632
L26_V160	111	5702
L26_V160	112	5760
L26_V160	113	5864
L26_V160	114	5888
L26_V160	115	6016
L26_V160	116	6064
L26_V160	117	6114
L26_V160	118	6144
L26_V160	119	6216
L26_V160	120	6272
L26_V160	121	6286
L26_V160	122	6363
L26_V160	123	6400
L26_V160	124	6409
L26_V160	125	6467
L26_V160	126	6528
L26_V160	127	6612
L26_V160	128	6656
L26_V160	129	6718
L26_V160	130	6784
L26_V160	131	6800
L26_V160	132	6912
L26_V160	133	6943
L26_V160	134	7040
L26_V160	135	7056
L26_V160	136	7168
L26_V160	137	7264
L26_V160	138	7295
L26_V160	139	7381
L26_V160	140	7423
L26_V160	141	7518
L26_V160	142	7552
L26_V160	143	7680
L26_V160	144	7711
L26_V160	145	7808
L26_V160	146	7936
L26_V190	1	0
L26_V190	2	21
L26_V190	3	56
L26_V190	4	61
L26_V190	5	78
L26_V190	6	83
L26_V190	7	88
L26_V190	8	128
L26_V190	9	165
L26_V190	10	166
L26_V190	11	224
L26_V190	12	256
L26_V190	13	300
L26_V190	14	371
L26_V190	15	384
L26_V190	16	512
L26_V190	17	564
L26_V190	18	640
L26_V190	19	745
L26_V190	20	768
L26_V190	21	896
L26_V190	22	1024
L26_V190	23	1058
L26_V190	24	1106
L26_V190	25	1152
L26_V190	26	1167
L26_V190	27	1200
L26_V190	28	1224
L26_V190	29	1280
L26_V190	30	1287
L26_V190	31	1343
L26_V190	32	1408
L26_V190	33	1439
L26_V190	34	1497
L26_V190	35	1532
L26_V190	36	1536
L26_V190	37	1664
L26_V190	38	1691
L26_V190	39	1732
L26_V190	40	1768
L26_V190	41	1792
L26_V190	42	1798
L26_V190	43	1848
L26_V190	44	1920
L26_V190	45	2048
L26_V190	46	2091
L26_V190	47	2121
L26_V190	48	2176
L26_V190	49	2248
L26_V190	50	2304
L26_V190	51	2432
L26_V190	52	2469
L26_V190	53	2560
L26_V190	54	2562
L26_V190	55	2596
L26_V190	56	2688
L26_V190	57	2774
L26_V190	58	2816
L26_V190	59	2847
L26_V190	60	2917
L26_V190	61	2944
L26_V190	62	2970
L26_V190	63	3019
L26_V190	64	3056
L26_V190	65	3072
L26_V190	66	3113
L26_V190	67	3200
L26_V190	68	3217
L26_V190	69	3277
L26_V190	70	3315
L26_V190	71	3328
L26_V190	72	3353
L26_V190	73	3389
L26_V190	74	3450
L26_V190	75	3456
L26_V190	76	3502
L26_V190	77	3577
L26_V190	78	3584
L26_V190	79	3635
L26_V190	80	3711
L26_V190	81	3759
L26_V190	82	3797
L26_V190	83	3840
L26_V190	84	3904
L26_V190	85	3968
L26_V190	86	4096
L26_V190	87	4224
L26_V190	88	4229
L26_V190	89	4262
L26_V190	90	4333
L26_V190	91	4352
L26_V190	92	4379
L26_V190	93	4414
L26_V190	94	4445
L26_V190	95	4480
L26_V190	96	4488
L26_V190	97	4524
L26_V190	98	4559
L26_V190	99	4588
L26_V190	100	4608
L26_V190	101	4630
L26_V190	102	4736
L26_V190	103	4811
L26_V190	104	4864
L26_V190	105	4908
L26_V190	106	4963
L26_V190	107	4992
L26_V190	108	5036
L26_V190	109	5066
L26_V190	110	5103
L26_V190	111	5120
L26_V190	112	5219
L26_V190	113	5248
L26_V190	114	5304
L26_V190	115	5376
L26_V190	116	5377
L26_V190	117	5465
L26_V190	118	5504
L26_V190	119	5552
L26_V190	120	5632
L26_V190	121	5654
L26_V190	122	5727
L26_V190	123	5760
L26_V190	124	5888
L26_V190	125	5889
L26_V190	126	5939
L26_V190	127	5994
L26_V190	128	6016
L26_V190	129	6041
L26_V190	130	6091
L26_V190	131	6131
L26_V190	132	6144
L26_V190	133	6218
L26_V190	134	6272
L26_V190	135	6326
L26_V190	136	6400
L26_V190	137	6500
L26_V190	138	6528
L26_V190	139	6656
L26_V190	140	6752
L26_V190	141	6784
L26_V190	142	6883
L26_V190	143	6912
L26_V190	144	6995
L26_V190	145	7040
L26_V190	146	7159
L26_V190	147	7168
L26_V190	148	7295
L26_V190	149	7420
L26_V190	150	7423
L26_V190	151	7552
L26_V190	152	7680
L26_V222	1	0
L26_V222	2	21
L26_V222	3	56
L26_V222	4	61
L26_V222	5	78
L26_V222	6	83
L26_V222	7	88
L26_V222	8	128
L26_V222	9	165
L26_V222	10	166
L26_V222	11	224
L26_V222	12	256
L26_V222	13	300
L26_V222	14	384
L26_V222	15	409
L26_V222	16	512
L26_V222	17	602
L26_V222	18	640
L26_V222	19	768
L26_V222	20	783
L26_V222	21	896
L26_V222	22	1001
L26_V222	23	1024
L26_V222	24	1085
L26_V222	25	1128
L26_V222	26	1152
L26_V222	27	1182
L26_V222	28	1257
L26_V222	29	1280
L26_V222	30	1306
L26_V222	31	1376
L26_V222	32	1408
L26_V222	33	1461
L26_V222	34	1503
L26_V222	35	1536
L26_V222	36	1600
L26_V222	37	1655
L26_V222	38	1664
L26_V222	39	1700
L26_V222	40	1755
L26_V222	41	1792
L26_V222	42	1869
L26_V222	43	1920
L26_V222	44	1991
L26_V222	45	2048
L26_V222	46	2052
L26_V222	47	2176
L26_V222	48	2185
L26_V222	49	2304
L26_V222	50	2364
L26_V222	51	2403
L26_V222	52	2432
L26_V222	53	2462
L26_V222	54	2512
L26_V222	55	2560
L26_V222	56	2595
L26_V222	57	2667
L26_V222	58	2688
L26_V222	59	2791
L26_V222	60	2816
L26_V222	61	2868
L26_V222	62	2944
L26_V222	63	2962
L26_V222	64	3015
L26_V222	65	3051
L26_V222	66	3072
L26_V222	67	3085
L26_V222	68	3175
L26_V222	69	3200
L26_V222	70	3299
L26_V222	71	3328
L26_V222	72	3397
L26_V222	73	3456
L26_V222	74	3472
L26_V222	75	3536
L26_V222	76	3584
L26_V222	77	3668
L26_V222	78	3711
L26_V222	79	3778
L26_V222	80	3836
L26_V222	81	3840
L26_V222	82	3879
L26_V222	83	3947
L26_V222	84	3968
L26_V222	85	3990
L26_V222	86	4025
L26_V222	87	4096
L26_V222	88	4101
L26_V222	89	4179
L26_V222	90	4224
L26_V222	91	4228
L26_V222	92	4284
L26_V222	93	4352
L26_V222	94	4353
L26_V222	95	4386
L26_V222	96	4448
L26_V222	97	4480
L26_V222	98	4523
L26_V222	99	4596
L26_V222	100	4608
L26_V222	101	4638
L26_V222	102	4711
L26_V222	103	4736
L26_V222	104	4775
L26_V222	105	4857
L26_V222	106	4864
L26_V222	107	4871
L26_V222	108	4875
L26_V222	109	4876
L26_V222	110	4877
L26_V222	111	4882
L26_V222	112	4883
L26_V222	113	4889
L26_V222	114	4896
L26_V222	115	4902
L26_V222	116	4903
L26_V222	117	4919
L26_V222	118	4992
L26_V222	119	5120
L26_V222	120	5204
L26_V222	121	5248
L26_V222	122	5319
L26_V222	123	5376
L26_V222	124	5385
L26_V222	125	5418
L26_V222	126	5504
L26_V222	127	5516
L26_V222	128	5632
L26_V222	129	5760
L26_V222	130	5768
L26_V222	131	5818
L26_V222	132	5867
L26_V222	133	5888
L26_V222	134	5951
L26_V222	135	6016
L26_V222	136	6121
L26_V222	137	6144
L26_V222	138	6174
L26_V222	139	6223
L26_V222	140	6272
L26_V222	141	6274
L26_V222	142	6400
L26_V222	143	6431
L26_V222	144	6509
L26_V222	145	6528
L26_V222	146	6602
L26_V222	147	6656
L26_V222	148	6665
L26_V222	149	6738
L26_V222	150	6784
L26_V222	151	6851
L26_V222	152	6912
L26_V222	153	6989
L26_V222	154	7040
L26_V222	155	7131
L26_V222	156	7168
L26_V222	157	7259
L26_V222	158	7295
L26_V222	159	7423
L26_V222	160	7438
L26_V222	161	7552
L26_V222	162	7570
L26_V222	163	7680
L26_V222	164	7808
L26_V232	1	0
L26_V232	2	21
L26_V232	3	56
L26_V232	4	61
L26_V232	5	78
L26_V232	6	83
L26_V232	7	88
L26_V232	8	128
L26_V232	9	165
L26_V232	10	166
L26_V232	11	224
L26_V232	12	256
L26_V232	13	300
L26_V232	14	384
L26_V232	15	407
L26_V232	16	512
L26_V232	17	600
L26_V232	18	640
L26_V232	19	768
L26_V232	20	781
L26_V232	21	896
L26_V232	22	949
L26_V232	23	1002
L26_V232	24	1024
L26_V232	25	1064
L26_V232	26	1147
L26_V232	27	1152
L26_V232	28	1237
L26_V232	29	1280
L26_V232	30	1316
L26_V232	31	1353
L26_V232	32	1395
L26_V232	33	1408
L26_V232	34	1461
L26_V232	35	1523
L26_V232	36	1536
L26_V232	37	1563
L26_V232	38	1610
L26_V232	39	1664
L26_V232	40	1687
L26_V232	41	1732
L26_V232	42	1767
L26_V232	43	1792
L26_V232	44	1800
L26_V232	45	1838
L26_V232	46	1868
L26_V232	47	1920
L26_V232	48	1937
L26_V232	49	2005
L26_V232	50	2048
L26_V232	51	2116
L26_V232	52	2159
L26_V232	53	2176
L26_V232	54	2220
L26_V232	55	2225
L26_V232	56	2260
L26_V232	57	2281
L26_V232	58	2282
L26_V232	59	2304
L26_V232	60	2320
L26_V232	61	2356
L26_V232	62	2416
L26_V232	63	2432
L26_V232	64	2464
L26_V232	65	2542
L26_V232	66	2560
L26_V232	67	2566
L26_V232	68	2642
L26_V232	69	2688
L26_V232	70	2696
L26_V232	71	2746
L26_V232	72	2788
L26_V232	73	2816
L26_V232	74	2839
L26_V232	75	2887
L26_V232	76	2944
L26_V232	77	2956
L26_V232	78	3001
L26_V232	79	3052
L26_V232	80	3072
L26_V232	81	3089
L26_V232	82	3131
L26_V232	83	3200
L26_V232	84	3204
L26_V232	85	3227
L26_V232	86	3265
L26_V232	87	3309
L26_V232	88	3328
L26_V232	89	3381
L26_V232	90	3409
L26_V232	91	3456
L26_V232	92	3479
L26_V232	93	3553
L26_V232	94	3584
L26_V232	95	3609
L26_V232	96	3685
L26_V232	97	3711
L26_V232	98	3715
L26_V232	99	3767
L26_V232	100	3800
L26_V232	101	3840
L26_V232	102	3869
L26_V232	103	3909
L26_V232	104	3947
L26_V232	105	3968
L26_V232	106	4015
L26_V232	107	4096
L26_V232	108	4195
L26_V232	109	4224
L26_V232	110	4277
L26_V232	111	4352
L26_V232	112	4371
L26_V232	113	4465
L26_V232	114	4480
L26_V232	115	4520
L26_V232	116	4569
L26_V232	117	4608
L26_V232	118	4630
L26_V232	119	4724
L26_V232	120	4736
L26_V232	121	4809
L26_V232	122	4864
L26_V232	123	4869
L26_V232	124	4904
L26_V232	125	4962
L26_V232	126	4992
L26_V232	127	5003
L26_V232	128	5033
L26_V232	129	5101
L26_V232	130	5120
L26_V232	131	5151
L26_V232	132	5196
L26_V232	133	5234
L26_V232	134	5248
L26_V232	135	5273
L26_V232	136	5372
L26_V232	137	5376
L26_V232	138	5429
L26_V232	139	5504
L26_V232	140	5574
L26_V232	141	5621
L26_V232	142	5624
L26_V232	143	5632
L26_V232	144	5644
L26_V232	145	5645
L26_V232	146	5669
L26_V232	147	5760
L26_V232	148	5773
L26_V232	149	5879
L26_V232	150	5888
L26_V232	151	5968
L26_V232	152	6016
L26_V232	153	6061
L26_V232	154	6092
L26_V232	155	6144
L26_V232	156	6231
L26_V232	157	6272
L26_V232	158	6293
L26_V232	159	6370
L26_V232	160	6400
L26_V232	161	6418
L26_V232	162	6490
L26_V232	163	6528
L26_V232	164	6647
L26_V232	165	6656
L26_V232	166	6697
L26_V232	167	6743
L26_V232	168	6784
L26_V232	169	6805
L26_V232	170	6850
L26_V232	171	6887
L26_V232	172	6912
L26_V232	173	6934
L26_V232	174	7040
L26_V232	175	7052
L26_V232	176	7168
L26_V232	177	7211
L26_V232	178	7295
L26_V232	179	7331
L26_V232	180	7423
L26_V232	181	7540
L26_V232	182	7552
L26_V232	183	7680
L26_V232	184	7795
L26_V232	185	7808
L26_V232	186	7936
L26_V232	187	8064
L26_V278	1	0
L26_V278	2	21
L26_V278	3	61
L26_V278	4	78
L26_V278	5	83
L26_V278	6	88
L26_V278	7	128
L26_V278	8	165
L26_V278	9	166
L26_V278	10	224
L26_V278	11	256
L26_V278	12	300
L26_V278	13	384
L26_V278	14	407
L26_V278	15	480
L26_V278	16	505
L26_V278	17	512
L26_V278	18	588
L26_V278	19	637
L26_V278	20	640
L26_V278	21	675
L26_V278	22	720
L26_V278	23	742
L26_V278	24	768
L26_V278	25	774
L26_V278	26	838
L26_V278	27	896
L26_V278	28	921
L26_V278	29	986
L26_V278	30	1024
L26_V278	31	1068
L26_V278	32	1102
L26_V278	33	1149
L26_V278	34	1152
L26_V278	35	1218
L26_V278	36	1252
L26_V278	37	1275
L26_V278	38	1280
L26_V278	39	1325
L26_V278	40	1408
L26_V278	41	1428
L26_V278	42	1536
L26_V278	43	1651
L26_V278	44	1664
L26_V278	45	1792
L26_V278	46	1825
L26_V278	47	1920
L26_V278	48	2005
L26_V278	49	2048
L26_V278	50	2100
L26_V278	51	2147
L26_V278	52	2176
L26_V278	53	2237
L26_V278	54	2304
L26_V278	55	2307
L26_V278	56	2386
L26_V278	57	2432
L26_V278	58	2471
L26_V278	59	2499
L26_V278	60	2560
L26_V278	61	2688
L26_V278	62	2696
L26_V278	63	2774
L26_V278	64	2811
L26_V278	65	2816
L26_V278	66	2850
L26_V278	67	2892
L26_V278	68	2944
L26_V278	69	2996
L26_V278	70	3072
L26_V278	71	3075
L26_V278	72	3200
L26_V278	73	3220
L26_V278	74	3328
L26_V278	75	3438
L26_V278	76	3456
L26_V278	77	3471
L26_V278	78	3545
L26_V278	79	3584
L26_V278	80	3609
L26_V278	81	3657
L26_V278	82	3708
L26_V278	83	3711
L26_V278	84	3752
L26_V278	85	3801
L26_V278	86	3840
L26_V278	87	3840
L26_V278	88	3902
L26_V278	89	3968
L26_V278	90	4021
L26_V278	91	4084
L26_V278	92	4096
L26_V278	93	4138
L26_V278	94	4184
L26_V278	95	4224
L26_V278	96	4349
L26_V278	97	4352
L26_V278	98	4411
L26_V278	99	4480
L26_V278	100	4487
L26_V278	101	4592
L26_V278	102	4608
L26_V278	103	4661
L26_V278	104	4736
L26_V278	105	4748
L26_V278	106	4802
L26_V278	107	4849
L26_V278	108	4864
L26_V278	109	4905
L26_V278	110	4971
L26_V278	111	4992
L26_V278	112	5057
L26_V278	113	5120
L26_V278	114	5155
L26_V278	115	5242
L26_V278	116	5248
L26_V278	117	5285
L26_V278	118	5325
L26_V278	119	5376
L26_V278	120	5412
L26_V278	121	5457
L26_V278	122	5498
L26_V278	123	5504
L26_V278	124	5547
L26_V278	125	5616
L26_V278	126	5632
L26_V278	127	5760
L26_V278	128	5761
L26_V278	129	5830
L26_V278	130	5867
L26_V278	131	5888
L26_V278	132	5926
L26_V278	133	5976
L26_V278	134	6016
L26_V278	135	6144
L26_V278	136	6145
L26_V278	137	6187
L26_V278	138	6272
L26_V278	139	6292
L26_V278	140	6397
L26_V278	141	6400
L26_V278	142	6477
L26_V278	143	6528
L26_V278	144	6586
L26_V278	145	6656
L26_V278	146	6731
L26_V278	147	6784
L26_V278	148	6848
L26_V278	149	6912
L26_V278	150	6922
L26_V278	151	6988
L26_V278	152	7040
L26_V278	153	7055
L26_V278	154	7168
L26_V278	155	7195
L26_V278	156	7295
L26_V278	157	7409
L26_V278	158	7423
L26_V278	159	7533
L26_V278	160	7552
L26_V278	161	7655
L26_V278	162	7680
L26_V278	163	7808
L26_V278	164	7854
L26_V278	165	7936
L26_V278	166	8064
L26_V284	1	0
L26_V284	2	21
L26_V284	3	33
L26_V284	4	78
L26_V284	5	83
L26_V284	6	88
L26_V284	7	128
L26_V284	8	165
L26_V284	9	166
L26_V284	10	224
L26_V284	11	256
L26_V284	12	300
L26_V284	13	380
L26_V284	14	384
L26_V284	15	445
L26_V284	16	512
L26_V284	17	519
L26_V284	18	568
L26_V284	19	609
L26_V284	20	640
L26_V284	21	737
L26_V284	22	768
L26_V284	23	788
L26_V284	24	896
L26_V284	25	949
L26_V284	26	999
L26_V284	27	1024
L26_V284	28	1056
L26_V284	29	1086
L26_V284	30	1136
L26_V284	31	1152
L26_V284	32	1219
L26_V284	33	1280
L26_V284	34	1408
L26_V284	35	1442
L26_V284	36	1536
L26_V284	37	1616
L26_V284	38	1664
L26_V284	39	1792
L26_V284	40	1795
L26_V284	41	1866
L26_V284	42	1920
L26_V284	43	1964
L26_V284	44	2021
L26_V284	45	2048
L26_V284	46	2127
L26_V284	47	2176
L26_V284	48	2301
L26_V284	49	2304
L26_V284	50	2432
L26_V284	51	2507
L26_V284	52	2560
L26_V284	53	2595
L26_V284	54	2684
L26_V284	55	2688
L26_V284	56	2740
L26_V284	57	2773
L26_V284	58	2816
L26_V284	59	2858
L26_V284	60	2910
L26_V284	61	2944
L26_V284	62	3024
L26_V284	63	3072
L26_V284	64	3105
L26_V284	65	3200
L26_V284	66	3245
L26_V284	67	3300
L26_V284	68	3328
L26_V284	69	3367
L26_V284	70	3445
L26_V284	71	3456
L26_V284	72	3563
L26_V284	73	3584
L26_V284	74	3701
L26_V284	75	3711
L26_V284	76	3786
L26_V284	77	3840
L26_V284	78	3911
L26_V284	79	3968
L26_V284	80	4013
L26_V284	81	4051
L26_V284	82	4096
L26_V284	83	4114
L26_V284	84	4183
L26_V284	85	4224
L26_V284	86	4284
L26_V284	87	4352
L26_V284	88	4406
L26_V284	89	4480
L26_V284	90	4562
L26_V284	91	4608
L26_V284	92	4698
L26_V284	93	4736
L26_V284	94	4804
L26_V284	95	4864
L26_V284	96	4870
L26_V284	97	4922
L26_V284	98	4960
L26_V284	99	4992
L26_V284	100	5021
L26_V284	101	5094
L26_V284	102	5120
L26_V284	103	5248
L26_V284	104	5249
L26_V284	105	5355
L26_V284	106	5376
L26_V284	107	5426
L26_V284	108	5463
L26_V284	109	5494
L26_V284	110	5504
L26_V284	111	5525
L26_V284	112	5602
L26_V284	113	5632
L26_V284	114	5686
L26_V284	115	5760
L26_V284	116	5761
L26_V284	117	5804
L26_V284	118	5872
L26_V284	119	5888
L26_V284	120	5935
L26_V284	121	6009
L26_V284	122	6016
L26_V284	123	6092
L26_V284	124	6144
L26_V284	125	6202
L26_V284	126	6272
L26_V284	127	6276
L26_V284	128	6380
L26_V284	129	6400
L26_V284	130	6468
L26_V284	131	6518
L26_V284	132	6528
L26_V284	133	6531
L26_V284	134	6578
L26_V284	135	6656
L26_V284	136	6665
L26_V284	137	6706
L26_V284	138	6765
L26_V284	139	6784
L26_V284	140	6822
L26_V284	141	6884
L26_V284	142	6912
L26_V284	143	6934
L26_V284	144	6981
L26_V284	145	7040
L26_V284	146	7059
L26_V284	147	7168
L26_V284	148	7287
L26_V284	149	7295
L26_V284	150	7384
L26_V284	151	7423
L26_V284	152	7495
L26_V284	153	7552
L26_V284	154	7634
L26_V284	155	7680
L26_V284	156	7808
L26_V284	157	7936
L26_V284	158	8064
L26_V302	1	0
L26_V302	2	21
L26_V302	3	33
L26_V302	4	78
L26_V302	5	83
L26_V302	6	88
L26_V302	7	128
L26_V302	8	165
L26_V302	9	166
L26_V302	10	224
L26_V302	11	256
L26_V302	12	300
L26_V302	13	351
L26_V302	14	376
L26_V302	15	384
L26_V302	16	409
L26_V302	17	454
L26_V302	18	476
L26_V302	19	505
L26_V302	20	512
L26_V302	21	532
L26_V302	22	568
L26_V302	23	640
L26_V302	24	690
L26_V302	25	765
L26_V302	26	768
L26_V302	27	789
L26_V302	28	839
L26_V302	29	896
L26_V302	30	927
L26_V302	31	1024
L26_V302	32	1152
L26_V302	33	1280
L26_V302	34	1326
L26_V302	35	1408
L26_V302	36	1488
L26_V302	37	1536
L26_V302	38	1545
L26_V302	39	1574
L26_V302	40	1607
L26_V302	41	1664
L26_V302	42	1664
L26_V302	43	1735
L26_V302	44	1792
L26_V302	45	1802
L26_V302	46	1857
L26_V302	47	1920
L26_V302	48	2010
L26_V302	49	2048
L26_V302	50	2099
L26_V302	51	2158
L26_V302	52	2176
L26_V302	53	2235
L26_V302	54	2304
L26_V302	55	2311
L26_V302	56	2352
L26_V302	57	2432
L26_V302	58	2468
L26_V302	59	2524
L26_V302	60	2560
L26_V302	61	2603
L26_V302	62	2667
L26_V302	63	2688
L26_V302	64	2731
L26_V302	65	2775
L26_V302	66	2816
L26_V302	67	2865
L26_V302	68	2911
L26_V302	69	2944
L26_V302	70	2960
L26_V302	71	2988
L26_V302	72	3062
L26_V302	73	3072
L26_V302	74	3133
L26_V302	75	3195
L26_V302	76	3200
L26_V302	77	3220
L26_V302	78	3328
L26_V302	79	3336
L26_V302	80	3389
L26_V302	81	3427
L26_V302	82	3456
L26_V302	83	3469
L26_V302	84	3504
L26_V302	85	3543
L26_V302	86	3584
L26_V302	87	3615
L26_V302	88	3660
L26_V302	89	3711
L26_V302	90	3734
L26_V302	91	3772
L26_V302	92	3808
L26_V302	93	3836
L26_V302	94	3840
L26_V302	95	3875
L26_V302	96	3915
L26_V302	97	3968
L26_V302	98	3997
L26_V302	99	4096
L26_V302	100	4137
L26_V302	101	4224
L26_V302	102	4347
L26_V302	103	4352
L26_V302	104	4402
L26_V302	105	4458
L26_V302	106	4480
L26_V302	107	4492
L26_V302	108	4546
L26_V302	109	4592
L26_V302	110	4608
L26_V302	111	4668
L26_V302	112	4729
L26_V302	113	4736
L26_V302	114	4812
L26_V302	115	4864
L26_V302	116	4896
L26_V302	117	4971
L26_V302	118	4992
L26_V302	119	5056
L26_V302	120	5098
L26_V302	121	5120
L26_V302	122	5148
L26_V302	123	5190
L26_V302	124	5234
L26_V302	125	5248
L26_V302	126	5286
L26_V302	127	5365
L26_V302	128	5376
L26_V302	129	5409
L26_V302	130	5463
L26_V302	131	5504
L26_V302	132	5512
L26_V302	133	5577
L26_V302	134	5632
L26_V302	135	5644
L26_V302	136	5697
L26_V302	137	5760
L26_V302	138	5830
L26_V302	139	5888
L26_V302	140	5891
L26_V302	141	5962
L26_V302	142	6016
L26_V302	143	6021
L26_V302	144	6077
L26_V302	145	6144
L26_V302	146	6152
L26_V302	147	6202
L26_V302	148	6245
L26_V302	149	6272
L26_V302	150	6384
L26_V302	151	6400
L26_V302	152	6459
L26_V302	153	6528
L26_V302	154	6604
L26_V302	155	6656
L26_V302	156	6754
L26_V302	157	6784
L26_V302	158	6912
L26_V302	159	6966
L26_V302	160	7040
L26_V302	161	7072
L26_V302	162	7168
L26_V302	163	7240
L26_V302	164	7295
L26_V302	165	7343
L26_V302	166	7423
L26_V302	167	7434
L26_V302	168	7552
L26_V302	169	7680
L26_V354	1	0
L26_V354	2	21
L26_V354	3	33
L26_V354	4	78
L26_V354	5	83
L26_V354	6	88
L26_V354	7	128
L26_V354	8	165
L26_V354	9	166
L26_V354	10	224
L26_V354	11	256
L26_V354	12	300
L26_V354	13	384
L26_V354	14	444
L26_V354	15	479
L26_V354	16	512
L26_V354	17	527
L26_V354	18	601
L26_V354	19	640
L26_V354	20	670
L26_V354	21	749
L26_V354	22	768
L26_V354	23	802
L26_V354	24	896
L26_V354	25	901
L26_V354	26	990
L26_V354	27	1024
L26_V354	28	1083
L26_V354	29	1128
L26_V354	30	1152
L26_V354	31	1158
L26_V354	32	1179
L26_V354	33	1229
L26_V354	34	1280
L26_V354	35	1350
L26_V354	36	1408
L26_V354	37	1536
L26_V354	38	1574
L26_V354	39	1664
L26_V354	40	1748
L26_V354	41	1792
L26_V354	42	1916
L26_V354	43	1920
L26_V354	44	1944
L26_V354	45	1989
L26_V354	46	2021
L26_V354	47	2039
L26_V354	48	2048
L26_V354	49	2073
L26_V354	50	2176
L26_V354	51	2177
L26_V354	52	2227
L26_V354	53	2281
L26_V354	54	2304
L26_V354	55	2366
L26_V354	56	2407
L26_V354	57	2432
L26_V354	58	2453
L26_V354	59	2509
L26_V354	60	2540
L26_V354	61	2560
L26_V354	62	2577
L26_V354	63	2627
L26_V354	64	2665
L26_V354	65	2688
L26_V354	66	2742
L26_V354	67	2785
L26_V354	68	2816
L26_V354	69	2851
L26_V354	70	2944
L26_V354	71	2991
L26_V354	72	3024
L26_V354	73	3065
L26_V354	74	3072
L26_V354	75	3092
L26_V354	76	3129
L26_V354	77	3172
L26_V354	78	3200
L26_V354	79	3232
L26_V354	80	3269
L26_V354	81	3304
L26_V354	82	3328
L26_V354	83	3386
L26_V354	84	3420
L26_V354	85	3456
L26_V354	86	3457
L26_V354	87	3497
L26_V354	88	3527
L26_V354	89	3554
L26_V354	90	3578
L26_V354	91	3584
L26_V354	92	3602
L26_V354	93	3636
L26_V354	94	3667
L26_V354	95	3699
L26_V354	96	3711
L26_V354	97	3721
L26_V354	98	3754
L26_V354	99	3795
L26_V354	100	3840
L26_V354	101	3860
L26_V354	102	3968
L26_V354	103	3996
L26_V354	104	4047
L26_V354	105	4092
L26_V354	106	4096
L26_V354	107	4173
L26_V354	108	4224
L26_V354	109	4225
L26_V354	110	4310
L26_V354	111	4352
L26_V354	112	4365
L26_V354	113	4388
L26_V354	114	4473
L26_V354	115	4480
L26_V354	116	4558
L26_V354	117	4608
L26_V354	118	4673
L26_V354	119	4707
L26_V354	120	4736
L26_V354	121	4772
L26_V354	122	4838
L26_V354	123	4864
L26_V354	124	4865
L26_V354	125	4932
L26_V354	126	4992
L26_V354	127	5010
L26_V354	128	5041
L26_V354	129	5077
L26_V354	130	5120
L26_V354	131	5147
L26_V354	132	5188
L26_V354	133	5234
L26_V354	134	5248
L26_V354	135	5272
L26_V354	136	5314
L26_V354	137	5376
L26_V354	138	5378
L26_V354	139	5408
L26_V354	140	5504
L26_V354	141	5505
L26_V354	142	5574
L26_V354	143	5625
L26_V354	144	5632
L26_V354	145	5760
L26_V354	146	5821
L26_V354	147	5885
L26_V354	148	5888
L26_V354	149	5913
L26_V354	150	5984
L26_V354	151	6016
L26_V354	152	6056
L26_V354	153	6144
L26_V354	154	6160
L26_V354	155	6210
L26_V354	156	6240
L26_V354	157	6266
L26_V354	158	6272
L26_V354	159	6328
L26_V354	160	6400
L26_V354	161	6445
L26_V354	162	6518
L26_V354	163	6528
L26_V354	164	6577
L26_V354	165	6656
L26_V354	166	6703
L26_V354	167	6784
L26_V354	168	6854
L26_V354	169	6912
L26_V354	170	7013
L26_V354	171	7040
L26_V354	172	7144
L26_V354	173	7168
L26_V354	174	7190
L26_V354	175	7295
L26_V354	176	7379
L26_V354	177	7423
L26_V354	178	7552
L26_V357	1	0
L26_V357	2	21
L26_V357	3	56
L26_V357	4	61
L26_V357	5	78
L26_V357	6	83
L26_V357	7	88
L26_V357	8	128
L26_V357	9	165
L26_V357	10	166
L26_V357	11	224
L26_V357	12	256
L26_V357	13	300
L26_V357	14	347
L26_V357	15	384
L26_V357	16	401
L26_V357	17	436
L26_V357	18	494
L26_V357	19	512
L26_V357	20	599
L26_V357	21	640
L26_V357	22	679
L26_V357	23	712
L26_V357	24	768
L26_V357	25	838
L26_V357	26	888
L26_V357	27	896
L26_V357	28	973
L26_V357	29	1024
L26_V357	30	1152
L26_V357	31	1197
L26_V357	32	1280
L26_V357	33	1371
L26_V357	34	1408
L26_V357	35	1536
L26_V357	36	1537
L26_V357	37	1621
L26_V357	38	1657
L26_V357	39	1664
L26_V357	40	1752
L26_V357	41	1792
L26_V357	42	1842
L26_V357	43	1894
L26_V357	44	1920
L26_V357	45	1973
L26_V357	46	2005
L26_V357	47	2045
L26_V357	48	2048
L26_V357	49	2084
L26_V357	50	2148
L26_V357	51	2176
L26_V357	52	2304
L26_V357	53	2321
L26_V357	54	2432
L26_V357	55	2443
L26_V357	56	2498
L26_V357	57	2560
L26_V357	58	2569
L26_V357	59	2612
L26_V357	60	2647
L26_V357	61	2688
L26_V357	62	2694
L26_V357	63	2749
L26_V357	64	2795
L26_V357	65	2816
L26_V357	66	2817
L26_V357	67	2885
L26_V357	68	2944
L26_V357	69	2961
L26_V357	70	3037
L26_V357	71	3072
L26_V357	72	3141
L26_V357	73	3200
L26_V357	74	3221
L26_V357	75	3250
L26_V357	76	3315
L26_V357	77	3328
L26_V357	78	3404
L26_V357	79	3456
L26_V357	80	3509
L26_V357	81	3584
L26_V357	82	3596
L26_V357	83	3665
L26_V357	84	3711
L26_V357	85	3725
L26_V357	86	3840
L26_V357	87	3915
L26_V357	88	3968
L26_V357	89	4003
L26_V357	90	4065
L26_V357	91	4096
L26_V357	92	4178
L26_V357	93	4224
L26_V357	94	4292
L26_V357	95	4352
L26_V357	96	4365
L26_V357	97	4480
L26_V357	98	4529
L26_V357	99	4608
L26_V357	100	4626
L26_V357	101	4684
L26_V357	102	4736
L26_V357	103	4856
L26_V357	104	4864
L26_V357	105	4929
L26_V357	106	4992
L26_V357	107	5045
L26_V357	108	5120
L26_V357	109	5127
L26_V357	110	5236
L26_V357	111	5248
L26_V357	112	5286
L26_V357	113	5376
L26_V357	114	5406
L26_V357	115	5504
L26_V357	116	5545
L26_V357	117	5626
L26_V357	118	5632
L26_V357	119	5669
L26_V357	120	5760
L26_V357	121	5874
L26_V357	122	5888
L26_V357	123	5929
L26_V357	124	6016
L26_V357	125	6019
L26_V357	126	6101
L26_V357	127	6144
L26_V357	128	6269
L26_V357	129	6272
L26_V357	130	6384
L26_V357	131	6400
L26_V357	132	6528
L26_V357	133	6539
L26_V357	134	6656
L26_V357	135	6768
L26_V357	136	6784
L26_V357	137	6912
L26_V357	138	6927
L26_V357	139	6988
L26_V357	140	7040
L26_V357	141	7168
L26_V357	142	7197
L26_V357	143	7295
L26_V357	144	7423
L26_V390	1	0
L26_V390	2	21
L26_V390	3	32
L26_V390	4	33
L26_V390	5	34
L26_V390	6	78
L26_V390	7	83
L26_V390	8	88
L26_V390	9	128
L26_V390	10	164
L26_V390	11	165
L26_V390	12	166
L26_V390	13	224
L26_V390	14	256
L26_V390	15	300
L26_V390	16	344
L26_V390	17	384
L26_V390	18	399
L26_V390	19	503
L26_V390	20	512
L26_V390	21	529
L26_V390	22	634
L26_V390	23	640
L26_V390	24	719
L26_V390	25	768
L26_V390	26	806
L26_V390	27	860
L26_V390	28	896
L26_V390	29	930
L26_V390	30	1024
L26_V390	31	1038
L26_V390	32	1088
L26_V390	33	1152
L26_V390	34	1163
L26_V390	35	1280
L26_V390	36	1386
L26_V390	37	1408
L26_V390	38	1536
L26_V390	39	1561
L26_V390	40	1664
L26_V390	41	1792
L26_V390	42	1835
L26_V390	43	1907
L26_V390	44	1920
L26_V390	45	2048
L26_V390	46	2130
L26_V390	47	2176
L26_V390	48	2217
L26_V390	49	2304
L26_V390	50	2432
L26_V390	51	2482
L26_V390	52	2560
L26_V390	53	2562
L26_V390	54	2594
L26_V390	55	2651
L26_V390	56	2688
L26_V390	57	2728
L26_V390	58	2796
L26_V390	59	2816
L26_V390	60	2854
L26_V390	61	2910
L26_V390	62	2944
L26_V390	63	2977
L26_V390	64	3012
L26_V390	65	3057
L26_V390	66	3072
L26_V390	67	3082
L26_V390	68	3121
L26_V390	69	3200
L26_V390	70	3203
L26_V390	71	3240
L26_V390	72	3315
L26_V390	73	3328
L26_V390	74	3353
L26_V390	75	3381
L26_V390	76	3456
L26_V390	77	3472
L26_V390	78	3527
L26_V390	79	3584
L26_V390	80	3697
L26_V390	81	3711
L26_V390	82	3738
L26_V390	83	3783
L26_V390	84	3822
L26_V390	85	3840
L26_V390	86	3865
L26_V390	87	3958
L26_V390	88	3968
L26_V390	89	4029
L26_V390	90	4067
L26_V390	91	4096
L26_V390	92	4135
L26_V390	93	4212
L26_V390	94	4224
L26_V390	95	4320
L26_V390	96	4352
L26_V390	97	4361
L26_V390	98	4407
L26_V390	99	4435
L26_V390	100	4469
L26_V390	101	4480
L26_V390	102	4608
L26_V390	103	4649
L26_V390	104	4691
L26_V390	105	4733
L26_V390	106	4736
L26_V390	107	4774
L26_V390	108	4864
L26_V390	109	4866
L26_V390	110	4977
L26_V390	111	4992
L26_V390	112	5018
L26_V390	113	5072
L26_V390	114	5120
L26_V390	115	5132
L26_V390	116	5182
L26_V390	117	5234
L26_V390	118	5248
L26_V390	119	5273
L26_V390	120	5362
L26_V390	121	5376
L26_V390	122	5461
L26_V390	123	5491
L26_V390	124	5504
L26_V390	125	5534
L26_V390	126	5559
L26_V390	127	5590
L26_V390	128	5632
L26_V390	129	5671
L26_V390	130	5729
L26_V390	131	5760
L26_V390	132	5827
L26_V390	133	5884
L26_V390	134	5888
L26_V390	135	5929
L26_V390	136	6011
L26_V390	137	6016
L26_V390	138	6133
L26_V390	139	6144
L26_V390	140	6183
L26_V390	141	6251
L26_V390	142	6272
L26_V390	143	6347
L26_V390	144	6400
L26_V390	145	6448
L26_V390	146	6502
L26_V390	147	6528
L26_V390	148	6559
L26_V390	149	6656
L26_V390	150	6688
L26_V390	151	6734
L26_V390	152	6784
L26_V390	153	6868
L26_V390	154	6912
L26_V390	155	7015
L26_V390	156	7040
L26_V390	157	7123
L26_V390	158	7168
L26_V390	159	7287
L26_V390	160	7295
L26_V390	161	7423
L26_V390	162	7552
L26_V392	1	0
L26_V392	2	21
L26_V392	3	33
L26_V392	4	56
L26_V392	5	61
L26_V392	6	66
L26_V392	7	78
L26_V392	8	83
L26_V392	9	88
L26_V392	10	128
L26_V392	11	165
L26_V392	12	166
L26_V392	13	224
L26_V392	14	256
L26_V392	15	267
L26_V392	16	300
L26_V392	17	384
L26_V392	18	512
L26_V392	19	551
L26_V392	20	612
L26_V392	21	640
L26_V392	22	645
L26_V392	23	707
L26_V392	24	754
L26_V392	25	768
L26_V392	26	824
L26_V392	27	896
L26_V392	28	913
L26_V392	29	941
L26_V392	30	986
L26_V392	31	1024
L26_V392	32	1037
L26_V392	33	1121
L26_V392	34	1152
L26_V392	35	1280
L26_V392	36	1344
L26_V392	37	1408
L26_V392	38	1519
L26_V392	39	1536
L26_V392	40	1664
L26_V392	41	1700
L26_V392	42	1775
L26_V392	43	1792
L26_V392	44	1862
L26_V392	45	1869
L26_V392	46	1870
L26_V392	47	1920
L26_V392	48	2002
L26_V392	49	2048
L26_V392	50	2135
L26_V392	51	2176
L26_V392	52	2219
L26_V392	53	2292
L26_V392	54	2304
L26_V392	55	2316
L26_V392	56	2334
L26_V392	57	2368
L26_V392	58	2432
L26_V392	59	2535
L26_V392	60	2560
L26_V392	61	2567
L26_V392	62	2605
L26_V392	63	2649
L26_V392	64	2688
L26_V392	65	2741
L26_V392	66	2782
L26_V392	67	2816
L26_V392	68	2822
L26_V392	69	2944
L26_V392	70	2991
L26_V392	71	3072
L26_V392	72	3083
L26_V392	73	3130
L26_V392	74	3181
L26_V392	75	3200
L26_V392	76	3250
L26_V392	77	3328
L26_V392	78	3345
L26_V392	79	3445
L26_V392	80	3456
L26_V392	81	3550
L26_V392	82	3584
L26_V392	83	3610
L26_V392	84	3696
L26_V392	85	3711
L26_V392	86	3745
L26_V392	87	3831
L26_V392	88	3840
L26_V392	89	3968
L26_V392	90	4022
L26_V392	91	4096
L26_V392	92	4106
L26_V392	93	4224
L26_V392	94	4250
L26_V392	95	4293
L26_V392	96	4352
L26_V392	97	4371
L26_V392	98	4480
L26_V392	99	4487
L26_V392	100	4548
L26_V392	101	4586
L26_V392	102	4608
L26_V392	103	4656
L26_V392	104	4736
L26_V392	105	4805
L26_V392	106	4864
L26_V392	107	4897
L26_V392	108	4950
L26_V392	109	4992
L26_V392	110	5009
L26_V392	111	5117
L26_V392	112	5120
L26_V392	113	5221
L26_V392	114	5248
L26_V392	115	5267
L26_V392	116	5362
L26_V392	117	5376
L26_V392	118	5421
L26_V392	119	5462
L26_V392	120	5504
L26_V392	121	5528
L26_V392	122	5632
L26_V392	123	5672
L26_V392	124	5684
L26_V392	125	5746
L26_V392	126	5760
L26_V392	127	5867
L26_V392	128	5888
L26_V392	129	5948
L26_V392	130	6016
L26_V392	131	6035
L26_V392	132	6091
L26_V392	133	6141
L26_V392	134	6144
L26_V392	135	6175
L26_V392	136	6230
L26_V392	137	6272
L26_V392	138	6308
L26_V392	139	6400
L26_V392	140	6434
L26_V392	141	6501
L26_V392	142	6528
L26_V392	143	6550
L26_V392	144	6575
L26_V392	145	6651
L26_V392	146	6656
L26_V392	147	6764
L26_V392	148	6784
L26_V392	149	6908
L26_V392	150	6912
L26_V392	151	7040
L26_V392	152	7058
L26_V392	153	7168
L26_V392	154	7186
L26_V392	155	7247
L26_V392	156	7295
L26_V392	157	7354
L26_V392	158	7423
L26_V392	159	7552
L26_V410	1	0
L26_V410	2	21
L26_V410	3	56
L26_V410	4	61
L26_V410	5	78
L26_V410	6	83
L26_V410	7	88
L26_V410	8	128
L26_V410	9	165
L26_V410	10	166
L26_V410	11	224
L26_V410	12	256
L26_V410	13	300
L26_V410	14	360
L26_V410	15	384
L26_V410	16	404
L26_V410	17	472
L26_V410	18	512
L26_V410	19	563
L26_V410	20	640
L26_V410	21	692
L26_V410	22	725
L26_V410	23	765
L26_V410	24	768
L26_V410	25	801
L26_V410	26	826
L26_V410	27	869
L26_V410	28	896
L26_V410	29	922
L26_V410	30	1024
L26_V410	31	1071
L26_V410	32	1101
L26_V410	33	1136
L26_V410	34	1152
L26_V410	35	1171
L26_V410	36	1199
L26_V410	37	1249
L26_V410	38	1280
L26_V410	39	1331
L26_V410	40	1408
L26_V410	41	1536
L26_V410	42	1555
L26_V410	43	1664
L26_V410	44	1730
L26_V410	45	1792
L26_V410	46	1889
L26_V410	47	1920
L26_V410	48	1989
L26_V410	49	2036
L26_V410	50	2048
L26_V410	51	2067
L26_V410	52	2120
L26_V410	53	2176
L26_V410	54	2179
L26_V410	55	2235
L26_V410	56	2272
L26_V410	57	2304
L26_V410	58	2356
L26_V410	59	2421
L26_V410	60	2432
L26_V410	61	2466
L26_V410	62	2512
L26_V410	63	2560
L26_V410	64	2624
L26_V410	65	2688
L26_V410	66	2727
L26_V410	67	2797
L26_V410	68	2816
L26_V410	69	2836
L26_V410	70	2895
L26_V410	71	2938
L26_V410	72	2944
L26_V410	73	3015
L26_V410	74	3072
L26_V410	75	3150
L26_V410	76	3200
L26_V410	77	3234
L26_V410	78	3328
L26_V410	79	3346
L26_V410	80	3397
L26_V410	81	3456
L26_V410	82	3472
L26_V410	83	3540
L26_V410	84	3584
L26_V410	85	3600
L26_V410	86	3640
L26_V410	87	3711
L26_V410	88	3778
L26_V410	89	3840
L26_V410	90	3853
L26_V410	91	3940
L26_V410	92	3968
L26_V410	93	4000
L26_V410	94	4096
L26_V410	95	4128
L26_V410	96	4176
L26_V410	97	4224
L26_V410	98	4261
L26_V410	99	4321
L26_V410	100	4352
L26_V410	101	4422
L26_V410	102	4480
L26_V410	103	4495
L26_V410	104	4608
L26_V410	105	4623
L26_V410	106	4675
L26_V410	107	4736
L26_V410	108	4740
L26_V410	109	4776
L26_V410	110	4843
L26_V410	111	4864
L26_V410	112	4888
L26_V410	113	4964
L26_V410	114	4992
L26_V410	115	5062
L26_V410	116	5120
L26_V410	117	5149
L26_V410	118	5200
L26_V410	119	5248
L26_V410	120	5323
L26_V410	121	5376
L26_V410	122	5379
L26_V410	123	5472
L26_V410	124	5504
L26_V410	125	5546
L26_V410	126	5597
L26_V410	127	5632
L26_V410	128	5656
L26_V410	129	5729
L26_V410	130	5760
L26_V410	131	5791
L26_V410	132	5847
L26_V410	133	5888
L26_V410	134	5914
L26_V410	135	5987
L26_V410	136	6016
L26_V410	137	6021
L26_V410	138	6121
L26_V410	139	6144
L26_V410	140	6171
L26_V410	141	6262
L26_V410	142	6272
L26_V410	143	6400
L26_V410	144	6461
L26_V410	145	6506
L26_V410	146	6528
L26_V410	147	6615
L26_V410	148	6656
L26_V410	149	6679
L26_V410	150	6784
L26_V410	151	6912
L26_V410	152	6928
L26_V410	153	7040
L26_V410	154	7168
L26_V410	155	7281
L26_V410	156	7295
L26_V410	157	7362
L26_V410	158	7423
L26_V410	159	7552
L26_V466	1	0
L26_V466	2	21
L26_V466	3	32
L26_V466	4	33
L26_V466	5	34
L26_V466	6	78
L26_V466	7	83
L26_V466	8	88
L26_V466	9	128
L26_V466	10	164
L26_V466	11	165
L26_V466	12	166
L26_V466	13	224
L26_V466	14	256
L26_V466	15	300
L26_V466	16	348
L26_V466	17	384
L26_V466	18	405
L26_V466	19	476
L26_V466	20	512
L26_V466	21	528
L26_V466	22	600
L26_V466	23	637
L26_V466	24	640
L26_V466	25	680
L26_V466	26	768
L26_V466	27	778
L26_V466	28	865
L26_V466	29	896
L26_V466	30	936
L26_V466	31	1024
L26_V466	32	1040
L26_V466	33	1118
L26_V466	34	1152
L26_V466	35	1168
L26_V466	36	1252
L26_V466	37	1280
L26_V466	38	1408
L26_V466	39	1475
L26_V466	40	1536
L26_V466	41	1651
L26_V466	42	1664
L26_V466	43	1792
L26_V466	44	1861
L26_V466	45	1886
L26_V466	46	1920
L26_V466	47	2000
L26_V466	48	2038
L26_V466	49	2048
L26_V466	50	2076
L26_V466	51	2108
L26_V466	52	2165
L26_V466	53	2176
L26_V466	54	2211
L26_V466	55	2275
L26_V466	56	2304
L26_V466	57	2355
L26_V466	58	2402
L26_V466	59	2432
L26_V466	60	2513
L26_V466	61	2560
L26_V466	62	2611
L26_V466	63	2675
L26_V466	64	2688
L26_V466	65	2758
L26_V466	66	2798
L26_V466	67	2816
L26_V466	68	2832
L26_V466	69	2874
L26_V466	70	2896
L26_V466	71	2944
L26_V466	72	3031
L26_V466	73	3072
L26_V466	74	3169
L26_V466	75	3200
L26_V466	76	3267
L26_V466	77	3300
L26_V466	78	3328
L26_V466	79	3354
L26_V466	80	3377
L26_V466	81	3424
L26_V466	82	3456
L26_V466	83	3489
L26_V466	84	3526
L26_V466	85	3564
L26_V466	86	3584
L26_V466	87	3594
L26_V466	88	3632
L26_V466	89	3670
L26_V466	90	3711
L26_V466	91	3781
L26_V466	92	3840
L26_V466	93	3968
L26_V466	94	4038
L26_V466	95	4072
L26_V466	96	4096
L26_V466	97	4121
L26_V466	98	4156
L26_V466	99	4198
L26_V466	100	4224
L26_V466	101	4243
L26_V466	102	4285
L26_V466	103	4315
L26_V466	104	4352
L26_V466	105	4366
L26_V466	106	4438
L26_V466	107	4480
L26_V466	108	4523
L26_V466	109	4595
L26_V466	110	4608
L26_V466	111	4644
L26_V466	112	4709
L26_V466	113	4736
L26_V466	114	4748
L26_V466	115	4802
L26_V466	116	4844
L26_V466	117	4864
L26_V466	118	4898
L26_V466	119	4989
L26_V466	120	4992
L26_V466	121	5039
L26_V466	122	5120
L26_V466	123	5121
L26_V466	124	5248
L26_V466	125	5249
L26_V466	126	5295
L26_V466	127	5376
L26_V466	128	5389
L26_V466	129	5450
L26_V466	130	5504
L26_V466	131	5505
L26_V466	132	5623
L26_V466	133	5632
L26_V466	134	5705
L26_V466	135	5760
L26_V466	136	5790
L26_V466	137	5850
L26_V466	138	5888
L26_V466	139	5913
L26_V466	140	5977
L26_V466	141	5978
L26_V466	142	5980
L26_V466	143	5986
L26_V466	144	5992
L26_V466	145	6016
L26_V466	146	6111
L26_V466	147	6144
L26_V466	148	6197
L26_V466	149	6242
L26_V466	150	6272
L26_V466	151	6309
L26_V466	152	6350
L26_V466	153	6378
L26_V466	154	6400
L26_V466	155	6425
L26_V466	156	6486
L26_V466	157	6528
L26_V466	158	6536
L26_V466	159	6589
L26_V466	160	6627
L26_V466	161	6656
L26_V466	162	6739
L26_V466	163	6784
L26_V466	164	6809
L26_V466	165	6848
L26_V466	166	6912
L26_V466	167	6956
L26_V466	168	7040
L26_V466	169	7073
L26_V466	170	7168
L26_V466	171	7184
L26_V466	172	7295
L26_V466	173	7352
L26_V466	174	7423
L26_V466	175	7552
L26_V471	1	0
L26_V471	2	21
L26_V471	3	32
L26_V471	4	33
L26_V471	5	34
L26_V471	6	78
L26_V471	7	83
L26_V471	8	88
L26_V471	9	124
L26_V471	10	164
L26_V471	11	165
L26_V471	12	166
L26_V471	13	224
L26_V471	14	248
L26_V471	15	300
L26_V471	16	372
L26_V471	17	396
L26_V471	18	491
L26_V471	19	496
L26_V471	20	584
L26_V471	21	620
L26_V471	22	634
L26_V471	23	687
L26_V471	24	735
L26_V471	25	744
L26_V471	26	798
L26_V471	27	842
L26_V471	28	868
L26_V471	29	898
L26_V471	30	936
L26_V471	31	992
L26_V471	32	1066
L26_V471	33	1116
L26_V471	34	1165
L26_V471	35	1240
L26_V471	36	1259
L26_V471	37	1364
L26_V471	38	1482
L26_V471	39	1488
L26_V471	40	1612
L26_V471	41	1657
L26_V471	42	1736
L26_V471	43	1830
L26_V471	44	1860
L26_V471	45	1944
L26_V471	46	1984
L26_V471	47	2014
L26_V471	48	2054
L26_V471	49	2103
L26_V471	50	2108
L26_V471	51	2211
L26_V471	52	2232
L26_V471	53	2356
L26_V471	54	2401
L26_V471	55	2451
L26_V471	56	2480
L26_V471	57	2495
L26_V471	58	2539
L26_V471	59	2580
L26_V471	60	2604
L26_V471	61	2633
L26_V471	62	2728
L26_V471	63	2762
L26_V471	64	2793
L26_V471	65	2828
L26_V471	66	2852
L26_V471	67	2854
L26_V471	68	2906
L26_V471	69	2961
L26_V471	70	2976
L26_V471	71	3033
L26_V471	72	3100
L26_V471	73	3120
L26_V471	74	3198
L26_V471	75	3224
L26_V471	76	3247
L26_V471	77	3303
L26_V471	78	3347
L26_V471	79	3358
L26_V471	80	3429
L26_V471	81	3469
L26_V471	82	3472
L26_V471	83	3544
L26_V471	84	3596
L26_V471	85	3611
L26_V471	86	3644
L26_V471	87	3670
L26_V471	88	3717
L26_V471	89	3720
L26_V471	90	3767
L26_V471	91	3807
L26_V471	92	3844
L26_V471	93	3894
L26_V471	94	3968
L26_V471	95	4003
L26_V471	96	4036
L26_V471	97	4064
L26_V471	98	4092
L26_V471	99	4166
L26_V471	100	4216
L26_V471	101	4237
L26_V471	102	4309
L26_V471	103	4340
L26_V471	104	4356
L26_V471	105	4388
L26_V471	106	4443
L26_V471	107	4464
L26_V471	108	4476
L26_V471	109	4524
L26_V471	110	4588
L26_V471	111	4591
L26_V471	112	4712
L26_V471	113	4742
L26_V471	114	4789
L26_V471	115	4836
L26_V471	116	4866
L26_V471	117	4909
L26_V471	118	4942
L26_V471	119	4960
L26_V471	120	4968
L26_V471	121	5004
L26_V471	122	5041
L26_V471	123	5084
L26_V471	124	5106
L26_V471	125	5134
L26_V471	126	5208
L26_V471	127	5235
L26_V471	128	5332
L26_V471	129	5357
L26_V471	130	5452
L26_V471	131	5456
L26_V471	132	5519
L26_V471	133	5580
L26_V471	134	5607
L26_V471	135	5665
L26_V471	136	5704
L26_V471	137	5743
L26_V471	138	5788
L26_V471	139	5828
L26_V471	140	5839
L26_V471	141	5873
L26_V471	142	5922
L26_V471	143	5952
L26_V471	144	5968
L26_V471	145	6009
L26_V471	146	6050
L26_V471	147	6076
L26_V471	148	6101
L26_V471	149	6200
L26_V471	150	6202
L26_V471	151	6266
L26_V471	152	6305
L26_V471	153	6324
L26_V471	154	6337
L26_V471	155	6409
L26_V471	156	6448
L26_V471	157	6491
L26_V471	158	6572
L26_V471	159	6573
L26_V471	160	6622
L26_V471	161	6672
L26_V471	162	6695
L26_V471	163	6718
L26_V471	164	6805
L26_V471	165	6820
L26_V471	166	6845
L26_V471	167	6944
L26_V471	168	7014
L26_V471	169	7068
L26_V471	170	7138
L26_V471	171	7192
L26_V471	172	7270
L26_V471	173	7316
L26_V471	174	7415
L26_V471	175	7440
L26_V471	176	7564
L26_V471	177	7688
L27_V001	1	0
L27_V001	2	1
L27_V001	3	2
L27_V001	4	3
L27_V001	5	24
L27_V001	6	31
L27_V001	7	39
L27_V001	8	62
L27_V001	9	70
L27_V001	10	78
L27_V001	11	86
L27_V001	12	93
L27_V001	13	100
L27_V001	14	114
L27_V001	15	124
L27_V001	16	135
L27_V001	17	146
L27_V001	18	161
L27_V001	19	171
L27_V001	20	184
L27_V001	21	198
L27_V001	22	218
L27_V001	23	240
L27_V001	24	256
L27_V001	25	270
L27_V001	26	283
L27_V001	27	299
L27_V001	28	315
L27_V001	29	330
L27_V001	30	344
L27_V001	31	360
L27_V001	32	374
L27_V001	33	388
L27_V001	34	405
L27_V001	35	409
L27_V001	36	411
L27_V001	37	412
L27_V001	38	419
L27_V001	39	420
L27_V001	40	421
L27_V001	41	422
L27_V001	42	540
L27_V001	43	595
L27_V001	44	596
L27_V001	45	648
L27_V001	46	675
L27_V001	47	687
L27_V001	48	688
L27_V001	49	723
L27_V001	50	778
L27_V001	51	810
L27_V001	52	830
L27_V001	53	856
L27_V001	54	911
L27_V001	55	944
L27_V001	56	976
L27_V001	57	1010
L27_V001	58	1046
L27_V001	59	1080
L27_V001	60	1116
L27_V001	61	1151
L27_V001	62	1215
L27_V001	63	1350
L27_V001	64	1381
L27_V001	65	1485
L27_V001	66	1561
L27_V001	67	1620
L27_V001	68	1755
L27_V001	69	1889
L27_V001	70	1993
L27_V001	71	2025
L27_V001	72	2096
L27_V001	73	2160
L27_V001	74	2239
L27_V001	75	2295
L27_V001	76	2342
L27_V001	77	2378
L27_V001	78	2405
L27_V001	79	2430
L27_V001	80	2468
L27_V001	81	2540
L27_V001	82	2565
L27_V001	83	2655
L27_V001	84	2700
L27_V001	85	2753
L27_V001	86	2804
L27_V001	87	2835
L27_V001	88	2859
L27_V001	89	2920
L27_V001	90	2970
L27_V001	91	3014
L27_V001	92	3101
L27_V001	93	3105
L27_V001	94	3207
L27_V001	95	3240
L27_V001	96	3261
L27_V001	97	3315
L27_V001	98	3375
L27_V001	99	3376
L27_V001	100	3440
L27_V001	101	3510
L27_V001	102	3519
L27_V001	103	3645
L27_V001	104	3731
L27_V001	105	3779
L27_V001	106	3815
L27_V001	107	3856
L27_V001	108	3915
L27_V001	109	3915
L27_V001	110	3984
L27_V001	111	4025
L27_V001	112	4050
L27_V001	113	4084
L27_V001	114	4132
L27_V001	115	4185
L27_V001	116	4228
L27_V001	117	4320
L27_V001	118	4367
L27_V001	119	4455
L27_V001	120	4501
L27_V001	121	4590
L27_V001	122	4599
L27_V001	123	4600
L27_V001	124	4601
L27_V001	125	4725
L27_V001	126	4735
L27_V001	127	4849
L27_V001	128	4860
L27_V001	129	4916
L27_V001	130	4995
L27_V001	131	5021
L27_V001	132	5111
L27_V001	133	5130
L27_V001	134	5265
L27_V001	135	5309
L27_V001	136	5400
L27_V001	137	5513
L27_V001	138	5535
L27_V001	139	5600
L27_V001	140	5670
L27_V001	141	5731
L27_V001	142	5805
L27_V001	143	5873
L27_V001	144	5940
L27_V001	145	5972
L27_V001	146	6037
L27_V001	147	6075
L27_V001	148	6107
L27_V001	149	6161
L27_V001	150	6210
L27_V001	151	6287
L27_V001	152	6345
L27_V001	153	6361
L27_V001	154	6422
L27_V001	155	6480
L27_V001	156	6566
L27_V001	157	6615
L27_V001	158	6664
L27_V001	159	6709
L27_V001	160	6750
L27_V001	161	6884
L27_V001	162	6938
L27_V001	163	6977
L27_V001	164	7012
L27_V001	165	7020
L27_V001	166	7092
L27_V001	167	7155
L27_V001	168	7234
L27_V001	169	7290
L27_V001	170	7320
L27_V001	171	7425
L27_V001	172	7437
L27_V001	173	7559
L27_V001	174	7577
L27_V001	175	7695
L27_V001	176	7759
L27_V001	177	7830
L27_V001	178	7841
L27_V001	179	7945
L27_V001	180	7965
L27_V001	181	8088
L27_V001	182	8100
L27_V001	183	8148
L27_V001	184	8235
L27_V001	185	8248
L27_V001	186	8370
L27_V001	187	8403
L27_V001	188	8505
L27_V001	189	8579
L27_V001	190	8640
L27_V001	191	8775
L27_V001	192	8892
L27_V001	193	8910
L27_V001	194	9045
L27_V001	195	9180
L27_V001	196	9233
L27_V001	197	9272
L27_V001	198	9315
L27_V001	199	9367
L27_V001	200	9434
L27_V001	201	9450
L27_V001	202	9585
L27_V001	203	9720
L27_V001	204	9739
L27_V001	205	9821
L27_V001	206	9855
L27_V001	207	9902
L27_V001	208	9990
L27_V001	209	10053
L27_V001	210	10125
L27_V001	211	10129
L27_V001	212	10205
L27_V001	213	10260
L27_V001	214	10261
L27_V001	215	10302
L27_V001	216	10358
L27_V001	217	10395
L27_V001	218	10422
L27_V001	219	10504
L27_V001	220	10530
L27_V001	221	10556
L27_V001	222	10665
L27_V001	223	10678
L27_V001	224	10800
L27_V001	225	10830
L27_V001	226	10935
L27_V001	227	11030
L27_V001	228	11070
L27_V001	229	11114
L27_V001	230	11196
L27_V001	231	11205
L27_V001	232	11340
L27_V001	233	11458
L27_V001	234	11475
L27_V001	235	11571
L27_V001	236	11610
L27_V001	237	11692
L27_V001	238	11745
L27_V001	239	11837
L27_V001	240	11880
L27_V001	241	11940
L27_V001	242	12015
L27_V001	243	12021
L27_V001	244	12113
L27_V001	245	12150
L27_V001	246	12178
L27_V001	247	12239
L27_V001	248	12285
L27_V001	249	12394
L27_V001	250	12420
L27_V001	251	12464
L27_V001	252	12555
L27_V001	253	12607
L27_V001	254	12690
L27_V001	255	12713
L27_V001	256	12816
L27_V001	257	12825
L27_V001	258	12956
L27_V001	259	12960
L27_V001	260	13056
L27_V001	261	13094
L27_V001	262	13147
L27_V001	263	13211
L27_V001	264	13230
L27_V001	265	13297
L27_V001	266	13365
L27_V001	267	13397
L27_V001	268	13500
L27_V001	269	13635
L27_V001	270	13706
L27_V001	271	13769
L27_V001	272	13905
L27_V001	273	13987
L27_V001	274	14040
L27_V001	275	14129
L27_V001	276	14175
L27_V001	277	14310
L27_V001	278	14444
L27_V001	279	14580
L27_V001	280	14715
L27_V001	281	14850
L27_V002	1	0
L27_V002	2	1
L27_V002	3	2
L27_V002	4	3
L27_V002	5	24
L27_V002	6	31
L27_V002	7	39
L27_V002	8	62
L27_V002	9	70
L27_V002	10	78
L27_V002	11	86
L27_V002	12	93
L27_V002	13	100
L27_V002	14	114
L27_V002	15	124
L27_V002	16	135
L27_V002	17	146
L27_V002	18	161
L27_V002	19	171
L27_V002	20	184
L27_V002	21	198
L27_V002	22	218
L27_V002	23	240
L27_V002	24	256
L27_V002	25	270
L27_V002	26	283
L27_V002	27	299
L27_V002	28	315
L27_V002	29	330
L27_V002	30	344
L27_V002	31	360
L27_V002	32	374
L27_V002	33	388
L27_V002	34	405
L27_V002	35	409
L27_V002	36	411
L27_V002	37	412
L27_V002	38	420
L27_V002	39	421
L27_V002	40	422
L27_V002	41	423
L27_V002	42	540
L27_V002	43	545
L27_V002	44	600
L27_V002	45	602
L27_V002	46	603
L27_V002	47	604
L27_V002	48	634
L27_V002	49	635
L27_V002	50	661
L27_V002	51	662
L27_V002	52	663
L27_V002	53	664
L27_V002	54	665
L27_V002	55	675
L27_V002	56	705
L27_V002	57	706
L27_V002	58	727
L27_V002	59	757
L27_V002	60	805
L27_V002	61	810
L27_V002	62	833
L27_V002	63	876
L27_V002	64	910
L27_V002	65	934
L27_V002	66	935
L27_V002	67	936
L27_V002	68	944
L27_V002	69	959
L27_V002	70	960
L27_V002	71	961
L27_V002	72	982
L27_V002	73	1007
L27_V002	74	1036
L27_V002	75	1069
L27_V002	76	1080
L27_V002	77	1102
L27_V002	78	1139
L27_V002	79	1215
L27_V002	80	1350
L27_V002	81	1425
L27_V002	82	1485
L27_V002	83	1546
L27_V002	84	1620
L27_V002	85	1653
L27_V002	86	1755
L27_V002	87	1779
L27_V002	88	1852
L27_V002	89	1889
L27_V002	90	2014
L27_V002	91	2025
L27_V002	92	2136
L27_V002	93	2160
L27_V002	94	2198
L27_V002	95	2295
L27_V002	96	2430
L27_V002	97	2565
L27_V002	98	2606
L27_V002	99	2673
L27_V002	100	2700
L27_V002	101	2755
L27_V002	102	2829
L27_V002	103	2835
L27_V002	104	2887
L27_V002	105	2963
L27_V002	106	2970
L27_V002	107	3019
L27_V002	108	3067
L27_V002	109	3105
L27_V002	110	3153
L27_V002	111	3240
L27_V002	112	3249
L27_V002	113	3307
L27_V002	114	3361
L27_V002	115	3375
L27_V002	116	3510
L27_V002	117	3514
L27_V002	118	3645
L27_V002	119	3767
L27_V002	120	3779
L27_V002	121	3915
L27_V002	122	3918
L27_V002	123	4047
L27_V002	124	4050
L27_V002	125	4185
L27_V002	126	4242
L27_V002	127	4320
L27_V002	128	4362
L27_V002	129	4412
L27_V002	130	4455
L27_V002	131	4496
L27_V002	132	4567
L27_V002	133	4590
L27_V002	134	4667
L27_V002	135	4725
L27_V002	136	4726
L27_V002	137	4800
L27_V002	138	4860
L27_V002	139	4881
L27_V002	140	4995
L27_V002	141	5021
L27_V002	142	5130
L27_V002	143	5160
L27_V002	144	5239
L27_V002	145	5265
L27_V002	146	5320
L27_V002	147	5389
L27_V002	148	5400
L27_V002	149	5456
L27_V002	150	5535
L27_V002	151	5670
L27_V002	152	5708
L27_V002	153	5805
L27_V002	154	5848
L27_V002	155	5940
L27_V002	156	5948
L27_V002	157	5979
L27_V002	158	6075
L27_V002	159	6139
L27_V002	160	6210
L27_V002	161	6234
L27_V002	162	6311
L27_V002	163	6345
L27_V002	164	6370
L27_V002	165	6409
L27_V002	166	6462
L27_V002	167	6480
L27_V002	168	6509
L27_V002	169	6556
L27_V002	170	6605
L27_V002	171	6615
L27_V002	172	6750
L27_V002	173	6831
L27_V002	174	6884
L27_V002	175	6948
L27_V002	176	7020
L27_V002	177	7106
L27_V002	178	7155
L27_V002	179	7173
L27_V002	180	7215
L27_V002	181	7290
L27_V002	182	7323
L27_V002	183	7412
L27_V002	184	7425
L27_V002	185	7472
L27_V002	186	7493
L27_V002	187	7556
L27_V002	188	7559
L27_V002	189	7584
L27_V002	190	7617
L27_V002	191	7695
L27_V002	192	7811
L27_V002	193	7830
L27_V002	194	7902
L27_V002	195	7965
L27_V002	196	8100
L27_V002	197	8235
L27_V002	198	8304
L27_V002	199	8370
L27_V002	200	8411
L27_V002	201	8505
L27_V002	202	8521
L27_V002	203	8581
L27_V002	204	8623
L27_V002	205	8640
L27_V002	206	8693
L27_V002	207	8738
L27_V002	208	8775
L27_V002	209	8813
L27_V002	210	8857
L27_V002	211	8906
L27_V002	212	8910
L27_V002	213	8992
L27_V002	214	9045
L27_V002	215	9048
L27_V002	216	9180
L27_V002	217	9207
L27_V002	218	9280
L27_V002	219	9315
L27_V002	220	9375
L27_V002	221	9431
L27_V002	222	9450
L27_V002	223	9515
L27_V002	224	9585
L27_V002	225	9720
L27_V002	226	9753
L27_V002	227	9855
L27_V002	228	9948
L27_V002	229	9990
L27_V002	230	10011
L27_V002	231	10085
L27_V002	232	10125
L27_V002	233	10169
L27_V002	234	10260
L27_V002	235	10283
L27_V002	236	10305
L27_V002	237	10351
L27_V002	238	10395
L27_V002	239	10443
L27_V002	240	10495
L27_V002	241	10530
L27_V002	242	10581
L27_V002	243	10641
L27_V002	244	10665
L27_V002	245	10721
L27_V002	246	10800
L27_V002	247	10852
L27_V002	248	10935
L27_V002	249	11054
L27_V002	250	11070
L27_V002	251	11144
L27_V002	252	11205
L27_V002	253	11244
L27_V002	254	11340
L27_V002	255	11391
L27_V002	256	11422
L27_V002	257	11475
L27_V002	258	11499
L27_V002	259	11578
L27_V002	260	11606
L27_V002	261	11610
L27_V002	262	11679
L27_V002	263	11745
L27_V002	264	11842
L27_V002	265	11880
L27_V002	266	11960
L27_V002	267	12015
L27_V002	268	12079
L27_V002	269	12150
L27_V002	270	12234
L27_V002	271	12285
L27_V002	272	12420
L27_V002	273	12424
L27_V002	274	12555
L27_V002	275	12631
L27_V002	276	12690
L27_V002	277	12700
L27_V002	278	12825
L27_V002	279	12860
L27_V002	280	12960
L27_V002	281	13011
L27_V002	282	13066
L27_V002	283	13094
L27_V002	284	13135
L27_V002	285	13197
L27_V002	286	13230
L27_V002	287	13299
L27_V002	288	13365
L27_V002	289	13434
L27_V002	290	13500
L27_V002	291	13512
L27_V002	292	13574
L27_V002	293	13619
L27_V002	294	13635
L27_V002	295	13674
L27_V002	296	13769
L27_V002	297	13905
L27_V002	298	14040
L27_V002	299	14175
L27_V002	300	14310
L27_V002	301	14444
L27_V002	302	14580
L27_V003	1	0
L27_V003	2	1
L27_V003	3	2
L27_V003	4	3
L27_V003	5	5
L27_V003	6	24
L27_V003	7	31
L27_V003	8	39
L27_V003	9	62
L27_V003	10	70
L27_V003	11	78
L27_V003	12	86
L27_V003	13	93
L27_V003	14	100
L27_V003	15	114
L27_V003	16	124
L27_V003	17	135
L27_V003	18	146
L27_V003	19	161
L27_V003	20	171
L27_V003	21	184
L27_V003	22	198
L27_V003	23	218
L27_V003	24	240
L27_V003	25	256
L27_V003	26	270
L27_V003	27	283
L27_V003	28	299
L27_V003	29	315
L27_V003	30	330
L27_V003	31	344
L27_V003	32	360
L27_V003	33	374
L27_V003	34	388
L27_V003	35	405
L27_V003	36	409
L27_V003	37	411
L27_V003	38	412
L27_V003	39	420
L27_V003	40	421
L27_V003	41	422
L27_V003	42	540
L27_V003	43	624
L27_V003	44	625
L27_V003	45	666
L27_V003	46	675
L27_V003	47	706
L27_V003	48	743
L27_V003	49	767
L27_V003	50	789
L27_V003	51	810
L27_V003	52	811
L27_V003	53	833
L27_V003	54	834
L27_V003	55	859
L27_V003	56	894
L27_V003	57	896
L27_V003	58	922
L27_V003	59	944
L27_V003	60	950
L27_V003	61	969
L27_V003	62	994
L27_V003	63	996
L27_V003	64	997
L27_V003	65	998
L27_V003	66	1019
L27_V003	67	1044
L27_V003	68	1074
L27_V003	69	1080
L27_V003	70	1193
L27_V003	71	1215
L27_V003	72	1303
L27_V003	73	1350
L27_V003	74	1390
L27_V003	75	1485
L27_V003	76	1516
L27_V003	77	1569
L27_V003	78	1602
L27_V003	79	1620
L27_V003	80	1707
L27_V003	81	1755
L27_V003	82	1757
L27_V003	83	1889
L27_V003	84	2017
L27_V003	85	2025
L27_V003	86	2074
L27_V003	87	2117
L27_V003	88	2160
L27_V003	89	2161
L27_V003	90	2209
L27_V003	91	2295
L27_V003	92	2318
L27_V003	93	2413
L27_V003	94	2430
L27_V003	95	2562
L27_V003	96	2565
L27_V003	97	2634
L27_V003	98	2700
L27_V003	99	2835
L27_V003	100	2840
L27_V003	101	2928
L27_V003	102	2970
L27_V003	103	3105
L27_V003	104	3156
L27_V003	105	3240
L27_V003	106	3322
L27_V003	107	3375
L27_V003	108	3414
L27_V003	109	3477
L27_V003	110	3510
L27_V003	111	3592
L27_V003	112	3645
L27_V003	113	3696
L27_V003	114	3765
L27_V003	115	3779
L27_V003	116	3915
L27_V003	117	4050
L27_V003	118	4061
L27_V003	119	4157
L27_V003	120	4185
L27_V003	121	4320
L27_V003	122	4419
L27_V003	123	4455
L27_V003	124	4507
L27_V003	125	4582
L27_V003	126	4590
L27_V003	127	4664
L27_V003	128	4725
L27_V003	129	4743
L27_V003	130	4860
L27_V003	131	4868
L27_V003	132	4951
L27_V003	133	4995
L27_V003	134	4997
L27_V003	135	5050
L27_V003	136	5130
L27_V003	137	5149
L27_V003	138	5183
L27_V003	139	5259
L27_V003	140	5265
L27_V003	141	5400
L27_V003	142	5413
L27_V003	143	5508
L27_V003	144	5535
L27_V003	145	5670
L27_V003	146	5713
L27_V003	147	5805
L27_V003	148	5828
L27_V003	149	5940
L27_V003	150	6007
L27_V003	151	6044
L27_V003	152	6075
L27_V003	153	6114
L27_V003	154	6204
L27_V003	155	6210
L27_V003	156	6345
L27_V003	157	6445
L27_V003	158	6480
L27_V003	159	6615
L27_V003	160	6726
L27_V003	161	6727
L27_V003	162	6750
L27_V003	163	6884
L27_V003	164	6938
L27_V003	165	7020
L27_V003	166	7155
L27_V003	167	7290
L27_V003	168	7313
L27_V003	169	7420
L27_V003	170	7425
L27_V003	171	7559
L27_V003	172	7623
L27_V003	173	7695
L27_V003	174	7787
L27_V003	175	7830
L27_V003	176	7831
L27_V003	177	7870
L27_V003	178	7965
L27_V003	179	8012
L27_V003	180	8045
L27_V003	181	8100
L27_V003	182	8235
L27_V003	183	8370
L27_V003	184	8505
L27_V003	185	8535
L27_V003	186	8640
L27_V003	187	8775
L27_V003	188	8910
L27_V003	189	9045
L27_V003	190	9180
L27_V003	191	9315
L27_V003	192	9357
L27_V003	193	9450
L27_V003	194	9477
L27_V003	195	9540
L27_V003	196	9585
L27_V003	197	9685
L27_V003	198	9720
L27_V003	199	9794
L27_V003	200	9855
L27_V003	201	9873
L27_V003	202	9921
L27_V003	203	9964
L27_V003	204	9990
L27_V003	205	10031
L27_V003	206	10125
L27_V003	207	10167
L27_V003	208	10228
L27_V003	209	10260
L27_V003	210	10284
L27_V003	211	10329
L27_V003	212	10395
L27_V003	213	10421
L27_V003	214	10530
L27_V003	215	10623
L27_V003	216	10665
L27_V003	217	10695
L27_V003	218	10759
L27_V003	219	10800
L27_V003	220	10807
L27_V003	221	10935
L27_V003	222	11039
L27_V003	223	11070
L27_V003	224	11086
L27_V003	225	11205
L27_V003	226	11328
L27_V003	227	11340
L27_V003	228	11376
L27_V003	229	11475
L27_V003	230	11507
L27_V003	231	11610
L27_V003	232	11745
L27_V003	233	11774
L27_V003	234	11880
L27_V003	235	12015
L27_V003	236	12079
L27_V003	237	12150
L27_V003	238	12266
L27_V003	239	12285
L27_V003	240	12406
L27_V003	241	12420
L27_V003	242	12501
L27_V003	243	12555
L27_V003	244	12579
L27_V003	245	12667
L27_V003	246	12690
L27_V003	247	12804
L27_V003	248	12825
L27_V003	249	12941
L27_V003	250	12960
L27_V003	251	13024
L27_V003	252	13094
L27_V003	253	13182
L27_V003	254	13230
L27_V003	255	13278
L27_V003	256	13356
L27_V003	257	13365
L27_V003	258	13426
L27_V003	259	13500
L27_V003	260	13513
L27_V003	261	13635
L27_V003	262	13769
L27_V003	263	13834
L27_V003	264	13905
L27_V003	265	14040
L27_V003	266	14175
L27_V003	267	14310
L27_V003	268	14444
L27_V003	269	14580
L27_V004	1	0
L27_V004	2	1
L27_V004	3	2
L27_V004	4	3
L27_V004	5	24
L27_V004	6	31
L27_V004	7	39
L27_V004	8	62
L27_V004	9	70
L27_V004	10	78
L27_V004	11	86
L27_V004	12	93
L27_V004	13	100
L27_V004	14	114
L27_V004	15	124
L27_V004	16	135
L27_V004	17	146
L27_V004	18	161
L27_V004	19	171
L27_V004	20	184
L27_V004	21	198
L27_V004	22	218
L27_V004	23	240
L27_V004	24	256
L27_V004	25	270
L27_V004	26	283
L27_V004	27	299
L27_V004	28	315
L27_V004	29	330
L27_V004	30	344
L27_V004	31	360
L27_V004	32	374
L27_V004	33	388
L27_V004	34	405
L27_V004	35	409
L27_V004	36	411
L27_V004	37	412
L27_V004	38	419
L27_V004	39	420
L27_V004	40	421
L27_V004	41	422
L27_V004	42	423
L27_V004	43	540
L27_V004	44	592
L27_V004	45	593
L27_V004	46	594
L27_V004	47	668
L27_V004	48	675
L27_V004	49	692
L27_V004	50	713
L27_V004	51	738
L27_V004	52	756
L27_V004	53	777
L27_V004	54	778
L27_V004	55	779
L27_V004	56	810
L27_V004	57	819
L27_V004	58	901
L27_V004	59	938
L27_V004	60	944
L27_V004	61	1008
L27_V004	62	1009
L27_V004	63	1036
L27_V004	64	1061
L27_V004	65	1080
L27_V004	66	1122
L27_V004	67	1215
L27_V004	68	1350
L27_V004	69	1485
L27_V004	70	1544
L27_V004	71	1620
L27_V004	72	1741
L27_V004	73	1755
L27_V004	74	1889
L27_V004	75	1896
L27_V004	76	2025
L27_V004	77	2035
L27_V004	78	2160
L27_V004	79	2187
L27_V004	80	2295
L27_V004	81	2430
L27_V004	82	2565
L27_V004	83	2700
L27_V004	84	2760
L27_V004	85	2835
L27_V004	86	2865
L27_V004	87	2970
L27_V004	88	3029
L27_V004	89	3091
L27_V004	90	3105
L27_V004	91	3191
L27_V004	92	3240
L27_V004	93	3297
L27_V004	94	3375
L27_V004	95	3404
L27_V004	96	3465
L27_V004	97	3510
L27_V004	98	3570
L27_V004	99	3645
L27_V004	100	3669
L27_V004	101	3779
L27_V004	102	3822
L27_V004	103	3915
L27_V004	104	3990
L27_V004	105	4050
L27_V004	106	4185
L27_V004	107	4320
L27_V004	108	4335
L27_V004	109	4455
L27_V004	110	4544
L27_V004	111	4590
L27_V004	112	4660
L27_V004	113	4725
L27_V004	114	4775
L27_V004	115	4827
L27_V004	116	4860
L27_V004	117	4995
L27_V004	118	5012
L27_V004	119	5102
L27_V004	120	5130
L27_V004	121	5168
L27_V004	122	5218
L27_V004	123	5265
L27_V004	124	5320
L27_V004	125	5400
L27_V004	126	5535
L27_V004	127	5596
L27_V004	128	5670
L27_V004	129	5691
L27_V004	130	5760
L27_V004	131	5805
L27_V004	132	5850
L27_V004	133	5940
L27_V004	134	6013
L27_V004	135	6075
L27_V004	136	6099
L27_V004	137	6196
L27_V004	138	6210
L27_V004	139	6306
L27_V004	140	6345
L27_V004	141	6374
L27_V004	142	6427
L27_V004	143	6480
L27_V004	144	6615
L27_V004	145	6717
L27_V004	146	6750
L27_V004	147	6767
L27_V004	148	6884
L27_V004	149	6934
L27_V004	150	7002
L27_V004	151	7020
L27_V004	152	7041
L27_V004	153	7097
L27_V004	154	7155
L27_V004	155	7161
L27_V004	156	7236
L27_V004	157	7290
L27_V004	158	7425
L27_V004	159	7505
L27_V004	160	7559
L27_V004	161	7597
L27_V004	162	7695
L27_V004	163	7772
L27_V004	164	7830
L27_V004	165	7872
L27_V004	166	7928
L27_V004	167	7965
L27_V004	168	7976
L27_V004	169	8100
L27_V004	170	8227
L27_V004	171	8235
L27_V004	172	8359
L27_V004	173	8370
L27_V004	174	8419
L27_V004	175	8505
L27_V004	176	8613
L27_V004	177	8640
L27_V004	178	8644
L27_V004	179	8688
L27_V004	180	8761
L27_V004	181	8775
L27_V004	182	8901
L27_V004	183	8910
L27_V004	184	8969
L27_V004	185	9032
L27_V004	186	9045
L27_V004	187	9106
L27_V004	188	9180
L27_V004	189	9270
L27_V004	190	9315
L27_V004	191	9450
L27_V004	192	9544
L27_V004	193	9585
L27_V004	194	9609
L27_V004	195	9706
L27_V004	196	9720
L27_V004	197	9774
L27_V004	198	9834
L27_V004	199	9855
L27_V004	200	9990
L27_V004	201	10125
L27_V004	202	10260
L27_V004	203	10352
L27_V004	204	10395
L27_V004	205	10530
L27_V004	206	10564
L27_V004	207	10665
L27_V004	208	10666
L27_V004	209	10800
L27_V004	210	10935
L27_V004	211	10992
L27_V004	212	11046
L27_V004	213	11070
L27_V004	214	11133
L27_V004	215	11205
L27_V004	216	11253
L27_V004	217	11300
L27_V004	218	11340
L27_V004	219	11391
L27_V004	220	11475
L27_V004	221	11507
L27_V004	222	11610
L27_V004	223	11647
L27_V004	224	11745
L27_V004	225	11880
L27_V004	226	11923
L27_V004	227	11965
L27_V004	228	12015
L27_V004	229	12056
L27_V004	230	12130
L27_V004	231	12150
L27_V004	232	12180
L27_V004	233	12232
L27_V004	234	12282
L27_V004	235	12285
L27_V004	236	12331
L27_V004	237	12420
L27_V004	238	12555
L27_V004	239	12571
L27_V004	240	12690
L27_V004	241	12748
L27_V004	242	12825
L27_V004	243	12960
L27_V004	244	13036
L27_V004	245	13094
L27_V004	246	13230
L27_V004	247	13246
L27_V004	248	13352
L27_V004	249	13365
L27_V004	250	13443
L27_V004	251	13500
L27_V004	252	13556
L27_V004	253	13635
L27_V004	254	13660
L27_V004	255	13769
L27_V004	256	13905
L27_V004	257	14040
L27_V004	258	14175
L27_V004	259	14310
L27_V004	260	14444
L27_V004	261	14580
L27_V004	262	14715
L27_V004	263	14850
L27_V005	1	0
L27_V005	2	1
L27_V005	3	2
L27_V005	4	3
L27_V005	5	24
L27_V005	6	31
L27_V005	7	39
L27_V005	8	62
L27_V005	9	70
L27_V005	10	78
L27_V005	11	86
L27_V005	12	93
L27_V005	13	100
L27_V005	14	114
L27_V005	15	124
L27_V005	16	135
L27_V005	17	146
L27_V005	18	161
L27_V005	19	171
L27_V005	20	184
L27_V005	21	198
L27_V005	22	218
L27_V005	23	240
L27_V005	24	256
L27_V005	25	270
L27_V005	26	283
L27_V005	27	299
L27_V005	28	315
L27_V005	29	330
L27_V005	30	344
L27_V005	31	360
L27_V005	32	374
L27_V005	33	388
L27_V005	34	405
L27_V005	35	409
L27_V005	36	411
L27_V005	37	412
L27_V005	38	419
L27_V005	39	420
L27_V005	40	421
L27_V005	41	422
L27_V005	42	423
L27_V005	43	424
L27_V005	44	540
L27_V005	45	600
L27_V005	46	601
L27_V005	47	658
L27_V005	48	675
L27_V005	49	785
L27_V005	50	810
L27_V005	51	833
L27_V005	52	841
L27_V005	53	846
L27_V005	54	847
L27_V005	55	851
L27_V005	56	855
L27_V005	57	856
L27_V005	58	866
L27_V005	59	869
L27_V005	60	885
L27_V005	61	886
L27_V005	62	900
L27_V005	63	915
L27_V005	64	930
L27_V005	65	940
L27_V005	66	944
L27_V005	67	960
L27_V005	68	975
L27_V005	69	986
L27_V005	70	1030
L27_V005	71	1080
L27_V005	72	1101
L27_V005	73	1152
L27_V005	74	1183
L27_V005	75	1210
L27_V005	76	1215
L27_V005	77	1227
L27_V005	78	1264
L27_V005	79	1350
L27_V005	80	1485
L27_V005	81	1548
L27_V005	82	1620
L27_V005	83	1636
L27_V005	84	1721
L27_V005	85	1755
L27_V005	86	1889
L27_V005	87	1947
L27_V005	88	2025
L27_V005	89	2055
L27_V005	90	2144
L27_V005	91	2160
L27_V005	92	2207
L27_V005	93	2255
L27_V005	94	2295
L27_V005	95	2300
L27_V005	96	2347
L27_V005	97	2388
L27_V005	98	2430
L27_V005	99	2445
L27_V005	100	2490
L27_V005	101	2565
L27_V005	102	2700
L27_V005	103	2835
L27_V005	104	2863
L27_V005	105	2970
L27_V005	106	2974
L27_V005	107	3068
L27_V005	108	3105
L27_V005	109	3218
L27_V005	110	3240
L27_V005	111	3342
L27_V005	112	3375
L27_V005	113	3410
L27_V005	114	3486
L27_V005	115	3510
L27_V005	116	3621
L27_V005	117	3645
L27_V005	118	3779
L27_V005	119	3840
L27_V005	120	3915
L27_V005	121	4050
L27_V005	122	4174
L27_V005	123	4185
L27_V005	124	4320
L27_V005	125	4451
L27_V005	126	4455
L27_V005	127	4522
L27_V005	128	4590
L27_V005	129	4625
L27_V005	130	4689
L27_V005	131	4725
L27_V005	132	4745
L27_V005	133	4770
L27_V005	134	4785
L27_V005	135	4800
L27_V005	136	4815
L27_V005	137	4837
L27_V005	138	4845
L27_V005	139	4860
L27_V005	140	4875
L27_V005	141	4890
L27_V005	142	4905
L27_V005	143	4906
L27_V005	144	4995
L27_V005	145	5025
L27_V005	146	5040
L27_V005	147	5055
L27_V005	148	5073
L27_V005	149	5130
L27_V005	150	5265
L27_V005	151	5400
L27_V005	152	5404
L27_V005	153	5479
L27_V005	154	5535
L27_V005	155	5577
L27_V005	156	5657
L27_V005	157	5670
L27_V005	158	5737
L27_V005	159	5805
L27_V005	160	5819
L27_V005	161	5940
L27_V005	162	5942
L27_V005	163	6057
L27_V005	164	6075
L27_V005	165	6182
L27_V005	166	6210
L27_V005	167	6328
L27_V005	168	6345
L27_V005	169	6480
L27_V005	170	6509
L27_V005	171	6615
L27_V005	172	6622
L27_V005	173	6750
L27_V005	174	6784
L27_V005	175	6884
L27_V005	176	6901
L27_V005	177	7020
L27_V005	178	7039
L27_V005	179	7155
L27_V005	180	7219
L27_V005	181	7290
L27_V005	182	7395
L27_V005	183	7400
L27_V005	184	7402
L27_V005	185	7425
L27_V005	186	7484
L27_V005	187	7559
L27_V005	188	7562
L27_V005	189	7590
L27_V005	190	7634
L27_V005	191	7650
L27_V005	192	7680
L27_V005	193	7695
L27_V005	194	7709
L27_V005	195	7725
L27_V005	196	7740
L27_V005	197	7755
L27_V005	198	7770
L27_V005	199	7784
L27_V005	200	7791
L27_V005	201	7800
L27_V005	202	7815
L27_V005	203	7830
L27_V005	204	7845
L27_V005	205	7859
L27_V005	206	7862
L27_V005	207	7875
L27_V005	208	7965
L27_V005	209	7980
L27_V005	210	7995
L27_V005	211	8009
L27_V005	212	8055
L27_V005	213	8070
L27_V005	214	8084
L27_V005	215	8100
L27_V005	216	8106
L27_V005	217	8115
L27_V005	218	8125
L27_V005	219	8130
L27_V005	220	8145
L27_V005	221	8159
L27_V005	222	8170
L27_V005	223	8175
L27_V005	224	8180
L27_V005	225	8190
L27_V005	226	8205
L27_V005	227	8220
L27_V005	228	8225
L27_V005	229	8235
L27_V005	230	8246
L27_V005	231	8250
L27_V005	232	8370
L27_V005	233	8505
L27_V005	234	8629
L27_V005	235	8640
L27_V005	236	8704
L27_V005	237	8737
L27_V005	238	8775
L27_V005	239	8784
L27_V005	240	8825
L27_V005	241	8864
L27_V005	242	8910
L27_V005	243	9045
L27_V005	244	9137
L27_V005	245	9180
L27_V005	246	9221
L27_V005	247	9255
L27_V005	248	9284
L27_V005	249	9315
L27_V005	250	9326
L27_V005	251	9450
L27_V005	252	9544
L27_V005	253	9585
L27_V005	254	9614
L27_V005	255	9710
L27_V005	256	9720
L27_V005	257	9855
L27_V005	258	9950
L27_V005	259	9990
L27_V005	260	10082
L27_V005	261	10125
L27_V005	262	10223
L27_V005	263	10260
L27_V005	264	10344
L27_V005	265	10395
L27_V005	266	10483
L27_V005	267	10525
L27_V005	268	10530
L27_V005	269	10597
L27_V005	270	10661
L27_V005	271	10665
L27_V005	272	10722
L27_V005	273	10760
L27_V005	274	10800
L27_V005	275	10809
L27_V005	276	10866
L27_V005	277	10935
L27_V005	278	10996
L27_V005	279	11070
L27_V005	280	11184
L27_V005	281	11205
L27_V005	282	11340
L27_V005	283	11348
L27_V005	284	11450
L27_V005	285	11475
L27_V005	286	11521
L27_V005	287	11591
L27_V005	288	11610
L27_V005	289	11713
L27_V005	290	11745
L27_V005	291	11880
L27_V005	292	12006
L27_V005	293	12015
L27_V005	294	12071
L27_V005	295	12150
L27_V005	296	12225
L27_V005	297	12285
L27_V005	298	12409
L27_V005	299	12420
L27_V005	300	12555
L27_V005	301	12667
L27_V005	302	12690
L27_V005	303	12761
L27_V005	304	12825
L27_V005	305	12888
L27_V005	306	12960
L27_V005	307	13074
L27_V005	308	13094
L27_V005	309	13135
L27_V005	310	13190
L27_V005	311	13230
L27_V005	312	13251
L27_V005	313	13338
L27_V005	314	13365
L27_V005	315	13393
L27_V005	316	13500
L27_V005	317	13635
L27_V005	318	13718
L27_V005	319	13769
L27_V005	320	13838
L27_V005	321	13905
L27_V005	322	13908
L27_V005	323	13958
L27_V005	324	14001
L27_V005	325	14040
L27_V005	326	14054
L27_V005	327	14133
L27_V005	328	14175
L27_V005	329	14224
L27_V005	330	14310
L27_V005	331	14433
L27_V005	332	14444
L27_V005	333	14580
L27_V005	334	14715
L27_V005	335	14850
L27_V005	336	14985
L27_V006	1	0
L27_V006	2	1
L27_V006	3	2
L27_V006	4	3
L27_V006	5	5
L27_V006	6	24
L27_V006	7	31
L27_V006	8	39
L27_V006	9	62
L27_V006	10	70
L27_V006	11	78
L27_V006	12	86
L27_V006	13	93
L27_V006	14	100
L27_V006	15	114
L27_V006	16	124
L27_V006	17	135
L27_V006	18	146
L27_V006	19	161
L27_V006	20	171
L27_V006	21	184
L27_V006	22	198
L27_V006	23	218
L27_V006	24	240
L27_V006	25	256
L27_V006	26	270
L27_V006	27	283
L27_V006	28	299
L27_V006	29	315
L27_V006	30	330
L27_V006	31	344
L27_V006	32	360
L27_V006	33	374
L27_V006	34	388
L27_V006	35	405
L27_V006	36	409
L27_V006	37	411
L27_V006	38	412
L27_V006	39	420
L27_V006	40	421
L27_V006	41	422
L27_V006	42	423
L27_V006	43	540
L27_V006	44	561
L27_V006	45	564
L27_V006	46	565
L27_V006	47	566
L27_V006	48	567
L27_V006	49	568
L27_V006	50	569
L27_V006	51	587
L27_V006	52	613
L27_V006	53	630
L27_V006	54	650
L27_V006	55	675
L27_V006	56	692
L27_V006	57	693
L27_V006	58	698
L27_V006	59	712
L27_V006	60	720
L27_V006	61	721
L27_V006	62	722
L27_V006	63	723
L27_V006	64	724
L27_V006	65	725
L27_V006	66	747
L27_V006	67	782
L27_V006	68	783
L27_V006	69	810
L27_V006	70	833
L27_V006	71	864
L27_V006	72	894
L27_V006	73	909
L27_V006	74	926
L27_V006	75	944
L27_V006	76	967
L27_V006	77	986
L27_V006	78	1009
L27_V006	79	1043
L27_V006	80	1073
L27_V006	81	1080
L27_V006	82	1081
L27_V006	83	1112
L27_V006	84	1113
L27_V006	85	1114
L27_V006	86	1146
L27_V006	87	1172
L27_V006	88	1215
L27_V006	89	1350
L27_V006	90	1485
L27_V006	91	1620
L27_V006	92	1755
L27_V006	93	1889
L27_V006	94	2025
L27_V006	95	2160
L27_V006	96	2207
L27_V006	97	2295
L27_V006	98	2352
L27_V006	99	2412
L27_V006	100	2430
L27_V006	101	2536
L27_V006	102	2565
L27_V006	103	2606
L27_V006	104	2681
L27_V006	105	2700
L27_V006	106	2787
L27_V006	107	2835
L27_V006	108	2912
L27_V006	109	2970
L27_V006	110	3105
L27_V006	111	3141
L27_V006	112	3240
L27_V006	113	3300
L27_V006	114	3368
L27_V006	115	3375
L27_V006	116	3486
L27_V006	117	3510
L27_V006	118	3645
L27_V006	119	3668
L27_V006	120	3772
L27_V006	121	3779
L27_V006	122	3834
L27_V006	123	3899
L27_V006	124	3915
L27_V006	125	3960
L27_V006	126	4032
L27_V006	127	4050
L27_V006	128	4099
L27_V006	129	4165
L27_V006	130	4185
L27_V006	131	4302
L27_V006	132	4320
L27_V006	133	4364
L27_V006	134	4455
L27_V006	135	4494
L27_V006	136	4546
L27_V006	137	4575
L27_V006	138	4586
L27_V006	139	4590
L27_V006	140	4596
L27_V006	141	4599
L27_V006	142	4648
L27_V006	143	4681
L27_V006	144	4708
L27_V006	145	4725
L27_V006	146	4738
L27_V006	147	4769
L27_V006	148	4790
L27_V006	149	4846
L27_V006	150	4860
L27_V006	151	4871
L27_V006	152	4911
L27_V006	153	4995
L27_V006	154	5006
L27_V006	155	5066
L27_V006	156	5119
L27_V006	157	5130
L27_V006	158	5197
L27_V006	159	5265
L27_V006	160	5270
L27_V006	161	5345
L27_V006	162	5400
L27_V006	163	5437
L27_V006	164	5516
L27_V006	165	5535
L27_V006	166	5593
L27_V006	167	5662
L27_V006	168	5670
L27_V006	169	5715
L27_V006	170	5773
L27_V006	171	5774
L27_V006	172	5775
L27_V006	173	5784
L27_V006	174	5788
L27_V006	175	5790
L27_V006	176	5792
L27_V006	177	5794
L27_V006	178	5796
L27_V006	179	5801
L27_V006	180	5805
L27_V006	181	5808
L27_V006	182	5811
L27_V006	183	5813
L27_V006	184	5814
L27_V006	185	5816
L27_V006	186	5817
L27_V006	187	5821
L27_V006	188	5827
L27_V006	189	5832
L27_V006	190	5836
L27_V006	191	5839
L27_V006	192	5842
L27_V006	193	5844
L27_V006	194	5847
L27_V006	195	5849
L27_V006	196	5854
L27_V006	197	5856
L27_V006	198	5857
L27_V006	199	5858
L27_V006	200	5859
L27_V006	201	5860
L27_V006	202	5940
L27_V006	203	5957
L27_V006	204	6039
L27_V006	205	6075
L27_V006	206	6210
L27_V006	207	6345
L27_V006	208	6480
L27_V006	209	6504
L27_V006	210	6615
L27_V006	211	6659
L27_V006	212	6750
L27_V006	213	6844
L27_V006	214	6884
L27_V006	215	6895
L27_V006	216	6964
L27_V006	217	7020
L27_V006	218	7069
L27_V006	219	7129
L27_V006	220	7155
L27_V006	221	7205
L27_V006	222	7290
L27_V006	223	7344
L27_V006	224	7425
L27_V006	225	7528
L27_V006	226	7559
L27_V006	227	7623
L27_V006	228	7695
L27_V006	229	7830
L27_V006	230	7965
L27_V006	231	8053
L27_V006	232	8100
L27_V006	233	8235
L27_V006	234	8242
L27_V006	235	8370
L27_V006	236	8404
L27_V006	237	8505
L27_V006	238	8565
L27_V006	239	8640
L27_V006	240	8775
L27_V006	241	8860
L27_V006	242	8910
L27_V006	243	8990
L27_V006	244	9045
L27_V006	245	9051
L27_V006	246	9145
L27_V006	247	9180
L27_V006	248	9185
L27_V006	249	9231
L27_V006	250	9283
L27_V006	251	9315
L27_V006	252	9323
L27_V006	253	9371
L27_V006	254	9450
L27_V006	255	9496
L27_V006	256	9585
L27_V006	257	9586
L27_V006	258	9668
L27_V006	259	9720
L27_V006	260	9750
L27_V006	261	9855
L27_V006	262	9953
L27_V006	263	9990
L27_V006	264	10065
L27_V006	265	10125
L27_V006	266	10157
L27_V006	267	10224
L27_V006	268	10260
L27_V006	269	10395
L27_V006	270	10458
L27_V006	271	10482
L27_V006	272	10530
L27_V006	273	10665
L27_V006	274	10800
L27_V006	275	10815
L27_V006	276	10872
L27_V006	277	10908
L27_V006	278	10935
L27_V006	279	10946
L27_V006	280	11025
L27_V006	281	11070
L27_V006	282	11180
L27_V006	283	11205
L27_V006	284	11262
L27_V006	285	11340
L27_V006	286	11378
L27_V006	287	11475
L27_V006	288	11516
L27_V006	289	11610
L27_V006	290	11745
L27_V006	291	11880
L27_V006	292	12015
L27_V006	293	12150
L27_V006	294	12238
L27_V006	295	12278
L27_V006	296	12285
L27_V006	297	12373
L27_V006	298	12420
L27_V006	299	12428
L27_V006	300	12510
L27_V006	301	12555
L27_V006	302	12580
L27_V006	303	12690
L27_V006	304	12825
L27_V006	305	12841
L27_V006	306	12960
L27_V006	307	13019
L27_V006	308	13085
L27_V006	309	13094
L27_V006	310	13141
L27_V006	311	13194
L27_V006	312	13230
L27_V006	313	13236
L27_V006	314	13274
L27_V006	315	13321
L27_V006	316	13365
L27_V006	317	13372
L27_V006	318	13426
L27_V006	319	13500
L27_V006	320	13578
L27_V006	321	13635
L27_V006	322	13638
L27_V006	323	13769
L27_V006	324	13905
L27_V006	325	14040
L27_V006	326	14175
L27_V006	327	14310
L27_V006	328	14510
L27_V007	1	0
L27_V007	2	1
L27_V007	3	2
L27_V007	4	3
L27_V007	5	24
L27_V007	6	31
L27_V007	7	39
L27_V007	8	62
L27_V007	9	70
L27_V007	10	78
L27_V007	11	86
L27_V007	12	93
L27_V007	13	100
L27_V007	14	114
L27_V007	15	124
L27_V007	16	135
L27_V007	17	146
L27_V007	18	161
L27_V007	19	171
L27_V007	20	184
L27_V007	21	198
L27_V007	22	218
L27_V007	23	240
L27_V007	24	256
L27_V007	25	270
L27_V007	26	283
L27_V007	27	299
L27_V007	28	315
L27_V007	29	330
L27_V007	30	344
L27_V007	31	360
L27_V007	32	374
L27_V007	33	388
L27_V007	34	405
L27_V007	35	409
L27_V007	36	411
L27_V007	37	412
L27_V007	38	419
L27_V007	39	420
L27_V007	40	421
L27_V007	41	422
L27_V007	42	423
L27_V007	43	540
L27_V007	44	595
L27_V007	45	597
L27_V007	46	598
L27_V007	47	625
L27_V007	48	667
L27_V007	49	675
L27_V007	50	684
L27_V007	51	699
L27_V007	52	700
L27_V007	53	719
L27_V007	54	720
L27_V007	55	736
L27_V007	56	755
L27_V007	57	769
L27_V007	58	782
L27_V007	59	793
L27_V007	60	807
L27_V007	61	810
L27_V007	62	828
L27_V007	63	848
L27_V007	64	849
L27_V007	65	850
L27_V007	66	860
L27_V007	67	878
L27_V007	68	894
L27_V007	69	909
L27_V007	70	925
L27_V007	71	944
L27_V007	72	958
L27_V007	73	974
L27_V007	74	986
L27_V007	75	989
L27_V007	76	990
L27_V007	77	991
L27_V007	78	992
L27_V007	79	1011
L27_V007	80	1050
L27_V007	81	1051
L27_V007	82	1080
L27_V007	83	1086
L27_V007	84	1215
L27_V007	85	1350
L27_V007	86	1485
L27_V007	87	1620
L27_V007	88	1755
L27_V007	89	1889
L27_V007	90	2025
L27_V007	91	2160
L27_V007	92	2233
L27_V007	93	2295
L27_V007	94	2340
L27_V007	95	2430
L27_V007	96	2437
L27_V007	97	2485
L27_V007	98	2529
L27_V007	99	2565
L27_V007	100	2578
L27_V007	101	2626
L27_V007	102	2689
L27_V007	103	2700
L27_V007	104	2728
L27_V007	105	2765
L27_V007	106	2835
L27_V007	107	2842
L27_V007	108	2890
L27_V007	109	2939
L27_V007	110	2970
L27_V007	111	2985
L27_V007	112	3041
L27_V007	113	3105
L27_V007	114	3159
L27_V007	115	3240
L27_V007	116	3314
L27_V007	117	3375
L27_V007	118	3407
L27_V007	119	3510
L27_V007	120	3618
L27_V007	121	3645
L27_V007	122	3661
L27_V007	123	3711
L27_V007	124	3759
L27_V007	125	3779
L27_V007	126	3828
L27_V007	127	3886
L27_V007	128	3915
L27_V007	129	3953
L27_V007	130	4031
L27_V007	131	4050
L27_V007	132	4185
L27_V007	133	4261
L27_V007	134	4320
L27_V007	135	4393
L27_V007	136	4455
L27_V007	137	4510
L27_V007	138	4590
L27_V007	139	4611
L27_V007	140	4675
L27_V007	141	4725
L27_V007	142	4759
L27_V007	143	4860
L27_V007	144	4931
L27_V007	145	4995
L27_V007	146	4996
L27_V007	147	5069
L27_V007	148	5116
L27_V007	149	5130
L27_V007	150	5161
L27_V007	151	5203
L27_V007	152	5257
L27_V007	153	5265
L27_V007	154	5304
L27_V007	155	5360
L27_V007	156	5400
L27_V007	157	5535
L27_V007	158	5546
L27_V007	159	5653
L27_V007	160	5670
L27_V007	161	5696
L27_V007	162	5756
L27_V007	163	5805
L27_V007	164	5870
L27_V007	165	5940
L27_V007	166	6075
L27_V007	167	6118
L27_V007	168	6210
L27_V007	169	6345
L27_V007	170	6346
L27_V007	171	6453
L27_V007	172	6480
L27_V007	173	6615
L27_V007	174	6627
L27_V007	175	6750
L27_V007	176	6778
L27_V007	177	6884
L27_V007	178	6955
L27_V007	179	7020
L27_V007	180	7080
L27_V007	181	7119
L27_V007	182	7155
L27_V007	183	7203
L27_V007	184	7279
L27_V007	185	7290
L27_V007	186	7365
L27_V007	187	7366
L27_V007	188	7425
L27_V007	189	7438
L27_V007	190	7498
L27_V007	191	7559
L27_V007	192	7568
L27_V007	193	7659
L27_V007	194	7695
L27_V007	195	7830
L27_V007	196	7901
L27_V007	197	7965
L27_V007	198	8100
L27_V007	199	8235
L27_V007	200	8250
L27_V007	201	8340
L27_V007	202	8370
L27_V007	203	8446
L27_V007	204	8505
L27_V007	205	8552
L27_V007	206	8629
L27_V007	207	8630
L27_V007	208	8631
L27_V007	209	8635
L27_V007	210	8640
L27_V007	211	8775
L27_V007	212	8803
L27_V007	213	8893
L27_V007	214	8910
L27_V007	215	8978
L27_V007	216	9045
L27_V007	217	9067
L27_V007	218	9169
L27_V007	219	9180
L27_V007	220	9261
L27_V007	221	9315
L27_V007	222	9423
L27_V007	223	9450
L27_V007	224	9545
L27_V007	225	9585
L27_V007	226	9604
L27_V007	227	9661
L27_V007	228	9720
L27_V007	229	9855
L27_V007	230	9901
L27_V007	231	9990
L27_V007	232	10002
L27_V007	233	10125
L27_V007	234	10134
L27_V007	235	10260
L27_V007	236	10280
L27_V007	237	10351
L27_V007	238	10395
L27_V007	239	10412
L27_V007	240	10471
L27_V007	241	10530
L27_V007	242	10567
L27_V007	243	10665
L27_V007	244	10681
L27_V007	245	10789
L27_V007	246	10800
L27_V007	247	10882
L27_V007	248	10935
L27_V007	249	10945
L27_V007	250	11010
L27_V007	251	11070
L27_V007	252	11071
L27_V007	253	11133
L27_V007	254	11202
L27_V007	255	11205
L27_V007	256	11340
L27_V007	257	11475
L27_V007	258	11610
L27_V007	259	11676
L27_V007	260	11737
L27_V007	261	11745
L27_V007	262	11810
L27_V007	263	11867
L27_V007	264	11880
L27_V007	265	11905
L27_V007	266	11954
L27_V007	267	12008
L27_V007	268	12015
L27_V007	269	12059
L27_V007	270	12130
L27_V007	271	12150
L27_V007	272	12194
L27_V007	273	12252
L27_V007	274	12285
L27_V007	275	12294
L27_V007	276	12398
L27_V007	277	12420
L27_V007	278	12453
L27_V007	279	12543
L27_V007	280	12555
L27_V007	281	12626
L27_V007	282	12690
L27_V007	283	12728
L27_V007	284	12797
L27_V007	285	12825
L27_V007	286	12883
L27_V007	287	12960
L27_V007	288	12965
L27_V007	289	13094
L27_V007	290	13144
L27_V007	291	13146
L27_V007	292	13147
L27_V007	293	13188
L27_V007	294	13230
L27_V007	295	13275
L27_V007	296	13276
L27_V007	297	13277
L27_V007	298	13288
L27_V007	299	13290
L27_V007	300	13291
L27_V007	301	13335
L27_V007	302	13365
L27_V007	303	13378
L27_V007	304	13447
L27_V007	305	13500
L27_V007	306	13537
L27_V007	307	13615
L27_V007	308	13635
L27_V007	309	13728
L27_V007	310	13769
L27_V007	311	13872
L27_V007	312	13905
L27_V007	313	13969
L27_V007	314	14040
L27_V007	315	14107
L27_V007	316	14175
L27_V007	317	14310
L27_V007	318	14444
L27_V007	319	14580
L27_V007	320	14627
L27_V007	321	14715
L27_V007	322	14850
L27_V007	323	14985
L27_V008	1	0
L27_V008	2	1
L27_V008	3	2
L27_V008	4	3
L27_V008	5	24
L27_V008	6	31
L27_V008	7	39
L27_V008	8	62
L27_V008	9	70
L27_V008	10	78
L27_V008	11	86
L27_V008	12	93
L27_V008	13	100
L27_V008	14	114
L27_V008	15	124
L27_V008	16	135
L27_V008	17	146
L27_V008	18	161
L27_V008	19	171
L27_V008	20	184
L27_V008	21	198
L27_V008	22	218
L27_V008	23	240
L27_V008	24	256
L27_V008	25	270
L27_V008	26	283
L27_V008	27	299
L27_V008	28	315
L27_V008	29	330
L27_V008	30	344
L27_V008	31	360
L27_V008	32	374
L27_V008	33	388
L27_V008	34	405
L27_V008	35	409
L27_V008	36	411
L27_V008	37	412
L27_V008	38	420
L27_V008	39	421
L27_V008	40	422
L27_V008	41	423
L27_V008	42	540
L27_V008	43	586
L27_V008	44	620
L27_V008	45	621
L27_V008	46	670
L27_V008	47	675
L27_V008	48	707
L27_V008	49	751
L27_V008	50	793
L27_V008	51	794
L27_V008	52	810
L27_V008	53	823
L27_V008	54	865
L27_V008	55	885
L27_V008	56	907
L27_V008	57	930
L27_V008	58	944
L27_V008	59	950
L27_V008	60	971
L27_V008	61	1015
L27_V008	62	1035
L27_V008	63	1067
L27_V008	64	1080
L27_V008	65	1111
L27_V008	66	1215
L27_V008	67	1340
L27_V008	68	1350
L27_V008	69	1479
L27_V008	70	1485
L27_V008	71	1507
L27_V008	72	1538
L27_V008	73	1620
L27_V008	74	1689
L27_V008	75	1755
L27_V008	76	1818
L27_V008	77	1889
L27_V008	78	1942
L27_V008	79	2025
L27_V008	80	2028
L27_V008	81	2089
L27_V008	82	2160
L27_V008	83	2247
L27_V008	84	2295
L27_V008	85	2375
L27_V008	86	2430
L27_V008	87	2495
L27_V008	88	2565
L27_V008	89	2593
L27_V008	90	2656
L27_V008	91	2700
L27_V008	92	2757
L27_V008	93	2835
L27_V008	94	2912
L27_V008	95	2970
L27_V008	96	3096
L27_V008	97	3105
L27_V008	98	3166
L27_V008	99	3240
L27_V008	100	3375
L27_V008	101	3440
L27_V008	102	3510
L27_V008	103	3529
L27_V008	104	3597
L27_V008	105	3645
L27_V008	106	3685
L27_V008	107	3767
L27_V008	108	3779
L27_V008	109	3804
L27_V008	110	3846
L27_V008	111	3915
L27_V008	112	3919
L27_V008	113	4002
L27_V008	114	4050
L27_V008	115	4109
L27_V008	116	4185
L27_V008	117	4270
L27_V008	118	4320
L27_V008	119	4335
L27_V008	120	4412
L27_V008	121	4455
L27_V008	122	4590
L27_V008	123	4725
L27_V008	124	4757
L27_V008	125	4827
L27_V008	126	4860
L27_V008	127	4934
L27_V008	128	4995
L27_V008	129	5130
L27_V008	130	5175
L27_V008	131	5265
L27_V008	132	5300
L27_V008	133	5378
L27_V008	134	5400
L27_V008	135	5452
L27_V008	136	5519
L27_V008	137	5535
L27_V008	138	5662
L27_V008	139	5670
L27_V008	140	5805
L27_V008	141	5811
L27_V008	142	5940
L27_V008	143	5951
L27_V008	144	6014
L27_V008	145	6075
L27_V008	146	6106
L27_V008	147	6210
L27_V008	148	6221
L27_V008	149	6320
L27_V008	150	6345
L27_V008	151	6437
L27_V008	152	6480
L27_V008	153	6576
L27_V008	154	6615
L27_V008	155	6691
L27_V008	156	6750
L27_V008	157	6803
L27_V008	158	6884
L27_V008	159	7020
L27_V008	160	7155
L27_V008	161	7204
L27_V008	162	7205
L27_V008	163	7206
L27_V008	164	7290
L27_V008	165	7339
L27_V008	166	7425
L27_V008	167	7515
L27_V008	168	7559
L27_V008	169	7673
L27_V008	170	7695
L27_V008	171	7790
L27_V008	172	7830
L27_V008	173	7881
L27_V008	174	7965
L27_V008	175	7969
L27_V008	176	8062
L27_V008	177	8100
L27_V008	178	8127
L27_V008	179	8194
L27_V008	180	8235
L27_V008	181	8278
L27_V008	182	8370
L27_V008	183	8401
L27_V008	184	8475
L27_V008	185	8505
L27_V008	186	8521
L27_V008	187	8606
L27_V008	188	8640
L27_V008	189	8690
L27_V008	190	8775
L27_V008	191	8805
L27_V008	192	8910
L27_V008	193	8918
L27_V008	194	9027
L27_V008	195	9045
L27_V008	196	9112
L27_V008	197	9180
L27_V008	198	9202
L27_V008	199	9278
L27_V008	200	9315
L27_V008	201	9433
L27_V008	202	9450
L27_V008	203	9554
L27_V008	204	9585
L27_V008	205	9720
L27_V008	206	9855
L27_V008	207	9990
L27_V008	208	10023
L27_V008	209	10125
L27_V008	210	10164
L27_V008	211	10212
L27_V008	212	10254
L27_V008	213	10260
L27_V008	214	10340
L27_V008	215	10388
L27_V008	216	10395
L27_V008	217	10436
L27_V008	218	10476
L27_V008	219	10530
L27_V008	220	10621
L27_V008	221	10665
L27_V008	222	10768
L27_V008	223	10800
L27_V008	224	10854
L27_V008	225	10935
L27_V008	226	10956
L27_V008	227	11028
L27_V008	228	11070
L27_V008	229	11074
L27_V008	230	11190
L27_V008	231	11205
L27_V008	232	11223
L27_V008	233	11224
L27_V008	234	11225
L27_V008	235	11288
L27_V008	236	11340
L27_V008	237	11346
L27_V008	238	11397
L27_V008	239	11469
L27_V008	240	11475
L27_V008	241	11522
L27_V008	242	11570
L27_V008	243	11610
L27_V008	244	11615
L27_V008	245	11649
L27_V008	246	11681
L27_V008	247	11707
L27_V008	248	11737
L27_V008	249	11745
L27_V008	250	11785
L27_V008	251	11847
L27_V008	252	11880
L27_V008	253	11946
L27_V008	254	11987
L27_V008	255	12015
L27_V008	256	12017
L27_V008	257	12018
L27_V008	258	12096
L27_V008	259	12150
L27_V008	260	12156
L27_V008	261	12209
L27_V008	262	12275
L27_V008	263	12285
L27_V008	264	12319
L27_V008	265	12390
L27_V008	266	12420
L27_V008	267	12533
L27_V008	268	12555
L27_V008	269	12684
L27_V008	270	12690
L27_V008	271	12770
L27_V008	272	12825
L27_V008	273	12849
L27_V008	274	12928
L27_V008	275	12960
L27_V008	276	13004
L27_V008	277	13094
L27_V008	278	13175
L27_V008	279	13230
L27_V008	280	13278
L27_V008	281	13365
L27_V008	282	13465
L27_V008	283	13500
L27_V008	284	13635
L27_V008	285	13674
L27_V008	286	13758
L27_V008	287	13769
L27_V008	288	13804
L27_V008	289	13852
L27_V008	290	13905
L27_V008	291	13908
L27_V008	292	14040
L27_V008	293	14061
L27_V008	294	14175
L27_V008	295	14310
L27_V008	296	14341
L27_V008	297	14444
L27_V008	298	14580
L27_V008	299	14715
L27_V008	300	14850
L27_V009	1	0
L27_V009	2	1
L27_V009	3	2
L27_V009	4	3
L27_V009	5	24
L27_V009	6	31
L27_V009	7	39
L27_V009	8	62
L27_V009	9	70
L27_V009	10	78
L27_V009	11	86
L27_V009	12	93
L27_V009	13	100
L27_V009	14	114
L27_V009	15	124
L27_V009	16	135
L27_V009	17	146
L27_V009	18	161
L27_V009	19	171
L27_V009	20	184
L27_V009	21	198
L27_V009	22	218
L27_V009	23	240
L27_V009	24	256
L27_V009	25	270
L27_V009	26	283
L27_V009	27	299
L27_V009	28	315
L27_V009	29	330
L27_V009	30	344
L27_V009	31	360
L27_V009	32	374
L27_V009	33	388
L27_V009	34	405
L27_V009	35	409
L27_V009	36	411
L27_V009	37	412
L27_V009	38	420
L27_V009	39	421
L27_V009	40	422
L27_V009	41	540
L27_V009	42	570
L27_V009	43	590
L27_V009	44	613
L27_V009	45	640
L27_V009	46	675
L27_V009	47	716
L27_V009	48	810
L27_V009	49	836
L27_V009	50	889
L27_V009	51	928
L27_V009	52	944
L27_V009	53	1080
L27_V009	54	1155
L27_V009	55	1215
L27_V009	56	1221
L27_V009	57	1350
L27_V009	58	1460
L27_V009	59	1485
L27_V009	60	1620
L27_V009	61	1747
L27_V009	62	1755
L27_V009	63	1889
L27_V009	64	2025
L27_V009	65	2160
L27_V009	66	2167
L27_V009	67	2168
L27_V009	68	2169
L27_V009	69	2170
L27_V009	70	2171
L27_V009	71	2172
L27_V009	72	2173
L27_V009	73	2174
L27_V009	74	2175
L27_V009	75	2176
L27_V009	76	2177
L27_V009	77	2178
L27_V009	78	2179
L27_V009	79	2180
L27_V009	80	2181
L27_V009	81	2182
L27_V009	82	2183
L27_V009	83	2184
L27_V009	84	2185
L27_V009	85	2186
L27_V009	86	2187
L27_V009	87	2188
L27_V009	88	2189
L27_V009	89	2190
L27_V009	90	2191
L27_V009	91	2192
L27_V009	92	2193
L27_V009	93	2194
L27_V009	94	2195
L27_V009	95	2196
L27_V009	96	2197
L27_V009	97	2198
L27_V009	98	2199
L27_V009	99	2200
L27_V009	100	2201
L27_V009	101	2202
L27_V009	102	2203
L27_V009	103	2204
L27_V009	104	2205
L27_V009	105	2206
L27_V009	106	2207
L27_V009	107	2208
L27_V009	108	2209
L27_V009	109	2210
L27_V009	110	2211
L27_V009	111	2212
L27_V009	112	2213
L27_V009	113	2214
L27_V009	114	2215
L27_V009	115	2216
L27_V009	116	2217
L27_V009	117	2218
L27_V009	118	2219
L27_V009	119	2220
L27_V009	120	2221
L27_V009	121	2222
L27_V009	122	2223
L27_V009	123	2224
L27_V009	124	2225
L27_V009	125	2226
L27_V009	126	2227
L27_V009	127	2228
L27_V009	128	2229
L27_V009	129	2230
L27_V009	130	2231
L27_V009	131	2232
L27_V009	132	2233
L27_V009	133	2234
L27_V009	134	2235
L27_V009	135	2236
L27_V009	136	2237
L27_V009	137	2295
L27_V009	138	2306
L27_V009	139	2368
L27_V009	140	2430
L27_V009	141	2502
L27_V009	142	2565
L27_V009	143	2647
L27_V009	144	2674
L27_V009	145	2700
L27_V009	146	2714
L27_V009	147	2749
L27_V009	148	2793
L27_V009	149	2835
L27_V009	150	2838
L27_V009	151	2882
L27_V009	152	2929
L27_V009	153	2970
L27_V009	154	2982
L27_V009	155	3022
L27_V009	156	3105
L27_V009	157	3178
L27_V009	158	3240
L27_V009	159	3253
L27_V009	160	3324
L27_V009	161	3375
L27_V009	162	3407
L27_V009	163	3510
L27_V009	164	3522
L27_V009	165	3645
L27_V009	166	3779
L27_V009	167	3872
L27_V009	168	3915
L27_V009	169	3925
L27_V009	170	3972
L27_V009	171	4024
L27_V009	172	4050
L27_V009	173	4077
L27_V009	174	4132
L27_V009	175	4171
L27_V009	176	4185
L27_V009	177	4229
L27_V009	178	4303
L27_V009	179	4320
L27_V009	180	4373
L27_V009	181	4455
L27_V009	182	4480
L27_V009	183	4566
L27_V009	184	4590
L27_V009	185	4636
L27_V009	186	4683
L27_V009	187	4725
L27_V009	188	4752
L27_V009	189	4860
L27_V009	190	4872
L27_V009	191	4969
L27_V009	192	4995
L27_V009	193	5112
L27_V009	194	5130
L27_V009	195	5218
L27_V009	196	5265
L27_V009	197	5400
L27_V009	198	5442
L27_V009	199	5535
L27_V009	200	5584
L27_V009	201	5646
L27_V009	202	5670
L27_V009	203	5682
L27_V009	204	5729
L27_V009	205	5805
L27_V009	206	5814
L27_V009	207	5910
L27_V009	208	5940
L27_V009	209	5965
L27_V009	210	6075
L27_V009	211	6210
L27_V009	212	6345
L27_V009	213	6386
L27_V009	214	6480
L27_V009	215	6606
L27_V009	216	6615
L27_V009	217	6745
L27_V009	218	6750
L27_V009	219	6826
L27_V009	220	6880
L27_V009	221	6884
L27_V009	222	6925
L27_V009	223	6968
L27_V009	224	7006
L27_V009	225	7020
L27_V009	226	7045
L27_V009	227	7091
L27_V009	228	7155
L27_V009	229	7216
L27_V009	230	7268
L27_V009	231	7290
L27_V009	232	7331
L27_V009	233	7402
L27_V009	234	7425
L27_V009	235	7489
L27_V009	236	7555
L27_V009	237	7559
L27_V009	238	7598
L27_V009	239	7666
L27_V009	240	7695
L27_V009	241	7715
L27_V009	242	7826
L27_V009	243	7830
L27_V009	244	7911
L27_V009	245	7965
L27_V009	246	8043
L27_V009	247	8088
L27_V009	248	8100
L27_V009	249	8127
L27_V009	250	8162
L27_V009	251	8199
L27_V009	252	8231
L27_V009	253	8235
L27_V009	254	8275
L27_V009	255	8309
L27_V009	256	8335
L27_V009	257	8359
L27_V009	258	8370
L27_V009	259	8489
L27_V009	260	8505
L27_V009	261	8521
L27_V009	262	8550
L27_V009	263	8578
L27_V009	264	8606
L27_V009	265	8632
L27_V009	266	8640
L27_V009	267	8662
L27_V009	268	8688
L27_V009	269	8716
L27_V009	270	8745
L27_V009	271	8772
L27_V009	272	8775
L27_V009	273	8805
L27_V009	274	8841
L27_V009	275	8881
L27_V009	276	8910
L27_V009	277	8924
L27_V009	278	9003
L27_V009	279	9045
L27_V009	280	9180
L27_V009	281	9212
L27_V009	282	9315
L27_V009	283	9450
L27_V009	284	9501
L27_V009	285	9576
L27_V009	286	9585
L27_V009	287	9693
L27_V009	288	9720
L27_V009	289	9789
L27_V009	290	9855
L27_V009	291	9985
L27_V009	292	9990
L27_V009	293	10076
L27_V009	294	10125
L27_V009	295	10149
L27_V009	296	10260
L27_V009	297	10352
L27_V009	298	10395
L27_V009	299	10530
L27_V009	300	10582
L27_V009	301	10665
L27_V009	302	10687
L27_V009	303	10765
L27_V009	304	10800
L27_V009	305	10849
L27_V009	306	10929
L27_V009	307	10935
L27_V009	308	11070
L27_V009	309	11205
L27_V009	310	11278
L27_V009	311	11310
L27_V009	312	11340
L27_V009	313	11342
L27_V009	314	11380
L27_V009	315	11421
L27_V009	316	11475
L27_V009	317	11610
L27_V009	318	11614
L27_V009	319	11745
L27_V009	320	11794
L27_V009	321	11855
L27_V009	322	11880
L27_V009	323	11937
L27_V009	324	12015
L27_V009	325	12150
L27_V009	326	12285
L27_V009	327	12373
L27_V009	328	12420
L27_V009	329	12434
L27_V009	330	12492
L27_V009	331	12548
L27_V009	332	12555
L27_V009	333	12622
L27_V009	334	12690
L27_V009	335	12700
L27_V009	336	12762
L27_V009	337	12825
L27_V009	338	12834
L27_V009	339	12960
L27_V009	340	13094
L27_V009	341	13224
L27_V009	342	13230
L27_V009	343	13288
L27_V009	344	13356
L27_V009	345	13365
L27_V009	346	13452
L27_V009	347	13500
L27_V009	348	13635
L27_V009	349	13769
L27_V009	350	13858
L27_V009	351	13905
L27_V009	352	14040
L27_V009	353	14175
L27_V009	354	14310
L27_V010	1	0
L27_V010	2	1
L27_V010	3	2
L27_V010	4	3
L27_V010	5	24
L27_V010	6	31
L27_V010	7	39
L27_V010	8	62
L27_V010	9	70
L27_V010	10	78
L27_V010	11	86
L27_V010	12	93
L27_V010	13	100
L27_V010	14	114
L27_V010	15	124
L27_V010	16	135
L27_V010	17	146
L27_V010	18	161
L27_V010	19	171
L27_V010	20	184
L27_V010	21	198
L27_V010	22	218
L27_V010	23	240
L27_V010	24	256
L27_V010	25	270
L27_V010	26	283
L27_V010	27	299
L27_V010	28	315
L27_V010	29	330
L27_V010	30	344
L27_V010	31	360
L27_V010	32	374
L27_V010	33	388
L27_V010	34	405
L27_V010	35	409
L27_V010	36	411
L27_V010	37	412
L27_V010	38	420
L27_V010	39	421
L27_V010	40	422
L27_V010	41	423
L27_V010	42	540
L27_V010	43	601
L27_V010	44	637
L27_V010	45	675
L27_V010	46	716
L27_V010	47	776
L27_V010	48	810
L27_V010	49	832
L27_V010	50	902
L27_V010	51	944
L27_V010	52	967
L27_V010	53	1071
L27_V010	54	1080
L27_V010	55	1121
L27_V010	56	1173
L27_V010	57	1215
L27_V010	58	1217
L27_V010	59	1253
L27_V010	60	1290
L27_V010	61	1339
L27_V010	62	1350
L27_V010	63	1485
L27_V010	64	1620
L27_V010	65	1712
L27_V010	66	1755
L27_V010	67	1848
L27_V010	68	1889
L27_V010	69	1925
L27_V010	70	2019
L27_V010	71	2025
L27_V010	72	2129
L27_V010	73	2160
L27_V010	74	2215
L27_V010	75	2295
L27_V010	76	2430
L27_V010	77	2565
L27_V010	78	2580
L27_V010	79	2637
L27_V010	80	2700
L27_V010	81	2835
L27_V010	82	2887
L27_V010	83	2970
L27_V010	84	3016
L27_V010	85	3105
L27_V010	86	3134
L27_V010	87	3181
L27_V010	88	3210
L27_V010	89	3240
L27_V010	90	3242
L27_V010	91	3275
L27_V010	92	3333
L27_V010	93	3357
L27_V010	94	3375
L27_V010	95	3382
L27_V010	96	3404
L27_V010	97	3427
L27_V010	98	3510
L27_V010	99	3540
L27_V010	100	3581
L27_V010	101	3626
L27_V010	102	3645
L27_V010	103	3679
L27_V010	104	3747
L27_V010	105	3779
L27_V010	106	3800
L27_V010	107	3861
L27_V010	108	3915
L27_V010	109	3943
L27_V010	110	4002
L27_V010	111	4050
L27_V010	112	4054
L27_V010	113	4101
L27_V010	114	4177
L27_V010	115	4185
L27_V010	116	4237
L27_V010	117	4297
L27_V010	118	4320
L27_V010	119	4350
L27_V010	120	4416
L27_V010	121	4455
L27_V010	122	4476
L27_V010	123	4532
L27_V010	124	4590
L27_V010	125	4643
L27_V010	126	4674
L27_V010	127	4711
L27_V010	128	4725
L27_V010	129	4753
L27_V010	130	4805
L27_V010	131	4853
L27_V010	132	4860
L27_V010	133	4944
L27_V010	134	4995
L27_V010	135	5022
L27_V010	136	5107
L27_V010	137	5130
L27_V010	138	5162
L27_V010	139	5223
L27_V010	140	5265
L27_V010	141	5267
L27_V010	142	5342
L27_V010	143	5400
L27_V010	144	5405
L27_V010	145	5474
L27_V010	146	5535
L27_V010	147	5597
L27_V010	148	5670
L27_V010	149	5695
L27_V010	150	5751
L27_V010	151	5805
L27_V010	152	5885
L27_V010	153	5940
L27_V010	154	5959
L27_V010	155	6034
L27_V010	156	6075
L27_V010	157	6172
L27_V010	158	6210
L27_V010	159	6345
L27_V010	160	6354
L27_V010	161	6480
L27_V010	162	6615
L27_V010	163	6738
L27_V010	164	6750
L27_V010	165	6884
L27_V010	166	6958
L27_V010	167	7020
L27_V010	168	7097
L27_V010	169	7155
L27_V010	170	7217
L27_V010	171	7290
L27_V010	172	7425
L27_V010	173	7531
L27_V010	174	7559
L27_V010	175	7611
L27_V010	176	7687
L27_V010	177	7695
L27_V010	178	7830
L27_V010	179	7875
L27_V010	180	7953
L27_V010	181	7965
L27_V010	182	8039
L27_V010	183	8100
L27_V010	184	8145
L27_V010	185	8235
L27_V010	186	8263
L27_V010	187	8343
L27_V010	188	8370
L27_V010	189	8500
L27_V010	190	8505
L27_V010	191	8587
L27_V010	192	8640
L27_V010	193	8721
L27_V010	194	8775
L27_V010	195	8781
L27_V010	196	8872
L27_V010	197	8910
L27_V010	198	9045
L27_V010	199	9180
L27_V010	200	9274
L27_V010	201	9315
L27_V010	202	9331
L27_V010	203	9450
L27_V010	204	9512
L27_V010	205	9585
L27_V010	206	9612
L27_V010	207	9710
L27_V010	208	9720
L27_V010	209	9811
L27_V010	210	9855
L27_V010	211	9908
L27_V010	212	9978
L27_V010	213	9990
L27_V010	214	10046
L27_V010	215	10101
L27_V010	216	10125
L27_V010	217	10149
L27_V010	218	10202
L27_V010	219	10260
L27_V010	220	10269
L27_V010	221	10335
L27_V010	222	10385
L27_V010	223	10395
L27_V010	224	10447
L27_V010	225	10482
L27_V010	226	10522
L27_V010	227	10530
L27_V010	228	10552
L27_V010	229	10587
L27_V010	230	10618
L27_V010	231	10662
L27_V010	232	10665
L27_V010	233	10699
L27_V010	234	10738
L27_V010	235	10800
L27_V010	236	10801
L27_V010	237	10858
L27_V010	238	10925
L27_V010	239	10935
L27_V010	240	10986
L27_V010	241	11070
L27_V010	242	11084
L27_V010	243	11163
L27_V010	244	11205
L27_V010	245	11229
L27_V010	246	11296
L27_V010	247	11340
L27_V010	248	11475
L27_V010	249	11562
L27_V010	250	11610
L27_V010	251	11662
L27_V010	252	11745
L27_V010	253	11753
L27_V010	254	11880
L27_V010	255	11893
L27_V010	256	11982
L27_V010	257	12015
L27_V010	258	12138
L27_V010	259	12150
L27_V010	260	12230
L27_V010	261	12272
L27_V010	262	12285
L27_V010	263	12340
L27_V010	264	12396
L27_V010	265	12420
L27_V010	266	12514
L27_V010	267	12555
L27_V010	268	12570
L27_V010	269	12624
L27_V010	270	12690
L27_V010	271	12695
L27_V010	272	12763
L27_V010	273	12825
L27_V010	274	12829
L27_V010	275	12897
L27_V010	276	12960
L27_V010	277	13016
L27_V010	278	13094
L27_V010	279	13143
L27_V010	280	13230
L27_V010	281	13272
L27_V010	282	13365
L27_V010	283	13376
L27_V010	284	13500
L27_V010	285	13582
L27_V010	286	13635
L27_V010	287	13769
L27_V010	288	13905
L27_V010	289	13940
L27_V010	290	13974
L27_V010	291	14004
L27_V010	292	14040
L27_V010	293	14041
L27_V010	294	14068
L27_V010	295	14091
L27_V010	296	14175
L27_V010	297	14310
L27_V010	298	14444
L27_V011	1	0
L27_V011	2	1
L27_V011	3	2
L27_V011	4	3
L27_V011	5	5
L27_V011	6	24
L27_V011	7	31
L27_V011	8	39
L27_V011	9	62
L27_V011	10	70
L27_V011	11	78
L27_V011	12	86
L27_V011	13	93
L27_V011	14	100
L27_V011	15	114
L27_V011	16	124
L27_V011	17	128
L27_V011	18	146
L27_V011	19	161
L27_V011	20	171
L27_V011	21	184
L27_V011	22	198
L27_V011	23	218
L27_V011	24	240
L27_V011	25	256
L27_V011	26	263
L27_V011	27	270
L27_V011	28	283
L27_V011	29	299
L27_V011	30	315
L27_V011	31	330
L27_V011	32	344
L27_V011	33	360
L27_V011	34	374
L27_V011	35	388
L27_V011	36	398
L27_V011	37	409
L27_V011	38	411
L27_V011	39	412
L27_V011	40	419
L27_V011	41	420
L27_V011	42	421
L27_V011	43	422
L27_V011	44	533
L27_V011	45	665
L27_V011	46	668
L27_V011	47	713
L27_V011	48	794
L27_V011	49	802
L27_V011	50	875
L27_V011	51	902
L27_V011	52	938
L27_V011	53	1006
L27_V011	54	1039
L27_V011	55	1073
L27_V011	56	1173
L27_V011	57	1208
L27_V011	58	1343
L27_V011	59	1478
L27_V011	60	1525
L27_V011	61	1598
L27_V011	62	1599
L27_V011	63	1600
L27_V011	64	1601
L27_V011	65	1602
L27_V011	66	1603
L27_V011	67	1604
L27_V011	68	1605
L27_V011	69	1605
L27_V011	70	1607
L27_V011	71	1607
L27_V011	72	1609
L27_V011	73	1610
L27_V011	74	1613
L27_V011	75	1614
L27_V011	76	1614
L27_V011	77	1616
L27_V011	78	1617
L27_V011	79	1618
L27_V011	80	1619
L27_V011	81	1620
L27_V011	82	1621
L27_V011	83	1622
L27_V011	84	1623
L27_V011	85	1623
L27_V011	86	1625
L27_V011	87	1626
L27_V011	88	1627
L27_V011	89	1628
L27_V011	90	1629
L27_V011	91	1630
L27_V011	92	1630
L27_V011	93	1632
L27_V011	94	1632
L27_V011	95	1634
L27_V011	96	1635
L27_V011	97	1637
L27_V011	98	1638
L27_V011	99	1639
L27_V011	100	1639
L27_V011	101	1641
L27_V011	102	1642
L27_V011	103	1643
L27_V011	104	1644
L27_V011	105	1645
L27_V011	106	1646
L27_V011	107	1647
L27_V011	108	1648
L27_V011	109	1648
L27_V011	110	1650
L27_V011	111	1651
L27_V011	112	1652
L27_V011	113	1653
L27_V011	114	1655
L27_V011	115	1655
L27_V011	116	1657
L27_V011	117	1657
L27_V011	118	1659
L27_V011	119	1730
L27_V011	120	1748
L27_V011	121	1837
L27_V011	122	1882
L27_V011	123	1916
L27_V011	124	1987
L27_V011	125	2018
L27_V011	126	2054
L27_V011	127	2098
L27_V011	128	2153
L27_V011	129	2288
L27_V011	130	2329
L27_V011	131	2371
L27_V011	132	2407
L27_V011	133	2423
L27_V011	134	2443
L27_V011	135	2491
L27_V011	136	2538
L27_V011	137	2558
L27_V011	138	2592
L27_V011	139	2639
L27_V011	140	2681
L27_V011	141	2693
L27_V011	142	2716
L27_V011	143	2828
L27_V011	144	2941
L27_V011	145	2963
L27_V011	146	3072
L27_V011	147	3098
L27_V011	148	3192
L27_V011	149	3233
L27_V011	150	3321
L27_V011	151	3368
L27_V011	152	3459
L27_V011	153	3503
L27_V011	154	3571
L27_V011	155	3638
L27_V011	156	3667
L27_V011	157	3718
L27_V011	158	3772
L27_V011	159	3827
L27_V011	160	3868
L27_V011	161	3901
L27_V011	162	3908
L27_V011	163	3982
L27_V011	164	4011
L27_V011	165	4043
L27_V011	166	4096
L27_V011	167	4149
L27_V011	168	4178
L27_V011	169	4215
L27_V011	170	4278
L27_V011	171	4313
L27_V011	172	4340
L27_V011	173	4403
L27_V011	174	4448
L27_V011	175	4490
L27_V011	176	4559
L27_V011	177	4583
L27_V011	178	4718
L27_V011	179	4835
L27_V011	180	4853
L27_V011	181	4925
L27_V011	182	4988
L27_V011	183	5025
L27_V011	184	5101
L27_V011	185	5123
L27_V011	186	5143
L27_V011	187	5239
L27_V011	188	5258
L27_V011	189	5326
L27_V011	190	5393
L27_V011	191	5528
L27_V011	192	5654
L27_V011	193	5663
L27_V011	194	5740
L27_V011	195	5798
L27_V011	196	5879
L27_V011	197	5933
L27_V011	198	5943
L27_V011	199	6068
L27_V011	200	6203
L27_V011	201	6286
L27_V011	202	6338
L27_V011	203	6370
L27_V011	204	6450
L27_V011	205	6473
L27_V011	206	6598
L27_V011	207	6608
L27_V011	208	6743
L27_V011	209	6745
L27_V011	210	6841
L27_V011	211	6878
L27_V011	212	6933
L27_V011	213	7013
L27_V011	214	7040
L27_V011	215	7148
L27_V011	216	7187
L27_V011	217	7283
L27_V011	218	7287
L27_V011	219	7369
L27_V011	220	7418
L27_V011	221	7553
L27_V011	222	7680
L27_V011	223	7688
L27_V011	224	7823
L27_V011	225	7831
L27_V011	226	7958
L27_V011	227	7970
L27_V011	228	8016
L27_V011	229	8067
L27_V011	230	8093
L27_V011	231	8228
L27_V011	232	8313
L27_V011	233	8363
L27_V011	234	8498
L27_V011	235	8502
L27_V011	236	8592
L27_V011	237	8633
L27_V011	238	8706
L27_V011	239	8768
L27_V011	240	8818
L27_V011	241	8903
L27_V011	242	8922
L27_V011	243	9009
L27_V011	244	9038
L27_V011	245	9084
L27_V011	246	9173
L27_V011	247	9214
L27_V011	248	9247
L27_V011	249	9308
L27_V011	250	9351
L27_V011	251	9384
L27_V011	252	9424
L27_V011	253	9443
L27_V011	254	9525
L27_V011	255	9578
L27_V011	256	9651
L27_V011	257	9713
L27_V011	258	9848
L27_V011	259	9916
L27_V011	260	9983
L27_V011	261	10118
L27_V011	262	10253
L27_V011	263	10307
L27_V011	264	10388
L27_V011	265	10398
L27_V011	266	10507
L27_V011	267	10523
L27_V011	268	10592
L27_V011	269	10658
L27_V011	270	10701
L27_V011	271	10793
L27_V011	272	10794
L27_V011	273	10895
L27_V011	274	10928
L27_V011	275	10993
L27_V011	276	11063
L27_V011	277	11078
L27_V011	278	11188
L27_V011	279	11198
L27_V011	280	11299
L27_V011	281	11333
L27_V011	282	11443
L27_V011	283	11444
L27_V011	284	11468
L27_V011	285	11531
L27_V011	286	11578
L27_V011	287	11603
L27_V011	288	11657
L27_V011	289	11729
L27_V011	290	11738
L27_V011	291	11796
L27_V011	292	11868
L27_V011	293	11873
L27_V011	294	11912
L27_V011	295	11975
L27_V011	296	12008
L27_V011	297	12055
L27_V011	298	12101
L27_V011	299	12143
L27_V011	300	12198
L27_V011	301	12243
L27_V011	302	12278
L27_V011	303	12305
L27_V011	304	12413
L27_V011	305	12548
L27_V011	306	12557
L27_V011	307	12672
L27_V011	308	12683
L27_V011	309	12818
L27_V011	310	12862
L27_V011	311	12931
L27_V011	312	12953
L27_V011	313	13065
L27_V011	314	13088
L27_V011	315	13129
L27_V011	316	13211
L27_V011	317	13222
L27_V011	318	13358
L27_V011	319	13432
L27_V011	320	13488
L27_V011	321	13493
L27_V011	322	13541
L27_V011	323	13578
L27_V011	324	13628
L27_V011	325	13656
L27_V011	326	13763
L27_V011	327	13897
L27_V011	328	14033
L27_V011	329	14115
L27_V011	330	14168
L27_V011	331	14303
L27_V011	332	14438
L27_V011	333	14572
L27_V011	334	14708
L27_V012	1	0
L27_V012	2	1
L27_V012	3	2
L27_V012	4	3
L27_V012	5	5
L27_V012	6	24
L27_V012	7	31
L27_V012	8	39
L27_V012	9	62
L27_V012	10	70
L27_V012	11	78
L27_V012	12	86
L27_V012	13	93
L27_V012	14	100
L27_V012	15	114
L27_V012	16	124
L27_V012	17	135
L27_V012	18	146
L27_V012	19	161
L27_V012	20	171
L27_V012	21	184
L27_V012	22	198
L27_V012	23	218
L27_V012	24	240
L27_V012	25	256
L27_V012	26	270
L27_V012	27	283
L27_V012	28	299
L27_V012	29	315
L27_V012	30	330
L27_V012	31	344
L27_V012	32	360
L27_V012	33	374
L27_V012	34	388
L27_V012	35	405
L27_V012	36	409
L27_V012	37	411
L27_V012	38	412
L27_V012	39	420
L27_V012	40	421
L27_V012	41	422
L27_V012	42	423
L27_V012	43	540
L27_V012	44	566
L27_V012	45	611
L27_V012	46	646
L27_V012	47	675
L27_V012	48	689
L27_V012	49	737
L27_V012	50	800
L27_V012	51	810
L27_V012	52	882
L27_V012	53	938
L27_V012	54	944
L27_V012	55	990
L27_V012	56	1016
L27_V012	57	1045
L27_V012	58	1080
L27_V012	59	1120
L27_V012	60	1166
L27_V012	61	1215
L27_V012	62	1232
L27_V012	63	1350
L27_V012	64	1485
L27_V012	65	1525
L27_V012	66	1620
L27_V012	67	1705
L27_V012	68	1755
L27_V012	69	1839
L27_V012	70	1889
L27_V012	71	1980
L27_V012	72	2025
L27_V012	73	2069
L27_V012	74	2141
L27_V012	75	2160
L27_V012	76	2217
L27_V012	77	2295
L27_V012	78	2308
L27_V012	79	2430
L27_V012	80	2565
L27_V012	81	2622
L27_V012	82	2680
L27_V012	83	2700
L27_V012	84	2735
L27_V012	85	2835
L27_V012	86	2913
L27_V012	87	2970
L27_V012	88	3105
L27_V012	89	3240
L27_V012	90	3257
L27_V012	91	3364
L27_V012	92	3375
L27_V012	93	3470
L27_V012	94	3510
L27_V012	95	3563
L27_V012	96	3645
L27_V012	97	3706
L27_V012	98	3779
L27_V012	99	3804
L27_V012	100	3867
L27_V012	101	3915
L27_V012	102	3979
L27_V012	103	4045
L27_V012	104	4050
L27_V012	105	4116
L27_V012	106	4180
L27_V012	107	4185
L27_V012	108	4277
L27_V012	109	4320
L27_V012	110	4348
L27_V012	111	4413
L27_V012	112	4455
L27_V012	113	4590
L27_V012	114	4638
L27_V012	115	4725
L27_V012	116	4738
L27_V012	117	4860
L27_V012	118	4903
L27_V012	119	4995
L27_V012	120	5073
L27_V012	121	5130
L27_V012	122	5238
L27_V012	123	5265
L27_V012	124	5323
L27_V012	125	5397
L27_V012	126	5400
L27_V012	127	5485
L27_V012	128	5535
L27_V012	129	5585
L27_V012	130	5655
L27_V012	131	5670
L27_V012	132	5727
L27_V012	133	5784
L27_V012	134	5805
L27_V012	135	5866
L27_V012	136	5940
L27_V012	137	5942
L27_V012	138	5943
L27_V012	139	6039
L27_V012	140	6075
L27_V012	141	6128
L27_V012	142	6210
L27_V012	143	6226
L27_V012	144	6324
L27_V012	145	6345
L27_V012	146	6400
L27_V012	147	6463
L27_V012	148	6480
L27_V012	149	6553
L27_V012	150	6615
L27_V012	151	6634
L27_V012	152	6704
L27_V012	153	6750
L27_V012	154	6781
L27_V012	155	6854
L27_V012	156	6884
L27_V012	157	6913
L27_V012	158	7015
L27_V012	159	7020
L27_V012	160	7111
L27_V012	161	7155
L27_V012	162	7272
L27_V012	163	7290
L27_V012	164	7334
L27_V012	165	7377
L27_V012	166	7425
L27_V012	167	7428
L27_V012	168	7519
L27_V012	169	7559
L27_V012	170	7612
L27_V012	171	7659
L27_V012	172	7695
L27_V012	173	7723
L27_V012	174	7809
L27_V012	175	7830
L27_V012	176	7965
L27_V012	177	7989
L27_V012	178	8100
L27_V012	179	8134
L27_V012	180	8235
L27_V012	181	8244
L27_V012	182	8367
L27_V012	183	8370
L27_V012	184	8444
L27_V012	185	8505
L27_V012	186	8537
L27_V012	187	8635
L27_V012	188	8640
L27_V012	189	8721
L27_V012	190	8775
L27_V012	191	8872
L27_V012	192	8910
L27_V012	193	9022
L27_V012	194	9045
L27_V012	195	9141
L27_V012	196	9180
L27_V012	197	9225
L27_V012	198	9309
L27_V012	199	9315
L27_V012	200	9374
L27_V012	201	9442
L27_V012	202	9450
L27_V012	203	9507
L27_V012	204	9545
L27_V012	205	9585
L27_V012	206	9691
L27_V012	207	9720
L27_V012	208	9761
L27_V012	209	9855
L27_V012	210	9862
L27_V012	211	9939
L27_V012	212	9990
L27_V012	213	10054
L27_V012	214	10125
L27_V012	215	10206
L27_V012	216	10256
L27_V012	217	10260
L27_V012	218	10361
L27_V012	219	10395
L27_V012	220	10530
L27_V012	221	10549
L27_V012	222	10625
L27_V012	223	10665
L27_V012	224	10695
L27_V012	225	10758
L27_V012	226	10800
L27_V012	227	10862
L27_V012	228	10935
L27_V012	229	10939
L27_V012	230	11047
L27_V012	231	11070
L27_V012	232	11205
L27_V012	233	11340
L27_V012	234	11406
L27_V012	235	11475
L27_V012	236	11499
L27_V012	237	11610
L27_V012	238	11648
L27_V012	239	11686
L27_V012	240	11733
L27_V012	241	11745
L27_V012	242	11771
L27_V012	243	11816
L27_V012	244	11853
L27_V012	245	11880
L27_V012	246	11939
L27_V012	247	12015
L27_V012	248	12076
L27_V012	249	12150
L27_V012	250	12165
L27_V012	251	12273
L27_V012	252	12285
L27_V012	253	12365
L27_V012	254	12420
L27_V012	255	12444
L27_V012	256	12548
L27_V012	257	12555
L27_V012	258	12690
L27_V012	259	12757
L27_V012	260	12825
L27_V012	261	12830
L27_V012	262	12941
L27_V012	263	12960
L27_V012	264	13043
L27_V012	265	13094
L27_V012	266	13227
L27_V012	267	13230
L27_V012	268	13357
L27_V012	269	13365
L27_V012	270	13462
L27_V012	271	13500
L27_V012	272	13635
L27_V012	273	13738
L27_V012	274	13769
L27_V012	275	13829
L27_V012	276	13905
L27_V012	277	13931
L27_V012	278	14040
L27_V012	279	14175
L27_V012	280	14310
L27_V012	281	14444
L27_V012	282	14580
L27_V012	283	14715
L27_V012	284	14850
L27_V013	1	0
L27_V013	2	1
L27_V013	3	2
L27_V013	4	3
L27_V013	5	24
L27_V013	6	31
L27_V013	7	39
L27_V013	8	62
L27_V013	9	70
L27_V013	10	78
L27_V013	11	86
L27_V013	12	93
L27_V013	13	100
L27_V013	14	114
L27_V013	15	124
L27_V013	16	135
L27_V013	17	146
L27_V013	18	161
L27_V013	19	171
L27_V013	20	184
L27_V013	21	198
L27_V013	22	218
L27_V013	23	240
L27_V013	24	256
L27_V013	25	270
L27_V013	26	283
L27_V013	27	299
L27_V013	28	315
L27_V013	29	330
L27_V013	30	344
L27_V013	31	360
L27_V013	32	374
L27_V013	33	388
L27_V013	34	405
L27_V013	35	409
L27_V013	36	411
L27_V013	37	412
L27_V013	38	420
L27_V013	39	421
L27_V013	40	422
L27_V013	41	423
L27_V013	42	540
L27_V013	43	614
L27_V013	44	675
L27_V013	45	682
L27_V013	46	784
L27_V013	47	810
L27_V013	48	814
L27_V013	49	852
L27_V013	50	874
L27_V013	51	902
L27_V013	52	928
L27_V013	53	944
L27_V013	54	1050
L27_V013	55	1080
L27_V013	56	1159
L27_V013	57	1215
L27_V013	58	1287
L27_V013	59	1350
L27_V013	60	1400
L27_V013	61	1475
L27_V013	62	1485
L27_V013	63	1589
L27_V013	64	1620
L27_V013	65	1755
L27_V013	66	1854
L27_V013	67	1889
L27_V013	68	1954
L27_V013	69	2025
L27_V013	70	2034
L27_V013	71	2123
L27_V013	72	2160
L27_V013	73	2214
L27_V013	74	2295
L27_V013	75	2310
L27_V013	76	2382
L27_V013	77	2430
L27_V013	78	2455
L27_V013	79	2521
L27_V013	80	2565
L27_V013	81	2576
L27_V013	82	2644
L27_V013	83	2700
L27_V013	84	2734
L27_V013	85	2835
L27_V013	86	2843
L27_V013	87	2937
L27_V013	88	2970
L27_V013	89	3028
L27_V013	90	3105
L27_V013	91	3160
L27_V013	92	3218
L27_V013	93	3240
L27_V013	94	3272
L27_V013	95	3344
L27_V013	96	3375
L27_V013	97	3399
L27_V013	98	3454
L27_V013	99	3496
L27_V013	100	3510
L27_V013	101	3599
L27_V013	102	3645
L27_V013	103	3704
L27_V013	104	3779
L27_V013	105	3844
L27_V013	106	3915
L27_V013	107	3990
L27_V013	108	4050
L27_V013	109	4098
L27_V013	110	4185
L27_V013	111	4209
L27_V013	112	4303
L27_V013	113	4320
L27_V013	114	4455
L27_V013	115	4533
L27_V013	116	4590
L27_V013	117	4611
L27_V013	118	4699
L27_V013	119	4725
L27_V013	120	4860
L27_V013	121	4941
L27_V013	122	4995
L27_V013	123	5050
L27_V013	124	5130
L27_V013	125	5136
L27_V013	126	5205
L27_V013	127	5265
L27_V013	128	5293
L27_V013	129	5366
L27_V013	130	5400
L27_V013	131	5433
L27_V013	132	5477
L27_V013	133	5535
L27_V013	134	5574
L27_V013	135	5670
L27_V013	136	5708
L27_V013	137	5805
L27_V013	138	5819
L27_V013	139	5940
L27_V013	140	6075
L27_V013	141	6152
L27_V013	142	6187
L27_V013	143	6210
L27_V013	144	6224
L27_V013	145	6278
L27_V013	146	6345
L27_V013	147	6389
L27_V013	148	6453
L27_V013	149	6480
L27_V013	150	6538
L27_V013	151	6615
L27_V013	152	6620
L27_V013	153	6686
L27_V013	154	6750
L27_V013	155	6850
L27_V013	156	6884
L27_V013	157	6897
L27_V013	158	6947
L27_V013	159	7011
L27_V013	160	7020
L27_V013	161	7073
L27_V013	162	7136
L27_V013	163	7155
L27_V013	164	7219
L27_V013	165	7273
L27_V013	166	7290
L27_V013	167	7362
L27_V013	168	7425
L27_V013	169	7514
L27_V013	170	7559
L27_V013	171	7695
L27_V013	172	7756
L27_V013	173	7795
L27_V013	174	7830
L27_V013	175	7965
L27_V013	176	8033
L27_V013	177	8100
L27_V013	178	8235
L27_V013	179	8283
L27_V013	180	8370
L27_V013	181	8436
L27_V013	182	8505
L27_V013	183	8640
L27_V013	184	8747
L27_V013	185	8775
L27_V013	186	8876
L27_V013	187	8910
L27_V013	188	8917
L27_V013	189	8957
L27_V013	190	9001
L27_V013	191	9045
L27_V013	192	9051
L27_V013	193	9115
L27_V013	194	9180
L27_V013	195	9231
L27_V013	196	9290
L27_V013	197	9315
L27_V013	198	9349
L27_V013	199	9407
L27_V013	200	9450
L27_V013	201	9465
L27_V013	202	9517
L27_V013	203	9577
L27_V013	204	9585
L27_V013	205	9627
L27_V013	206	9663
L27_V013	207	9693
L27_V013	208	9720
L27_V013	209	9730
L27_V013	210	9758
L27_V013	211	9790
L27_V013	212	9823
L27_V013	213	9855
L27_V013	214	9861
L27_V013	215	9898
L27_V013	216	9940
L27_V013	217	9980
L27_V013	218	9990
L27_V013	219	10014
L27_V013	220	10048
L27_V013	221	10080
L27_V013	222	10112
L27_V013	223	10125
L27_V013	224	10141
L27_V013	225	10173
L27_V013	226	10174
L27_V013	227	10260
L27_V013	228	10298
L27_V013	229	10345
L27_V013	230	10395
L27_V013	231	10421
L27_V013	232	10498
L27_V013	233	10530
L27_V013	234	10581
L27_V013	235	10630
L27_V013	236	10665
L27_V013	237	10677
L27_V013	238	10724
L27_V013	239	10789
L27_V013	240	10800
L27_V013	241	10892
L27_V013	242	10935
L27_V013	243	10999
L27_V013	244	11070
L27_V013	245	11114
L27_V013	246	11205
L27_V013	247	11312
L27_V013	248	11313
L27_V013	249	11314
L27_V013	250	11340
L27_V013	251	11375
L27_V013	252	11459
L27_V013	253	11475
L27_V013	254	11536
L27_V013	255	11610
L27_V013	256	11662
L27_V013	257	11745
L27_V013	258	11746
L27_V013	259	11880
L27_V013	260	11940
L27_V013	261	12015
L27_V013	262	12023
L27_V013	263	12109
L27_V013	264	12150
L27_V013	265	12183
L27_V013	266	12256
L27_V013	267	12285
L27_V013	268	12329
L27_V013	269	12420
L27_V013	270	12452
L27_V013	271	12555
L27_V013	272	12676
L27_V013	273	12690
L27_V013	274	12776
L27_V013	275	12825
L27_V013	276	12855
L27_V013	277	12929
L27_V013	278	12960
L27_V013	279	12988
L27_V013	280	13047
L27_V013	281	13094
L27_V013	282	13111
L27_V013	283	13190
L27_V013	284	13230
L27_V013	285	13365
L27_V013	286	13500
L27_V013	287	13635
L27_V013	288	13769
L27_V013	289	13905
L27_V013	290	14040
L27_V013	291	14175
L27_V014	1	0
L27_V014	2	1
L27_V014	3	2
L27_V014	4	3
L27_V014	5	4
L27_V014	6	24
L27_V014	7	31
L27_V014	8	39
L27_V014	9	62
L27_V014	10	70
L27_V014	11	78
L27_V014	12	86
L27_V014	13	93
L27_V014	14	100
L27_V014	15	114
L27_V014	16	124
L27_V014	17	135
L27_V014	18	146
L27_V014	19	161
L27_V014	20	171
L27_V014	21	184
L27_V014	22	198
L27_V014	23	218
L27_V014	24	240
L27_V014	25	256
L27_V014	26	270
L27_V014	27	283
L27_V014	28	299
L27_V014	29	315
L27_V014	30	330
L27_V014	31	344
L27_V014	32	360
L27_V014	33	374
L27_V014	34	388
L27_V014	35	405
L27_V014	36	409
L27_V014	37	411
L27_V014	38	412
L27_V014	39	540
L27_V014	40	634
L27_V014	41	675
L27_V014	42	684
L27_V014	43	730
L27_V014	44	779
L27_V014	45	810
L27_V014	46	847
L27_V014	47	914
L27_V014	48	944
L27_V014	49	1032
L27_V014	50	1080
L27_V014	51	1084
L27_V014	52	1118
L27_V014	53	1215
L27_V014	54	1350
L27_V014	55	1417
L27_V014	56	1485
L27_V014	57	1620
L27_V014	58	1623
L27_V014	59	1755
L27_V014	60	1821
L27_V014	61	1889
L27_V014	62	1993
L27_V014	63	2025
L27_V014	64	2160
L27_V014	65	2235
L27_V014	66	2295
L27_V014	67	2430
L27_V014	68	2544
L27_V014	69	2565
L27_V014	70	2700
L27_V014	71	2752
L27_V014	72	2835
L27_V014	73	2880
L27_V014	74	2970
L27_V014	75	3055
L27_V014	76	3105
L27_V014	77	3210
L27_V014	78	3240
L27_V014	79	3321
L27_V014	80	3375
L27_V014	81	3439
L27_V014	82	3510
L27_V014	83	3585
L27_V014	84	3645
L27_V014	85	3702
L27_V014	86	3779
L27_V014	87	3877
L27_V014	88	3915
L27_V014	89	4015
L27_V014	90	4050
L27_V014	91	4126
L27_V014	92	4185
L27_V014	93	4215
L27_V014	94	4320
L27_V014	95	4405
L27_V014	96	4455
L27_V014	97	4485
L27_V014	98	4544
L27_V014	99	4590
L27_V014	100	4618
L27_V014	101	4667
L27_V014	102	4704
L27_V014	103	4725
L27_V014	104	4733
L27_V014	105	4771
L27_V014	106	4813
L27_V014	107	4860
L27_V014	108	4960
L27_V014	109	4995
L27_V014	110	5017
L27_V014	111	5081
L27_V014	112	5130
L27_V014	113	5150
L27_V014	114	5232
L27_V014	115	5265
L27_V014	116	5318
L27_V014	117	5378
L27_V014	118	5400
L27_V014	119	5469
L27_V014	120	5535
L27_V014	121	5601
L27_V014	122	5670
L27_V014	123	5711
L27_V014	124	5805
L27_V014	125	5940
L27_V014	126	5972
L27_V014	127	6053
L27_V014	128	6075
L27_V014	129	6124
L27_V014	130	6202
L27_V014	131	6210
L27_V014	132	6345
L27_V014	133	6351
L27_V014	134	6461
L27_V014	135	6480
L27_V014	136	6531
L27_V014	137	6598
L27_V014	138	6615
L27_V014	139	6673
L27_V014	140	6742
L27_V014	141	6750
L27_V014	142	6815
L27_V014	143	6884
L27_V014	144	7020
L27_V014	145	7023
L27_V014	146	7122
L27_V014	147	7155
L27_V014	148	7204
L27_V014	149	7290
L27_V014	150	7297
L27_V014	151	7425
L27_V014	152	7456
L27_V014	153	7559
L27_V014	154	7573
L27_V014	155	7631
L27_V014	156	7677
L27_V014	157	7695
L27_V014	158	7720
L27_V014	159	7779
L27_V014	160	7830
L27_V014	161	7843
L27_V014	162	7940
L27_V014	163	7965
L27_V014	164	8006
L27_V014	165	8100
L27_V014	166	8108
L27_V014	167	8204
L27_V014	168	8235
L27_V014	169	8370
L27_V014	170	8405
L27_V014	171	8505
L27_V014	172	8596
L27_V014	173	8640
L27_V014	174	8766
L27_V014	175	8775
L27_V014	176	8866
L27_V014	177	8910
L27_V014	178	8954
L27_V014	179	9045
L27_V014	180	9084
L27_V014	181	9180
L27_V014	182	9205
L27_V014	183	9286
L27_V014	184	9315
L27_V014	185	9401
L27_V014	186	9447
L27_V014	187	9450
L27_V014	188	9542
L27_V014	189	9585
L27_V014	190	9650
L27_V014	191	9720
L27_V014	192	9759
L27_V014	193	9855
L27_V014	194	9880
L27_V014	195	9965
L27_V014	196	9990
L27_V014	197	10115
L27_V014	198	10125
L27_V014	199	10254
L27_V014	200	10260
L27_V014	201	10310
L27_V014	202	10375
L27_V014	203	10395
L27_V014	204	10443
L27_V014	205	10496
L27_V014	206	10498
L27_V014	207	10530
L27_V014	208	10616
L27_V014	209	10617
L27_V014	210	10665
L27_V014	211	10693
L27_V014	212	10794
L27_V014	213	10800
L27_V014	214	10882
L27_V014	215	10935
L27_V014	216	10985
L27_V014	217	11062
L27_V014	218	11070
L27_V014	219	11136
L27_V014	220	11205
L27_V014	221	11215
L27_V014	222	11255
L27_V014	223	11286
L27_V014	224	11340
L27_V014	225	11399
L27_V014	226	11475
L27_V014	227	11522
L27_V014	228	11610
L27_V014	229	11671
L27_V014	230	11745
L27_V014	231	11746
L27_V014	232	11840
L27_V014	233	11880
L27_V014	234	12015
L27_V014	235	12059
L27_V014	236	12120
L27_V014	237	12150
L27_V014	238	12264
L27_V014	239	12285
L27_V014	240	12332
L27_V014	241	12389
L27_V014	242	12420
L27_V014	243	12518
L27_V014	244	12555
L27_V014	245	12665
L27_V014	246	12690
L27_V014	247	12784
L27_V014	248	12825
L27_V014	249	12929
L27_V014	250	12960
L27_V014	251	13041
L27_V014	252	13094
L27_V014	253	13162
L27_V014	254	13230
L27_V014	255	13318
L27_V014	256	13365
L27_V014	257	13459
L27_V014	258	13500
L27_V014	259	13632
L27_V014	260	13635
L27_V014	261	13740
L27_V014	262	13769
L27_V014	263	13847
L27_V014	264	13905
L27_V014	265	13944
L27_V014	266	14040
L27_V014	267	14175
L27_V014	268	14310
L27_V015	1	0
L27_V015	2	1
L27_V015	3	2
L27_V015	4	3
L27_V015	5	24
L27_V015	6	31
L27_V015	7	39
L27_V015	8	62
L27_V015	9	70
L27_V015	10	78
L27_V015	11	86
L27_V015	12	93
L27_V015	13	100
L27_V015	14	114
L27_V015	15	124
L27_V015	16	135
L27_V015	17	146
L27_V015	18	161
L27_V015	19	171
L27_V015	20	184
L27_V015	21	198
L27_V015	22	218
L27_V015	23	240
L27_V015	24	256
L27_V015	25	270
L27_V015	26	283
L27_V015	27	299
L27_V015	28	315
L27_V015	29	330
L27_V015	30	344
L27_V015	31	360
L27_V015	32	374
L27_V015	33	388
L27_V015	34	405
L27_V015	35	409
L27_V015	36	411
L27_V015	37	412
L27_V015	38	420
L27_V015	39	421
L27_V015	40	422
L27_V015	41	423
L27_V015	42	540
L27_V015	43	578
L27_V015	44	603
L27_V015	45	632
L27_V015	46	660
L27_V015	47	675
L27_V015	48	695
L27_V015	49	726
L27_V015	50	754
L27_V015	51	790
L27_V015	52	810
L27_V015	53	830
L27_V015	54	876
L27_V015	55	908
L27_V015	56	944
L27_V015	57	948
L27_V015	58	985
L27_V015	59	1068
L27_V015	60	1080
L27_V015	61	1215
L27_V015	62	1315
L27_V015	63	1350
L27_V015	64	1485
L27_V015	65	1557
L27_V015	66	1620
L27_V015	67	1755
L27_V015	68	1791
L27_V015	69	1889
L27_V015	70	1897
L27_V015	71	2025
L27_V015	72	2160
L27_V015	73	2295
L27_V015	74	2383
L27_V015	75	2430
L27_V015	76	2509
L27_V015	77	2565
L27_V015	78	2581
L27_V015	79	2685
L27_V015	80	2700
L27_V015	81	2735
L27_V015	82	2784
L27_V015	83	2835
L27_V015	84	2863
L27_V015	85	2864
L27_V015	86	2865
L27_V015	87	2953
L27_V015	88	2970
L27_V015	89	3080
L27_V015	90	3105
L27_V015	91	3240
L27_V015	92	3327
L27_V015	93	3375
L27_V015	94	3440
L27_V015	95	3479
L27_V015	96	3510
L27_V015	97	3524
L27_V015	98	3610
L27_V015	99	3645
L27_V015	100	3672
L27_V015	101	3729
L27_V015	102	3779
L27_V015	103	3801
L27_V015	104	3854
L27_V015	105	3899
L27_V015	106	3915
L27_V015	107	3940
L27_V015	108	3985
L27_V015	109	4022
L27_V015	110	4050
L27_V015	111	4052
L27_V015	112	4095
L27_V015	113	4185
L27_V015	114	4320
L27_V015	115	4380
L27_V015	116	4455
L27_V015	117	4590
L27_V015	118	4594
L27_V015	119	4725
L27_V015	120	4743
L27_V015	121	4814
L27_V015	122	4860
L27_V015	123	4882
L27_V015	124	4954
L27_V015	125	4995
L27_V015	126	5010
L27_V015	127	5066
L27_V015	128	5130
L27_V015	129	5193
L27_V015	130	5250
L27_V015	131	5265
L27_V015	132	5300
L27_V015	133	5352
L27_V015	134	5400
L27_V015	135	5434
L27_V015	136	5535
L27_V015	137	5547
L27_V015	138	5614
L27_V015	139	5670
L27_V015	140	5674
L27_V015	141	5715
L27_V015	142	5786
L27_V015	143	5805
L27_V015	144	5878
L27_V015	145	5931
L27_V015	146	5940
L27_V015	147	5971
L27_V015	148	6045
L27_V015	149	6075
L27_V015	150	6084
L27_V015	151	6156
L27_V015	152	6210
L27_V015	153	6242
L27_V015	154	6319
L27_V015	155	6345
L27_V015	156	6357
L27_V015	157	6396
L27_V015	158	6429
L27_V015	159	6430
L27_V015	160	6480
L27_V015	161	6512
L27_V015	162	6615
L27_V015	163	6750
L27_V015	164	6784
L27_V015	165	6861
L27_V015	166	6884
L27_V015	167	6934
L27_V015	168	7020
L27_V015	169	7059
L27_V015	170	7133
L27_V015	171	7155
L27_V015	172	7263
L27_V015	173	7290
L27_V015	174	7372
L27_V015	175	7425
L27_V015	176	7454
L27_V015	177	7541
L27_V015	178	7559
L27_V015	179	7604
L27_V015	180	7695
L27_V015	181	7741
L27_V015	182	7830
L27_V015	183	7965
L27_V015	184	8048
L27_V015	185	8100
L27_V015	186	8159
L27_V015	187	8205
L27_V015	188	8235
L27_V015	189	8306
L27_V015	190	8370
L27_V015	191	8393
L27_V015	192	8490
L27_V015	193	8491
L27_V015	194	8505
L27_V015	195	8640
L27_V015	196	8711
L27_V015	197	8748
L27_V015	198	8775
L27_V015	199	8783
L27_V015	200	8820
L27_V015	201	8882
L27_V015	202	8910
L27_V015	203	9010
L27_V015	204	9045
L27_V015	205	9166
L27_V015	206	9180
L27_V015	207	9188
L27_V015	208	9222
L27_V015	209	9257
L27_V015	210	9288
L27_V015	211	9315
L27_V015	212	9319
L27_V015	213	9342
L27_V015	214	9362
L27_V015	215	9383
L27_V015	216	9437
L27_V015	217	9450
L27_V015	218	9585
L27_V015	219	9596
L27_V015	220	9650
L27_V015	221	9720
L27_V015	222	9724
L27_V015	223	9769
L27_V015	224	9818
L27_V015	225	9855
L27_V015	226	9878
L27_V015	227	9911
L27_V015	228	9981
L27_V015	229	9990
L27_V015	230	10103
L27_V015	231	10125
L27_V015	232	10217
L27_V015	233	10260
L27_V015	234	10287
L27_V015	235	10329
L27_V015	236	10395
L27_V015	237	10433
L27_V015	238	10530
L27_V015	239	10645
L27_V015	240	10665
L27_V015	241	10773
L27_V015	242	10800
L27_V015	243	10935
L27_V015	244	11070
L27_V015	245	11080
L27_V015	246	11171
L27_V015	247	11205
L27_V015	248	11239
L27_V015	249	11318
L27_V015	250	11340
L27_V015	251	11390
L27_V015	252	11475
L27_V015	253	11610
L27_V015	254	11626
L27_V015	255	11732
L27_V015	256	11745
L27_V015	257	11838
L27_V015	258	11880
L27_V015	259	11961
L27_V015	260	12015
L27_V015	261	12060
L27_V015	262	12150
L27_V015	263	12264
L27_V015	264	12285
L27_V015	265	12420
L27_V015	266	12503
L27_V015	267	12555
L27_V015	268	12626
L27_V015	269	12690
L27_V015	270	12712
L27_V015	271	12825
L27_V015	272	12899
L27_V015	273	12960
L27_V015	274	12965
L27_V015	275	13066
L27_V015	276	13094
L27_V015	277	13212
L27_V015	278	13230
L27_V015	279	13294
L27_V015	280	13365
L27_V015	281	13394
L27_V015	282	13485
L27_V015	283	13500
L27_V015	284	13635
L27_V015	285	13722
L27_V015	286	13769
L27_V015	287	13832
L27_V015	288	13900
L27_V015	289	13905
L27_V015	290	13955
L27_V015	291	14005
L27_V015	292	14040
L27_V015	293	14068
L27_V015	294	14131
L27_V015	295	14175
L27_V015	296	14310
L27_V015	297	14444
L27_V015	298	14580
L27_V016	1	0
L27_V016	2	1
L27_V016	3	2
L27_V016	4	3
L27_V016	5	24
L27_V016	6	31
L27_V016	7	39
L27_V016	8	62
L27_V016	9	70
L27_V016	10	78
L27_V016	11	86
L27_V016	12	93
L27_V016	13	100
L27_V016	14	114
L27_V016	15	124
L27_V016	16	135
L27_V016	17	146
L27_V016	18	161
L27_V016	19	171
L27_V016	20	184
L27_V016	21	198
L27_V016	22	218
L27_V016	23	240
L27_V016	24	256
L27_V016	25	270
L27_V016	26	283
L27_V016	27	299
L27_V016	28	315
L27_V016	29	330
L27_V016	30	344
L27_V016	31	360
L27_V016	32	374
L27_V016	33	388
L27_V016	34	405
L27_V016	35	409
L27_V016	36	411
L27_V016	37	412
L27_V016	38	420
L27_V016	39	421
L27_V016	40	422
L27_V016	41	423
L27_V016	42	540
L27_V016	43	612
L27_V016	44	669
L27_V016	45	675
L27_V016	46	810
L27_V016	47	851
L27_V016	48	907
L27_V016	49	944
L27_V016	50	980
L27_V016	51	1080
L27_V016	52	1086
L27_V016	53	1197
L27_V016	54	1215
L27_V016	55	1281
L27_V016	56	1282
L27_V016	57	1283
L27_V016	58	1284
L27_V016	59	1285
L27_V016	60	1286
L27_V016	61	1287
L27_V016	62	1288
L27_V016	63	1289
L27_V016	64	1290
L27_V016	65	1291
L27_V016	66	1293
L27_V016	67	1294
L27_V016	68	1295
L27_V016	69	1296
L27_V016	70	1297
L27_V016	71	1298
L27_V016	72	1300
L27_V016	73	1301
L27_V016	74	1304
L27_V016	75	1305
L27_V016	76	1307
L27_V016	77	1309
L27_V016	78	1310
L27_V016	79	1311
L27_V016	80	1312
L27_V016	81	1313
L27_V016	82	1314
L27_V016	83	1315
L27_V016	84	1316
L27_V016	85	1317
L27_V016	86	1318
L27_V016	87	1319
L27_V016	88	1320
L27_V016	89	1321
L27_V016	90	1322
L27_V016	91	1350
L27_V016	92	1372
L27_V016	93	1428
L27_V016	94	1471
L27_V016	95	1485
L27_V016	96	1511
L27_V016	97	1556
L27_V016	98	1586
L27_V016	99	1620
L27_V016	100	1628
L27_V016	101	1655
L27_V016	102	1691
L27_V016	103	1720
L27_V016	104	1755
L27_V016	105	1768
L27_V016	106	1769
L27_V016	107	1770
L27_V016	108	1771
L27_V016	109	1772
L27_V016	110	1773
L27_V016	111	1775
L27_V016	112	1776
L27_V016	113	1777
L27_V016	114	1778
L27_V016	115	1784
L27_V016	116	1839
L27_V016	117	1889
L27_V016	118	1920
L27_V016	119	1921
L27_V016	120	1923
L27_V016	121	1927
L27_V016	122	1957
L27_V016	123	1995
L27_V016	124	2025
L27_V016	125	2034
L27_V016	126	2058
L27_V016	127	2160
L27_V016	128	2270
L27_V016	129	2295
L27_V016	130	2430
L27_V016	131	2565
L27_V016	132	2600
L27_V016	133	2700
L27_V016	134	2801
L27_V016	135	2835
L27_V016	136	2970
L27_V016	137	3105
L27_V016	138	3121
L27_V016	139	3125
L27_V016	140	3126
L27_V016	141	3128
L27_V016	142	3129
L27_V016	143	3130
L27_V016	144	3131
L27_V016	145	3133
L27_V016	146	3134
L27_V016	147	3135
L27_V016	148	3136
L27_V016	149	3138
L27_V016	150	3139
L27_V016	151	3140
L27_V016	152	3141
L27_V016	153	3143
L27_V016	154	3144
L27_V016	155	3145
L27_V016	156	3146
L27_V016	157	3148
L27_V016	158	3149
L27_V016	159	3150
L27_V016	160	3151
L27_V016	161	3153
L27_V016	162	3154
L27_V016	163	3155
L27_V016	164	3156
L27_V016	165	3158
L27_V016	166	3159
L27_V016	167	3160
L27_V016	168	3161
L27_V016	169	3163
L27_V016	170	3164
L27_V016	171	3165
L27_V016	172	3166
L27_V016	173	3168
L27_V016	174	3169
L27_V016	175	3171
L27_V016	176	3173
L27_V016	177	3175
L27_V016	178	3176
L27_V016	179	3178
L27_V016	180	3179
L27_V016	181	3180
L27_V016	182	3181
L27_V016	183	3184
L27_V016	184	3186
L27_V016	185	3190
L27_V016	186	3191
L27_V016	187	3193
L27_V016	188	3194
L27_V016	189	3195
L27_V016	190	3196
L27_V016	191	3199
L27_V016	192	3200
L27_V016	193	3201
L27_V016	194	3203
L27_V016	195	3204
L27_V016	196	3204
L27_V016	197	3206
L27_V016	198	3207
L27_V016	199	3240
L27_V016	200	3344
L27_V016	201	3375
L27_V016	202	3385
L27_V016	203	3442
L27_V016	204	3486
L27_V016	205	3510
L27_V016	206	3583
L27_V016	207	3645
L27_V016	208	3653
L27_V016	209	3729
L27_V016	210	3779
L27_V016	211	3817
L27_V016	212	3915
L27_V016	213	3929
L27_V016	214	4031
L27_V016	215	4050
L27_V016	216	4111
L27_V016	217	4185
L27_V016	218	4212
L27_V016	219	4320
L27_V016	220	4407
L27_V016	221	4455
L27_V016	222	4510
L27_V016	223	4574
L27_V016	224	4590
L27_V016	225	4725
L27_V016	226	4860
L27_V016	227	4941
L27_V016	228	4995
L27_V016	229	5130
L27_V016	230	5265
L27_V016	231	5311
L27_V016	232	5396
L27_V016	233	5400
L27_V016	234	5443
L27_V016	235	5491
L27_V016	236	5535
L27_V016	237	5622
L27_V016	238	5667
L27_V016	239	5670
L27_V016	240	5757
L27_V016	241	5805
L27_V016	242	5821
L27_V016	243	5868
L27_V016	244	5871
L27_V016	245	5880
L27_V016	246	5922
L27_V016	247	5940
L27_V016	248	5988
L27_V016	249	6075
L27_V016	250	6210
L27_V016	251	6251
L27_V016	252	6345
L27_V016	253	6357
L27_V016	254	6412
L27_V016	255	6480
L27_V016	256	6516
L27_V016	257	6580
L27_V016	258	6615
L27_V016	259	6644
L27_V016	260	6706
L27_V016	261	6750
L27_V016	262	6856
L27_V016	263	6884
L27_V016	264	6934
L27_V016	265	7020
L27_V016	266	7142
L27_V016	267	7155
L27_V016	268	7242
L27_V016	269	7290
L27_V016	270	7323
L27_V016	271	7377
L27_V016	272	7425
L27_V016	273	7447
L27_V016	274	7505
L27_V016	275	7553
L27_V016	276	7559
L27_V016	277	7606
L27_V016	278	7648
L27_V016	279	7691
L27_V016	280	7695
L27_V016	281	7762
L27_V016	282	7830
L27_V016	283	7850
L27_V016	284	7923
L27_V016	285	7965
L27_V016	286	7994
L27_V016	287	8067
L27_V016	288	8100
L27_V016	289	8235
L27_V016	290	8328
L27_V016	291	8370
L27_V016	292	8505
L27_V016	293	8530
L27_V016	294	8640
L27_V016	295	8775
L27_V016	296	8848
L27_V016	297	8910
L27_V016	298	8990
L27_V016	299	9045
L27_V016	300	9159
L27_V016	301	9180
L27_V016	302	9267
L27_V016	303	9315
L27_V016	304	9381
L27_V016	305	9450
L27_V016	306	9513
L27_V016	307	9585
L27_V016	308	9594
L27_V016	309	9720
L27_V016	310	9736
L27_V016	311	9855
L27_V016	312	9920
L27_V016	313	9990
L27_V016	314	9995
L27_V016	315	10084
L27_V016	316	10125
L27_V016	317	10169
L27_V016	318	10260
L27_V016	319	10278
L27_V016	320	10374
L27_V016	321	10395
L27_V016	322	10443
L27_V016	323	10530
L27_V016	324	10562
L27_V016	325	10611
L27_V016	326	10665
L27_V016	327	10701
L27_V016	328	10758
L27_V016	329	10800
L27_V016	330	10809
L27_V016	331	10865
L27_V016	332	10935
L27_V016	333	11070
L27_V016	334	11114
L27_V016	335	11205
L27_V016	336	11227
L27_V016	337	11340
L27_V016	338	11382
L27_V016	339	11454
L27_V016	340	11475
L27_V016	341	11610
L27_V016	342	11639
L27_V016	343	11735
L27_V016	344	11745
L27_V016	345	11781
L27_V016	346	11821
L27_V016	347	11861
L27_V016	348	11880
L27_V016	349	11896
L27_V016	350	11986
L27_V016	351	12015
L27_V016	352	12085
L27_V016	353	12150
L27_V016	354	12168
L27_V016	355	12229
L27_V016	356	12285
L27_V016	357	12311
L27_V016	358	12384
L27_V016	359	12420
L27_V016	360	12464
L27_V016	361	12555
L27_V016	362	12565
L27_V016	363	12690
L27_V016	364	12698
L27_V016	365	12758
L27_V016	366	12825
L27_V016	367	12938
L27_V016	368	12960
L27_V016	369	13094
L27_V016	370	13137
L27_V016	371	13230
L27_V016	372	13344
L27_V016	373	13365
L27_V016	374	13406
L27_V016	375	13461
L27_V016	376	13500
L27_V016	377	13507
L27_V016	378	13549
L27_V016	379	13587
L27_V016	380	13625
L27_V016	381	13635
L27_V016	382	13663
L27_V016	383	13769
L27_V016	384	13905
L27_V016	385	14040
L28_V001	1	0
L28_V001	2	100
L28_V001	3	101
L28_V001	4	135
L28_V001	5	218
L28_V001	6	219
L28_V001	7	220
L28_V001	8	222
L28_V001	9	223
L28_V001	10	225
L28_V001	11	225
L28_V001	12	227
L28_V001	13	270
L28_V001	14	317
L28_V001	15	318
L28_V001	16	319
L28_V001	17	320
L28_V001	18	322
L28_V001	19	323
L28_V001	20	324
L28_V001	21	325
L28_V001	22	326
L28_V001	23	327
L28_V001	24	405
L28_V001	25	540
L28_V001	26	655
L28_V001	27	675
L28_V001	28	810
L28_V001	29	930
L28_V001	30	944
L28_V001	31	960
L28_V001	32	1044
L28_V001	33	1080
L28_V001	34	1093
L28_V001	35	1095
L28_V001	36	1096
L28_V001	37	1098
L28_V001	38	1100
L28_V001	39	1110
L28_V001	40	1125
L28_V001	41	1155
L28_V001	42	1182
L28_V001	43	1207
L28_V001	44	1215
L28_V001	45	1232
L28_V001	46	1350
L28_V001	47	1485
L28_V001	48	1620
L28_V001	49	1738
L28_V001	50	1755
L28_V001	51	1848
L28_V001	52	1889
L28_V001	53	1913
L28_V001	54	2025
L28_V001	55	2160
L28_V001	56	2187
L28_V001	57	2295
L28_V001	58	2357
L28_V001	59	2399
L28_V001	60	2423
L28_V001	61	2430
L28_V001	62	2480
L28_V001	63	2535
L28_V001	64	2565
L28_V001	65	2609
L28_V001	66	2700
L28_V001	67	2736
L28_V001	68	2745
L28_V001	69	2750
L28_V001	70	2753
L28_V001	71	2754
L28_V001	72	2756
L28_V001	73	2757
L28_V001	74	2760
L28_V001	75	2762
L28_V001	76	2835
L28_V001	77	2970
L28_V001	78	3088
L28_V001	79	3105
L28_V001	80	3187
L28_V001	81	3240
L28_V001	82	3375
L28_V001	83	3510
L28_V001	84	3645
L28_V001	85	3779
L28_V001	86	3915
L28_V001	87	4050
L28_V001	88	4127
L28_V001	89	4185
L28_V001	90	4192
L28_V001	91	4320
L28_V001	92	4333
L28_V001	93	4423
L28_V001	94	4455
L28_V001	95	4476
L28_V001	96	4563
L28_V001	97	4590
L28_V001	98	4615
L28_V001	99	4689
L28_V001	100	4725
L28_V001	101	4753
L28_V001	102	4825
L28_V001	103	4860
L28_V001	104	4920
L28_V001	105	4995
L28_V001	106	5130
L28_V001	107	5265
L28_V001	108	5400
L28_V001	109	5407
L28_V001	110	5535
L28_V001	111	5536
L28_V001	112	5574
L28_V001	113	5670
L28_V001	114	5805
L28_V001	115	5846
L28_V001	116	5906
L28_V001	117	5940
L28_V001	118	5970
L28_V001	119	6075
L28_V001	120	6090
L28_V001	121	6210
L28_V001	122	6273
L28_V001	123	6345
L28_V001	124	6346
L28_V001	125	6480
L28_V001	126	6615
L28_V001	127	6750
L28_V001	128	6869
L28_V001	129	6884
L28_V001	130	6987
L28_V001	131	7020
L28_V001	132	7106
L28_V001	133	7155
L28_V001	134	7290
L28_V001	135	7378
L28_V001	136	7425
L28_V001	137	7493
L28_V001	138	7559
L28_V001	139	7650
L28_V001	140	7665
L28_V001	141	7679
L28_V001	142	7695
L28_V001	143	7809
L28_V001	144	7830
L28_V001	145	7965
L28_V001	146	7968
L28_V001	147	8100
L28_V001	148	8225
L28_V001	149	8235
L28_V001	150	8327
L28_V001	151	8370
L28_V001	152	8451
L28_V001	153	8501
L28_V001	154	8505
L28_V001	155	8640
L28_V001	156	8775
L28_V001	157	8910
L28_V001	158	8915
L28_V001	159	9045
L28_V001	160	9055
L28_V001	161	9180
L28_V001	162	9194
L28_V001	163	9315
L28_V001	164	9446
L28_V001	165	9450
L28_V001	166	9585
L28_V001	167	9673
L28_V001	168	9720
L28_V001	169	9751
L28_V001	170	9841
L28_V001	171	9855
L28_V001	172	9941
L28_V001	173	9990
L28_V001	174	10039
L28_V001	175	10125
L28_V001	176	10205
L28_V001	177	10260
L28_V001	178	10288
L28_V001	179	10348
L28_V001	180	10395
L28_V001	181	10457
L28_V001	182	10530
L28_V001	183	10618
L28_V001	184	10665
L28_V001	185	10767
L28_V001	186	10800
L28_V001	187	10905
L28_V001	188	10935
L28_V001	189	10977
L28_V001	190	11053
L28_V001	191	11070
L28_V001	192	11134
L28_V001	193	11205
L28_V001	194	11234
L28_V001	195	11340
L28_V001	196	11430
L28_V001	197	11475
L28_V001	198	11515
L28_V001	199	11610
L28_V001	200	11632
L28_V001	201	11745
L28_V001	202	11838
L28_V001	203	11880
L28_V001	204	11923
L28_V001	205	12015
L28_V001	206	12022
L28_V001	207	12097
L28_V001	208	12150
L28_V001	209	12176
L28_V001	210	12240
L28_V001	211	12285
L28_V001	212	12297
L28_V001	213	12352
L28_V001	214	12397
L28_V001	215	12420
L28_V001	216	12448
L28_V001	217	12512
L28_V001	218	12555
L28_V001	219	12609
L28_V001	220	12690
L28_V001	221	12719
L28_V001	222	12825
L28_V001	223	12840
L28_V001	224	12960
L28_V001	225	12983
L28_V001	226	13094
L28_V001	227	13121
L28_V001	228	13201
L28_V001	229	13230
L28_V001	230	13365
L28_V001	231	13406
L28_V001	232	13500
L28_V001	233	13635
L28_V001	234	13769
L28_V001	235	13905
L28_V001	236	13965
L28_V001	237	14035
L28_V001	238	14040
L28_V001	239	14175
L28_V001	240	14310
L28_V001	241	14316
L28_V001	242	14415
L28_V001	243	14444
L28_V001	244	14497
L28_V001	245	14580
L28_V001	246	14657
L28_V001	247	14715
L28_V001	248	14753
L28_V001	249	14786
L28_V001	250	14850
L28_V001	251	14872
L28_V001	252	14966
L28_V001	253	14985
L28_V001	254	15119
L28_V001	255	15130
L28_V001	256	15255
L28_V001	257	15309
L28_V001	258	15390
L28_V001	259	15525
L28_V001	260	15638
L28_V001	261	15660
L28_V001	262	15794
L28_V001	263	15824
L28_V001	264	15930
L28_V001	265	16065
L28_V001	266	16200
L28_V001	267	16269
L28_V001	268	16335
L28_V001	269	16470
L28_V001	270	16605
L28_V001	271	16638
L28_V001	272	16740
L28_V001	273	16875
L28_V001	274	17010
L28_V001	275	17145
L28_V001	276	17280
L28_V001	277	17415
L28_V001	278	17550
L28_V001	279	17685
L28_V001	280	17820
L28_V001	281	17955
L28_V001	282	18090
L28_V001	283	18111
L28_V001	284	18225
L28_V001	285	18327
L28_V001	286	18360
L28_V001	287	18408
L28_V001	288	18489
L28_V001	289	18495
L28_V001	290	18630
L28_V001	291	18711
L28_V001	292	18765
L28_V001	293	18837
L28_V001	294	18900
L28_V001	295	18943
L28_V001	296	19035
L28_V001	297	19114
L28_V001	298	19170
L28_V001	299	19305
L28_V001	300	19440
L28_V001	301	19575
L28_V001	302	19710
L28_V001	303	19845
L28_V001	304	19980
L28_V001	305	20115
L28_V001	306	20250
L28_V001	307	20385
L28_V001	308	20520
L28_V001	309	20655
L28_V001	310	20706
L28_V001	311	20790
L28_V001	312	20800
L28_V001	313	20925
L28_V001	314	21028
L28_V001	315	21060
L28_V001	316	21099
L28_V001	317	21183
L28_V001	318	21195
L28_V001	319	21242
L28_V001	320	21330
L28_V001	321	21425
L28_V001	322	21426
L28_V001	323	21465
L28_V001	324	21499
L28_V001	325	21588
L28_V001	326	21600
L28_V001	327	21636
L28_V001	328	21713
L28_V001	329	21735
L28_V001	330	21870
L28_V001	331	21878
L28_V001	332	22005
L28_V001	333	22056
L28_V001	334	22140
L28_V001	335	22143
L28_V001	336	22240
L28_V001	337	22275
L28_V001	338	22378
L28_V001	339	22410
L28_V001	340	22517
L28_V001	341	22545
L28_V001	342	22617
L28_V001	343	22680
L28_V001	344	22744
L28_V001	345	22815
L28_V001	346	22819
L28_V001	347	22895
L28_V001	348	22950
L28_V001	349	23057
L28_V001	350	23085
L28_V001	351	23159
L28_V001	352	23220
L28_V001	353	23350
L28_V001	354	23355
L28_V001	355	23470
L28_V001	356	23490
L28_V001	357	23625
L28_V001	358	23631
L28_V001	359	23760
L28_V001	360	23895
L28_V001	361	23987
L28_V001	362	24030
L28_V001	363	24056
L28_V001	364	24122
L28_V001	365	24165
L28_V001	366	24300
L28_V001	367	24374
L28_V001	368	24435
L28_V001	369	24570
L28_V001	370	24705
L28_V001	371	24840
L28_V001	372	24975
L28_V001	373	25093
L28_V001	374	25110
L28_V001	375	25245
L28_V001	376	25300
L28_V001	377	25374
L28_V001	378	25380
L28_V001	379	25482
L28_V001	380	25515
L28_V001	381	25575
L28_V001	382	25650
L28_V001	383	25785
L28_V001	384	25854
L28_V001	385	25920
L28_V001	386	25939
L28_V001	387	26022
L28_V001	388	26055
L28_V001	389	26189
L28_V001	390	26325
L28_V001	391	26460
L28_V001	392	26462
L28_V001	393	26595
L28_V001	394	26651
L28_V001	395	26730
L28_V001	396	26864
L28_V001	397	26868
L28_V001	398	27000
L28_V001	399	27135
L28_V001	400	27139
L28_V001	401	27230
L28_V001	402	27270
L28_V001	403	27405
L28_V001	404	27427
L28_V001	405	27517
L28_V001	406	27539
L28_V001	407	27675
L28_V001	408	27810
L28_V001	409	27918
L28_V001	410	27945
L28_V001	411	28080
L28_V001	412	28124
L28_V001	413	28214
L28_V001	414	28282
L28_V001	415	28350
L28_V001	416	28485
L28_V001	417	28494
L28_V001	418	28556
L28_V001	419	28610
L28_V001	420	28620
L28_V001	421	28755
L28_V001	422	28889
L28_V001	423	28939
L28_V001	424	29025
L28_V001	425	29037
L28_V001	426	29160
L28_V001	427	29181
L28_V001	428	29233
L28_V001	429	29295
L28_V001	430	29307
L28_V001	431	29325
L28_V001	432	29357
L28_V001	433	29430
L28_V001	434	29431
L28_V001	435	29516
L28_V001	436	29564
L28_V001	437	29608
L28_V001	438	29661
L28_V001	439	29700
L28_V001	440	29791
L28_V001	441	29835
L28_V001	442	29970
L28_V001	443	29975
L28_V001	444	30102
L28_V001	445	30105
L28_V001	446	30239
L28_V001	447	30320
L28_V001	448	30375
L28_V001	449	30383
L28_V001	450	30417
L28_V001	451	30510
L28_V001	452	30645
L28_V001	453	30780
L28_V001	454	30914
L28_V001	455	31035
L28_V001	456	31050
L28_V001	457	31127
L28_V001	458	31185
L28_V001	459	31320
L28_V001	460	31354
L28_V001	461	31455
L28_V001	462	31589
L28_V001	463	31673
L28_V002	1	0
L28_V002	2	1
L28_V002	3	2
L28_V002	4	3
L28_V002	5	4
L28_V002	6	135
L28_V002	7	183
L28_V002	8	188
L28_V002	9	189
L28_V002	10	190
L28_V002	11	191
L28_V002	12	192
L28_V002	13	194
L28_V002	14	195
L28_V002	15	196
L28_V002	16	197
L28_V002	17	198
L28_V002	18	270
L28_V002	19	314
L28_V002	20	316
L28_V002	21	317
L28_V002	22	318
L28_V002	23	320
L28_V002	24	321
L28_V002	25	322
L28_V002	26	323
L28_V002	27	324
L28_V002	28	325
L28_V002	29	326
L28_V002	30	327
L28_V002	31	328
L28_V002	32	329
L28_V002	33	330
L28_V002	34	405
L28_V002	35	434
L28_V002	36	440
L28_V002	37	441
L28_V002	38	442
L28_V002	39	443
L28_V002	40	444
L28_V002	41	446
L28_V002	42	447
L28_V002	43	448
L28_V002	44	449
L28_V002	45	450
L28_V002	46	455
L28_V002	47	540
L28_V002	48	565
L28_V002	49	566
L28_V002	50	567
L28_V002	51	568
L28_V002	52	569
L28_V002	53	570
L28_V002	54	572
L28_V002	55	573
L28_V002	56	574
L28_V002	57	575
L28_V002	58	576
L28_V002	59	577
L28_V002	60	578
L28_V002	61	579
L28_V002	62	580
L28_V002	63	581
L28_V002	64	675
L28_V002	65	691
L28_V002	66	693
L28_V002	67	694
L28_V002	68	695
L28_V002	69	696
L28_V002	70	698
L28_V002	71	699
L28_V002	72	700
L28_V002	73	701
L28_V002	74	802
L28_V002	75	810
L28_V002	76	944
L28_V002	77	1052
L28_V002	78	1080
L28_V002	79	1125
L28_V002	80	1140
L28_V002	81	1155
L28_V002	82	1170
L28_V002	83	1215
L28_V002	84	1317
L28_V002	85	1350
L28_V002	86	1414
L28_V002	87	1485
L28_V002	88	1620
L28_V002	89	1698
L28_V002	90	1755
L28_V002	91	1830
L28_V002	92	1889
L28_V002	93	1905
L28_V002	94	2025
L28_V002	95	2029
L28_V002	96	2144
L28_V002	97	2160
L28_V002	98	2241
L28_V002	99	2295
L28_V002	100	2430
L28_V002	101	2511
L28_V002	102	2565
L28_V002	103	2573
L28_V002	104	2643
L28_V002	105	2700
L28_V002	106	2835
L28_V002	107	2905
L28_V002	108	2970
L28_V002	109	3085
L28_V002	110	3105
L28_V002	111	3144
L28_V002	112	3204
L28_V002	113	3240
L28_V002	114	3296
L28_V002	115	3375
L28_V002	116	3397
L28_V002	117	3510
L28_V002	118	3517
L28_V002	119	3577
L28_V002	120	3629
L28_V002	121	3645
L28_V002	122	3671
L28_V002	123	3731
L28_V002	124	3779
L28_V002	125	3911
L28_V002	126	3915
L28_V002	127	4050
L28_V002	128	4076
L28_V002	129	4185
L28_V002	130	4224
L28_V002	131	4320
L28_V002	132	4413
L28_V002	133	4455
L28_V002	134	4536
L28_V002	135	4590
L28_V002	136	4639
L28_V002	137	4725
L28_V002	138	4808
L28_V002	139	4860
L28_V002	140	4995
L28_V002	141	5130
L28_V002	142	5168
L28_V002	143	5265
L28_V002	144	5388
L28_V002	145	5400
L28_V002	146	5535
L28_V002	147	5670
L28_V002	148	5710
L28_V002	149	5805
L28_V002	150	5861
L28_V002	151	5940
L28_V002	152	6019
L28_V002	153	6075
L28_V002	154	6206
L28_V002	155	6210
L28_V002	156	6277
L28_V002	157	6311
L28_V002	158	6345
L28_V002	159	6353
L28_V002	160	6404
L28_V002	161	6476
L28_V002	162	6480
L28_V002	163	6522
L28_V002	164	6589
L28_V002	165	6615
L28_V002	166	6654
L28_V002	167	6743
L28_V002	168	6750
L28_V002	169	6848
L28_V002	170	6884
L28_V002	171	6972
L28_V002	172	7020
L28_V002	173	7141
L28_V002	174	7155
L28_V002	175	7238
L28_V002	176	7290
L28_V002	177	7334
L28_V002	178	7338
L28_V002	179	7342
L28_V002	180	7370
L28_V002	181	7373
L28_V002	182	7376
L28_V002	183	7395
L28_V002	184	7409
L28_V002	185	7425
L28_V002	186	7559
L28_V002	187	7695
L28_V002	188	7830
L28_V002	189	7965
L28_V002	190	8100
L28_V002	191	8235
L28_V002	192	8370
L28_V002	193	8505
L28_V002	194	8640
L28_V002	195	8775
L28_V002	196	8848
L28_V002	197	8910
L28_V002	198	9045
L28_V002	199	9171
L28_V002	200	9180
L28_V002	201	9315
L28_V002	202	9402
L28_V002	203	9450
L28_V002	204	9506
L28_V002	205	9569
L28_V002	206	9585
L28_V002	207	9642
L28_V002	208	9716
L28_V002	209	9720
L28_V002	210	9855
L28_V002	211	9861
L28_V002	212	9919
L28_V002	213	9990
L28_V002	214	10016
L28_V002	215	10112
L28_V002	216	10125
L28_V002	217	10242
L28_V002	218	10260
L28_V002	219	10360
L28_V002	220	10395
L28_V002	221	10449
L28_V002	222	10530
L28_V002	223	10599
L28_V002	224	10665
L28_V002	225	10697
L28_V002	226	10782
L28_V002	227	10800
L28_V002	228	10935
L28_V002	229	11024
L28_V002	230	11070
L28_V002	231	11114
L28_V002	232	11205
L28_V002	233	11226
L28_V002	234	11319
L28_V002	235	11340
L28_V002	236	11456
L28_V002	237	11475
L28_V002	238	11510
L28_V002	239	11557
L28_V002	240	11610
L28_V002	241	11617
L28_V002	242	11663
L28_V002	243	11726
L28_V002	244	11745
L28_V002	245	11833
L28_V002	246	11880
L28_V002	247	11887
L28_V002	248	12015
L28_V002	249	12037
L28_V002	250	12128
L28_V002	251	12150
L28_V002	252	12273
L28_V002	253	12285
L28_V002	254	12351
L28_V002	255	12420
L28_V002	256	12449
L28_V002	257	12555
L28_V002	258	12615
L28_V002	259	12690
L28_V002	260	12778
L28_V002	261	12825
L28_V002	262	12927
L28_V002	263	12960
L28_V002	264	13094
L28_V002	265	13165
L28_V002	266	13230
L28_V002	267	13365
L28_V002	268	13372
L28_V002	269	13472
L28_V002	270	13500
L28_V002	271	13544
L28_V002	272	13635
L28_V002	273	13693
L28_V002	274	13769
L28_V002	275	13805
L28_V002	276	13905
L28_V002	277	13950
L28_V002	278	14040
L28_V002	279	14141
L28_V002	280	14175
L28_V002	281	14310
L28_V002	282	14333
L28_V002	283	14444
L28_V002	284	14509
L28_V002	285	14580
L28_V002	286	14609
L28_V002	287	14706
L28_V002	288	14715
L28_V002	289	14844
L28_V002	290	14850
L28_V002	291	14985
L28_V002	292	15119
L28_V002	293	15255
L28_V002	294	15316
L28_V002	295	15390
L28_V002	296	15525
L28_V002	297	15660
L28_V002	298	15794
L28_V002	299	15930
L28_V002	300	15937
L28_V002	301	15938
L28_V002	302	15938
L28_V002	303	15940
L28_V002	304	15941
L28_V002	305	15944
L28_V002	306	15944
L28_V002	307	16065
L28_V002	308	16191
L28_V002	309	16200
L28_V002	310	16335
L28_V002	311	16470
L28_V002	312	16592
L28_V002	313	16605
L28_V002	314	16722
L28_V002	315	16740
L28_V002	316	16875
L28_V002	317	16899
L28_V002	318	16967
L28_V002	319	17010
L28_V002	320	17047
L28_V002	321	17145
L28_V002	322	17200
L28_V002	323	17280
L28_V002	324	17298
L28_V002	325	17415
L28_V002	326	17517
L28_V002	327	17550
L28_V002	328	17670
L28_V002	329	17685
L28_V002	330	17820
L28_V002	331	17955
L28_V002	332	18090
L28_V002	333	18100
L28_V002	334	18225
L28_V002	335	18227
L28_V002	336	18360
L28_V002	337	18444
L28_V002	338	18495
L28_V002	339	18630
L28_V002	340	18733
L28_V002	341	18765
L28_V002	342	18792
L28_V002	343	18845
L28_V002	344	18900
L28_V002	345	18914
L28_V002	346	19006
L28_V002	347	19035
L28_V002	348	19050
L28_V002	349	19121
L28_V002	350	19170
L28_V002	351	19305
L28_V002	352	19440
L28_V002	353	19575
L28_V002	354	19669
L28_V002	355	19710
L28_V002	356	19845
L28_V002	357	19911
L28_V002	358	19980
L28_V002	359	20024
L28_V002	360	20115
L28_V002	361	20142
L28_V002	362	20250
L28_V002	363	20292
L28_V002	364	20385
L28_V002	365	20487
L28_V002	366	20520
L28_V002	367	20584
L28_V002	368	20655
L28_V002	369	20685
L28_V002	370	20790
L28_V002	371	20873
L28_V002	372	20925
L28_V002	373	21060
L28_V002	374	21163
L28_V002	375	21195
L28_V002	376	21297
L28_V002	377	21330
L28_V002	378	21465
L28_V002	379	21600
L28_V002	380	21616
L28_V002	381	21709
L28_V002	382	21735
L28_V002	383	21870
L28_V002	384	21880
L28_V002	385	22005
L28_V002	386	22012
L28_V002	387	22117
L28_V002	388	22140
L28_V002	389	22275
L28_V002	390	22333
L28_V002	391	22410
L28_V002	392	22545
L28_V002	393	22631
L28_V002	394	22680
L28_V002	395	22795
L28_V002	396	22815
L28_V002	397	22856
L28_V002	398	22921
L28_V002	399	22950
L28_V002	400	23081
L28_V002	401	23085
L28_V002	402	23220
L28_V002	403	23260
L28_V002	404	23355
L28_V002	405	23414
L28_V002	406	23490
L28_V002	407	23541
L28_V002	408	23625
L28_V002	409	23626
L28_V002	410	23705
L28_V002	411	23760
L28_V002	412	23827
L28_V002	413	23895
L28_V002	414	23948
L28_V002	415	24030
L28_V002	416	24096
L28_V002	417	24165
L28_V002	418	24175
L28_V002	419	24283
L28_V002	420	24300
L28_V002	421	24404
L28_V002	422	24435
L28_V002	423	24461
L28_V002	424	24534
L28_V002	425	24570
L28_V002	426	24634
L28_V002	427	24705
L28_V002	428	24718
L28_V002	429	24792
L28_V002	430	24840
L28_V002	431	24930
L28_V002	432	24975
L28_V002	433	25089
L28_V002	434	25110
L28_V002	435	25150
L28_V002	436	25208
L28_V002	437	25245
L28_V002	438	25297
L28_V002	439	25371
L28_V002	440	25380
L28_V002	441	25478
L28_V002	442	25515
L28_V002	443	25557
L28_V002	444	25622
L28_V002	445	25650
L28_V002	446	25748
L28_V002	447	25785
L28_V002	448	25920
L28_V002	449	25941
L28_V002	450	26055
L28_V002	451	26183
L28_V002	452	26189
L28_V002	453	26302
L28_V002	454	26325
L28_V002	455	26420
L28_V002	456	26460
L28_V002	457	26514
L28_V002	458	26595
L28_V002	459	26730
L28_V002	460	26756
L28_V002	461	26864
L28_V002	462	27000
L28_V002	463	27020
L28_V002	464	27135
L28_V002	465	27177
L28_V002	466	27270
L28_V002	467	27302
L28_V002	468	27405
L28_V002	469	27477
L28_V002	470	27539
L28_V002	471	27675
L28_V002	472	27769
L28_V002	473	27810
L28_V002	474	27889
L28_V002	475	27945
L28_V002	476	27974
L28_V002	477	28080
L28_V002	478	28176
L28_V002	479	28214
L28_V002	480	28293
L28_V002	481	28350
L28_V002	482	28363
L28_V002	483	28485
L28_V002	484	28620
L28_V003	1	0
L28_V003	2	1
L28_V003	3	2
L28_V003	4	3
L28_V003	5	4
L28_V003	6	5
L28_V003	7	135
L28_V003	8	270
L28_V003	9	275
L28_V003	10	276
L28_V003	11	277
L28_V003	12	278
L28_V003	13	279
L28_V003	14	281
L28_V003	15	282
L28_V003	16	283
L28_V003	17	284
L28_V003	18	285
L28_V003	19	401
L28_V003	20	405
L28_V003	21	407
L28_V003	22	408
L28_V003	23	409
L28_V003	24	409
L28_V003	25	411
L28_V003	26	412
L28_V003	27	413
L28_V003	28	413
L28_V003	29	415
L28_V003	30	416
L28_V003	31	417
L28_V003	32	522
L28_V003	33	527
L28_V003	34	528
L28_V003	35	529
L28_V003	36	530
L28_V003	37	531
L28_V003	38	533
L28_V003	39	534
L28_V003	40	535
L28_V003	41	536
L28_V003	42	537
L28_V003	43	540
L28_V003	44	542
L28_V003	45	652
L28_V003	46	654
L28_V003	47	655
L28_V003	48	656
L28_V003	49	657
L28_V003	50	659
L28_V003	51	660
L28_V003	52	661
L28_V003	53	662
L28_V003	54	663
L28_V003	55	664
L28_V003	56	665
L28_V003	57	666
L28_V003	58	667
L28_V003	59	668
L28_V003	60	675
L28_V003	61	773
L28_V003	62	778
L28_V003	63	780
L28_V003	64	781
L28_V003	65	782
L28_V003	66	783
L28_V003	67	785
L28_V003	68	786
L28_V003	69	787
L28_V003	70	788
L28_V003	71	810
L28_V003	72	944
L28_V003	73	1080
L28_V003	74	1215
L28_V003	75	1350
L28_V003	76	1379
L28_V003	77	1485
L28_V003	78	1513
L28_V003	79	1620
L28_V003	80	1648
L28_V003	81	1717
L28_V003	82	1755
L28_V003	83	1770
L28_V003	84	1847
L28_V003	85	1889
L28_V003	86	2025
L28_V003	87	2146
L28_V003	88	2160
L28_V003	89	2295
L28_V003	90	2311
L28_V003	91	2373
L28_V003	92	2430
L28_V003	93	2565
L28_V003	94	2607
L28_V003	95	2700
L28_V003	96	2835
L28_V003	97	2970
L28_V003	98	3105
L28_V003	99	3240
L28_V003	100	3375
L28_V003	101	3510
L28_V003	102	3645
L28_V003	103	3779
L28_V003	104	3915
L28_V003	105	4050
L28_V003	106	4185
L28_V003	107	4320
L28_V003	108	4367
L28_V003	109	4455
L28_V003	110	4478
L28_V003	111	4534
L28_V003	112	4590
L28_V003	113	4725
L28_V003	114	4860
L28_V003	115	4930
L28_V003	116	4995
L28_V003	117	5035
L28_V003	118	5130
L28_V003	119	5144
L28_V003	120	5265
L28_V003	121	5319
L28_V003	122	5400
L28_V003	123	5503
L28_V003	124	5535
L28_V003	125	5670
L28_V003	126	5805
L28_V003	127	5940
L28_V003	128	5955
L28_V003	129	6075
L28_V003	130	6210
L28_V003	131	6345
L28_V003	132	6430
L28_V003	133	6480
L28_V003	134	6558
L28_V003	135	6615
L28_V003	136	6750
L28_V003	137	6820
L28_V003	138	6884
L28_V003	139	7020
L28_V003	140	7155
L28_V003	141	7216
L28_V003	142	7290
L28_V003	143	7336
L28_V003	144	7416
L28_V003	145	7425
L28_V003	146	7537
L28_V003	147	7559
L28_V003	148	7642
L28_V003	149	7695
L28_V003	150	7725
L28_V003	151	7830
L28_V003	152	7895
L28_V003	153	7965
L28_V003	154	7969
L28_V003	155	8100
L28_V003	156	8129
L28_V003	157	8235
L28_V003	158	8252
L28_V003	159	8370
L28_V003	160	8383
L28_V003	161	8505
L28_V003	162	8516
L28_V003	163	8628
L28_V003	164	8640
L28_V003	165	8738
L28_V003	166	8775
L28_V003	167	8910
L28_V003	168	9045
L28_V003	169	9144
L28_V003	170	9180
L28_V003	171	9263
L28_V003	172	9315
L28_V003	173	9371
L28_V003	174	9450
L28_V003	175	9478
L28_V003	176	9585
L28_V003	177	9720
L28_V003	178	9855
L28_V003	179	9990
L28_V003	180	10125
L28_V003	181	10201
L28_V003	182	10260
L28_V003	183	10276
L28_V003	184	10395
L28_V003	185	10435
L28_V003	186	10530
L28_V003	187	10580
L28_V003	188	10665
L28_V003	189	10800
L28_V003	190	10820
L28_V003	191	10935
L28_V003	192	10951
L28_V003	193	11048
L28_V003	194	11070
L28_V003	195	11158
L28_V003	196	11205
L28_V003	197	11340
L28_V003	198	11475
L28_V003	199	11610
L28_V003	200	11745
L28_V003	201	11801
L28_V003	202	11880
L28_V003	203	12015
L28_V003	204	12070
L28_V003	205	12150
L28_V003	206	12192
L28_V003	207	12285
L28_V003	208	12301
L28_V003	209	12409
L28_V003	210	12420
L28_V003	211	12555
L28_V003	212	12587
L28_V003	213	12641
L28_V003	214	12690
L28_V003	215	12745
L28_V003	216	12825
L28_V003	217	12860
L28_V003	218	12960
L28_V003	219	13015
L28_V003	220	13088
L28_V003	221	13094
L28_V003	222	13222
L28_V003	223	13230
L28_V003	224	13365
L28_V003	225	13368
L28_V003	226	13500
L28_V003	227	13524
L28_V003	228	13601
L28_V003	229	13635
L28_V003	230	13769
L28_V003	231	13905
L28_V003	232	13918
L28_V003	233	14027
L28_V003	234	14040
L28_V003	235	14084
L28_V003	236	14166
L28_V003	237	14175
L28_V003	238	14218
L28_V003	239	14310
L28_V003	240	14444
L28_V003	241	14494
L28_V003	242	14536
L28_V003	243	14580
L28_V003	244	14607
L28_V003	245	14715
L28_V003	246	14727
L28_V003	247	14850
L28_V003	248	14897
L28_V003	249	14985
L28_V003	250	14997
L28_V003	251	15055
L28_V003	252	15119
L28_V003	253	15122
L28_V003	254	15216
L28_V003	255	15255
L28_V003	256	15284
L28_V003	257	15347
L28_V003	258	15390
L28_V003	259	15463
L28_V003	260	15525
L28_V003	261	15621
L28_V003	262	15660
L28_V003	263	15684
L28_V003	264	15766
L28_V003	265	15794
L28_V003	266	15849
L28_V003	267	15915
L28_V003	268	15930
L28_V003	269	16002
L28_V003	270	16047
L28_V003	271	16065
L28_V003	272	16115
L28_V003	273	16200
L28_V003	274	16204
L28_V003	275	16302
L28_V003	276	16335
L28_V003	277	16398
L28_V003	278	16458
L28_V003	279	16470
L28_V003	280	16538
L28_V003	281	16605
L28_V003	282	16626
L28_V003	283	16704
L28_V003	284	16740
L28_V003	285	16795
L28_V003	286	16859
L28_V003	287	16875
L28_V003	288	16974
L28_V003	289	17010
L28_V003	290	17028
L28_V003	291	17113
L28_V003	292	17145
L28_V003	293	17175
L28_V003	294	17219
L28_V003	295	17280
L28_V003	296	17411
L28_V003	297	17415
L28_V003	298	17487
L28_V003	299	17550
L28_V003	300	17620
L28_V003	301	17685
L28_V003	302	17762
L28_V003	303	17817
L28_V003	304	17820
L28_V003	305	17903
L28_V003	306	17955
L28_V003	307	17966
L28_V003	308	18065
L28_V003	309	18090
L28_V003	310	18225
L28_V003	311	18292
L28_V003	312	18343
L28_V003	313	18360
L28_V003	314	18460
L28_V003	315	18495
L28_V003	316	18630
L28_V003	317	18714
L28_V003	318	18765
L28_V003	319	18802
L28_V003	320	18875
L28_V003	321	18900
L28_V003	322	18946
L28_V003	323	19035
L28_V003	324	19084
L28_V003	325	19170
L28_V003	326	19188
L28_V003	327	19305
L28_V003	328	19320
L28_V003	329	19440
L28_V003	330	19575
L28_V003	331	19584
L28_V003	332	19710
L28_V003	333	19712
L28_V003	334	19845
L28_V003	335	19884
L28_V003	336	19980
L28_V003	337	20007
L28_V003	338	20093
L28_V003	339	20115
L28_V003	340	20179
L28_V003	341	20241
L28_V003	342	20250
L28_V003	343	20328
L28_V003	344	20385
L28_V003	345	20453
L28_V003	346	20520
L28_V003	347	20571
L28_V003	348	20636
L28_V003	349	20655
L28_V003	350	20699
L28_V003	351	20790
L28_V003	352	20838
L28_V003	353	20889
L28_V003	354	20925
L28_V003	355	20931
L28_V003	356	21019
L28_V003	357	21060
L28_V003	358	21096
L28_V003	359	21153
L28_V003	360	21195
L28_V003	361	21200
L28_V003	362	21239
L28_V003	363	21286
L28_V003	364	21330
L28_V003	365	21343
L28_V003	366	21465
L28_V003	367	21600
L28_V003	368	21603
L28_V003	369	21662
L28_V003	370	21735
L28_V003	371	21760
L28_V003	372	21833
L28_V003	373	21870
L28_V003	374	21937
L28_V003	375	22005
L28_V003	376	22023
L28_V003	377	22107
L28_V003	378	22140
L28_V003	379	22142
L28_V003	380	22264
L28_V003	381	22275
L28_V003	382	22410
L28_V003	383	22442
L28_V003	384	22497
L28_V003	385	22545
L28_V003	386	22637
L28_V003	387	22680
L28_V003	388	22730
L28_V003	389	22763
L28_V003	390	22815
L28_V003	391	22831
L28_V003	392	22893
L28_V003	393	22950
L28_V003	394	22986
L28_V003	395	23085
L28_V003	396	23094
L28_V003	397	23192
L28_V003	398	23220
L28_V003	399	23258
L28_V003	400	23355
L28_V003	401	23382
L28_V003	402	23490
L28_V003	403	23530
L28_V003	404	23625
L28_V003	405	23670
L28_V003	406	23733
L28_V003	407	23760
L28_V003	408	23827
L28_V003	409	23895
L28_V003	410	24030
L28_V003	411	24165
L28_V003	412	24256
L28_V003	413	24300
L28_V003	414	24435
L28_V003	415	24565
L28_V003	416	24570
L28_V003	417	24596
L28_V003	418	24705
L28_V003	419	24717
L28_V003	420	24760
L28_V003	421	24840
L28_V003	422	24866
L28_V003	423	24909
L28_V003	424	24975
L28_V003	425	25110
L28_V003	426	25122
L28_V003	427	25226
L28_V003	428	25245
L28_V003	429	25353
L28_V003	430	25380
L28_V003	431	25515
L28_V003	432	25650
L28_V003	433	25785
L28_V003	434	25920
L28_V003	435	25922
L28_V003	436	26055
L28_V003	437	26189
L28_V003	438	26325
L28_V003	439	26460
L28_V003	440	26595
L28_V003	441	26670
L28_V003	442	26730
L28_V003	443	26786
L28_V003	444	26864
L28_V003	445	27000
L28_V003	446	27055
L28_V003	447	27135
L28_V003	448	27270
L28_V003	449	27405
L28_V003	450	27539
L28_V003	451	27541
L28_V003	452	27624
L28_V003	453	27675
L28_V003	454	27770
L28_V003	455	27810
L28_V003	456	27852
L28_V003	457	27945
L28_V003	458	27952
L28_V003	459	28020
L28_V003	460	28020
L28_V003	461	28022
L28_V003	462	28023
L28_V003	463	28024
L28_V003	464	28025
L28_V003	465	28026
L28_V003	466	28027
L28_V003	467	28027
L28_V003	468	28029
L28_V003	469	28030
L28_V003	470	28080
L28_V003	471	28177
L28_V003	472	28214
L28_V003	473	28350
L28_V003	474	28485
L28_V003	475	28620
L28_V005	1	0
L28_V005	2	135
L28_V005	3	270
L28_V005	4	346
L28_V005	5	351
L28_V005	6	353
L28_V005	7	354
L28_V005	8	355
L28_V005	9	357
L28_V005	10	358
L28_V005	11	405
L28_V005	12	476
L28_V005	13	479
L28_V005	14	480
L28_V005	15	480
L28_V005	16	483
L28_V005	17	484
L28_V005	18	484
L28_V005	19	486
L28_V005	20	487
L28_V005	21	540
L28_V005	22	603
L28_V005	23	605
L28_V005	24	606
L28_V005	25	607
L28_V005	26	609
L28_V005	27	610
L28_V005	28	611
L28_V005	29	612
L28_V005	30	613
L28_V005	31	675
L28_V005	32	728
L28_V005	33	731
L28_V005	34	732
L28_V005	35	733
L28_V005	36	735
L28_V005	37	736
L28_V005	38	737
L28_V005	39	738
L28_V005	40	739
L28_V005	41	740
L28_V005	42	742
L28_V005	43	744
L28_V005	44	810
L28_V005	45	853
L28_V005	46	857
L28_V005	47	858
L28_V005	48	859
L28_V005	49	861
L28_V005	50	861
L28_V005	51	864
L28_V005	52	944
L28_V005	53	978
L28_V005	54	1080
L28_V005	55	1215
L28_V005	56	1350
L28_V005	57	1485
L28_V005	58	1620
L28_V005	59	1755
L28_V005	60	1889
L28_V005	61	2025
L28_V005	62	2160
L28_V005	63	2295
L28_V005	64	2430
L28_V005	65	2496
L28_V005	66	2565
L28_V005	67	2598
L28_V005	68	2700
L28_V005	69	2835
L28_V005	70	2970
L28_V005	71	3105
L28_V005	72	3139
L28_V005	73	3240
L28_V005	74	3375
L28_V005	75	3484
L28_V005	76	3510
L28_V005	77	3645
L28_V005	78	3779
L28_V005	79	3915
L28_V005	80	4050
L28_V005	81	4185
L28_V005	82	4187
L28_V005	83	4320
L28_V005	84	4455
L28_V005	85	4497
L28_V005	86	4590
L28_V005	87	4725
L28_V005	88	4797
L28_V005	89	4860
L28_V005	90	4923
L28_V005	91	4987
L28_V005	92	4995
L28_V005	93	5130
L28_V005	94	5265
L28_V005	95	5400
L28_V005	96	5535
L28_V005	97	5547
L28_V005	98	5609
L28_V005	99	5641
L28_V005	100	5670
L28_V005	101	5720
L28_V005	102	5805
L28_V005	103	5940
L28_V005	104	6075
L28_V005	105	6134
L28_V005	106	6137
L28_V005	107	6210
L28_V005	108	6240
L28_V005	109	6342
L28_V005	110	6345
L28_V005	111	6455
L28_V005	112	6480
L28_V005	113	6548
L28_V005	114	6615
L28_V005	115	6668
L28_V005	116	6750
L28_V005	117	6856
L28_V005	118	6884
L28_V005	119	6943
L28_V005	120	7020
L28_V005	121	7111
L28_V005	122	7155
L28_V005	123	7290
L28_V005	124	7398
L28_V005	125	7425
L28_V005	126	7440
L28_V005	127	7455
L28_V005	128	7470
L28_V005	129	7495
L28_V005	130	7559
L28_V005	131	7568
L28_V005	132	7677
L28_V005	133	7695
L28_V005	134	7830
L28_V005	135	7890
L28_V005	136	7965
L28_V005	137	8019
L28_V005	138	8100
L28_V005	139	8109
L28_V005	140	8235
L28_V005	141	8370
L28_V005	142	8505
L28_V005	143	8567
L28_V005	144	8640
L28_V005	145	8662
L28_V005	146	8760
L28_V005	147	8775
L28_V005	148	8910
L28_V005	149	8972
L28_V005	150	9045
L28_V005	151	9180
L28_V005	152	9218
L28_V005	153	9315
L28_V005	154	9335
L28_V005	155	9420
L28_V005	156	9450
L28_V005	157	9585
L28_V005	158	9599
L28_V005	159	9658
L28_V005	160	9681
L28_V005	161	9720
L28_V005	162	9754
L28_V005	163	9770
L28_V005	164	9821
L28_V005	165	9855
L28_V005	166	9872
L28_V005	167	9944
L28_V005	168	9990
L28_V005	169	10010
L28_V005	170	10125
L28_V005	171	10187
L28_V005	172	10208
L28_V005	173	10260
L28_V005	174	10291
L28_V005	175	10372
L28_V005	176	10395
L28_V005	177	10446
L28_V005	178	10483
L28_V005	179	10517
L28_V005	180	10530
L28_V005	181	10559
L28_V005	182	10590
L28_V005	183	10665
L28_V005	184	10713
L28_V005	185	10791
L28_V005	186	10800
L28_V005	187	10935
L28_V005	188	11070
L28_V005	189	11205
L28_V005	190	11340
L28_V005	191	11475
L28_V005	192	11484
L28_V005	193	11587
L28_V005	194	11610
L28_V005	195	11683
L28_V005	196	11745
L28_V005	197	11805
L28_V005	198	11880
L28_V005	199	11969
L28_V005	200	12015
L28_V005	201	12132
L28_V005	202	12150
L28_V005	203	12285
L28_V005	204	12307
L28_V005	205	12370
L28_V005	206	12420
L28_V005	207	12555
L28_V005	208	12663
L28_V005	209	12690
L28_V005	210	12779
L28_V005	211	12825
L28_V005	212	12960
L28_V005	213	13094
L28_V005	214	13230
L28_V005	215	13365
L28_V005	216	13500
L28_V005	217	13594
L28_V005	218	13635
L28_V005	219	13769
L28_V005	220	13905
L28_V005	221	14040
L28_V005	222	14056
L28_V005	223	14150
L28_V005	224	14175
L28_V005	225	14238
L28_V005	226	14310
L28_V005	227	14349
L28_V005	228	14444
L28_V005	229	14453
L28_V005	230	14572
L28_V005	231	14580
L28_V005	232	14688
L28_V005	233	14715
L28_V005	234	14799
L28_V005	235	14850
L28_V005	236	14908
L28_V005	237	14985
L28_V005	238	15093
L28_V005	239	15119
L28_V005	240	15147
L28_V005	241	15222
L28_V005	242	15255
L28_V005	243	15293
L28_V005	244	15386
L28_V005	245	15390
L28_V005	246	15466
L28_V005	247	15525
L28_V005	248	15555
L28_V005	249	15585
L28_V005	250	15631
L28_V005	251	15660
L28_V005	252	15732
L28_V005	253	15794
L28_V005	254	15804
L28_V005	255	15897
L28_V005	256	15930
L28_V005	257	15963
L28_V005	258	16041
L28_V005	259	16065
L28_V005	260	16144
L28_V005	261	16200
L28_V005	262	16212
L28_V005	263	16335
L28_V005	264	16417
L28_V005	265	16470
L28_V005	266	16512
L28_V005	267	16605
L28_V005	268	16740
L28_V005	269	16875
L28_V005	270	17010
L28_V005	271	17021
L28_V005	272	17081
L28_V005	273	17145
L28_V005	274	17211
L28_V005	275	17280
L28_V005	276	17291
L28_V005	277	17415
L28_V005	278	17449
L28_V005	279	17545
L28_V005	280	17550
L28_V005	281	17675
L28_V005	282	17685
L28_V005	283	17820
L28_V005	284	17834
L28_V005	285	17922
L28_V005	286	17955
L28_V005	287	18031
L28_V005	288	18090
L28_V005	289	18225
L28_V005	290	18249
L28_V005	291	18360
L28_V005	292	18410
L28_V005	293	18495
L28_V005	294	18537
L28_V005	295	18630
L28_V005	296	18644
L28_V005	297	18721
L28_V005	298	18765
L28_V005	299	18770
L28_V005	300	18900
L28_V005	301	18971
L28_V005	302	19035
L28_V005	303	19090
L28_V005	304	19170
L28_V005	305	19305
L28_V005	306	19313
L28_V005	307	19440
L28_V005	308	19441
L28_V005	309	19501
L28_V005	310	19575
L28_V005	311	19639
L28_V005	312	19710
L28_V005	313	19845
L28_V005	314	19897
L28_V005	315	19961
L28_V005	316	19980
L28_V005	317	20053
L28_V005	318	20101
L28_V005	319	20115
L28_V005	320	20155
L28_V005	321	20250
L28_V005	322	20385
L28_V005	323	20520
L28_V005	324	20622
L28_V005	325	20655
L28_V005	326	20696
L28_V005	327	20790
L28_V005	328	20874
L28_V005	329	20925
L28_V005	330	20967
L28_V005	331	21017
L28_V005	332	21060
L28_V005	333	21076
L28_V005	334	21143
L28_V005	335	21195
L28_V005	336	21330
L28_V005	337	21356
L28_V005	338	21465
L28_V005	339	21536
L28_V005	340	21594
L28_V005	341	21600
L28_V005	342	21701
L28_V005	343	21735
L28_V005	344	21790
L28_V005	345	21867
L28_V005	346	21870
L28_V005	347	21917
L28_V005	348	22005
L28_V005	349	22103
L28_V005	350	22140
L28_V005	351	22217
L28_V005	352	22275
L28_V005	353	22399
L28_V005	354	22410
L28_V005	355	22510
L28_V005	356	22545
L28_V005	357	22594
L28_V005	358	22669
L28_V005	359	22680
L28_V005	360	22721
L28_V005	361	22815
L28_V005	362	22950
L28_V005	363	23085
L28_V005	364	23181
L28_V005	365	23220
L28_V005	366	23298
L28_V005	367	23355
L28_V005	368	23400
L28_V005	369	23490
L28_V005	370	23625
L28_V005	371	23634
L28_V005	372	23760
L28_V005	373	23895
L28_V005	374	24030
L28_V005	375	24134
L28_V005	376	24165
L28_V005	377	24300
L28_V005	378	24435
L28_V005	379	24570
L28_V005	380	24616
L28_V005	381	24705
L28_V005	382	24840
L28_V005	383	24975
L28_V005	384	25110
L28_V005	385	25171
L28_V005	386	25245
L28_V005	387	25275
L28_V005	388	25380
L28_V005	389	25404
L28_V005	390	25515
L28_V005	391	25650
L28_V005	392	25669
L28_V005	393	25782
L28_V005	394	25785
L28_V005	395	25920
L28_V005	396	26055
L28_V005	397	26189
L28_V005	398	26325
L28_V005	399	26389
L28_V005	400	26460
L28_V005	401	26595
L28_V005	402	26668
L28_V005	403	26730
L28_V005	404	26741
L28_V005	405	26793
L28_V005	406	26854
L28_V005	407	26864
L28_V005	408	26916
L28_V005	409	26964
L28_V005	410	27000
L28_V005	411	27011
L28_V005	412	27111
L28_V005	413	27112
L28_V005	414	27113
L28_V005	415	27114
L28_V005	416	27114
L28_V005	417	27116
L28_V005	418	27117
L28_V005	419	27118
L28_V005	420	27119
L28_V005	421	27120
L28_V005	422	27120
L28_V005	423	27123
L28_V005	424	27124
L28_V005	425	27126
L28_V005	426	27129
L28_V005	427	27130
L28_V005	428	27135
L28_V005	429	27139
L28_V005	430	27150
L28_V005	431	27164
L28_V005	432	27179
L28_V005	433	27270
L28_V005	434	27405
L28_V005	435	27539
L28_V005	436	27675
L28_V005	437	27810
L28_V005	438	27945
L28_V005	439	28080
L28_V006	1	0
L28_V006	2	135
L28_V006	3	270
L28_V006	4	346
L28_V006	5	351
L28_V006	6	353
L28_V006	7	354
L28_V006	8	355
L28_V006	9	357
L28_V006	10	358
L28_V006	11	405
L28_V006	12	476
L28_V006	13	479
L28_V006	14	480
L28_V006	15	480
L28_V006	16	483
L28_V006	17	484
L28_V006	18	484
L28_V006	19	486
L28_V006	20	487
L28_V006	21	492
L28_V006	22	540
L28_V006	23	603
L28_V006	24	605
L28_V006	25	606
L28_V006	26	607
L28_V006	27	609
L28_V006	28	610
L28_V006	29	611
L28_V006	30	612
L28_V006	31	613
L28_V006	32	675
L28_V006	33	728
L28_V006	34	730
L28_V006	35	731
L28_V006	36	732
L28_V006	37	733
L28_V006	38	735
L28_V006	39	736
L28_V006	40	737
L28_V006	41	738
L28_V006	42	739
L28_V006	43	740
L28_V006	44	741
L28_V006	45	742
L28_V006	46	744
L28_V006	47	810
L28_V006	48	853
L28_V006	49	857
L28_V006	50	858
L28_V006	51	859
L28_V006	52	861
L28_V006	53	861
L28_V006	54	864
L28_V006	55	944
L28_V006	56	978
L28_V006	57	982
L28_V006	58	983
L28_V006	59	984
L28_V006	60	985
L28_V006	61	1080
L28_V006	62	1215
L28_V006	63	1217
L28_V006	64	1229
L28_V006	65	1230
L28_V006	66	1232
L28_V006	67	1245
L28_V006	68	1308
L28_V006	69	1350
L28_V006	70	1352
L28_V006	71	1425
L28_V006	72	1469
L28_V006	73	1485
L28_V006	74	1546
L28_V006	75	1597
L28_V006	76	1620
L28_V006	77	1720
L28_V006	78	1722
L28_V006	79	1723
L28_V006	80	1727
L28_V006	81	1729
L28_V006	82	1755
L28_V006	83	1761
L28_V006	84	1889
L28_V006	85	2025
L28_V006	86	2160
L28_V006	87	2276
L28_V006	88	2295
L28_V006	89	2310
L28_V006	90	2360
L28_V006	91	2430
L28_V006	92	2431
L28_V006	93	2507
L28_V006	94	2565
L28_V006	95	2597
L28_V006	96	2659
L28_V006	97	2700
L28_V006	98	2727
L28_V006	99	2804
L28_V006	100	2835
L28_V006	101	2970
L28_V006	102	3030
L28_V006	103	3105
L28_V006	104	3240
L28_V006	105	3375
L28_V006	106	3510
L28_V006	107	3645
L28_V006	108	3779
L28_V006	109	3915
L28_V006	110	4050
L28_V006	111	4112
L28_V006	112	4185
L28_V006	113	4244
L28_V006	114	4320
L28_V006	115	4455
L28_V006	116	4590
L28_V006	117	4650
L28_V006	118	4725
L28_V006	119	4802
L28_V006	120	4860
L28_V006	121	4995
L28_V006	122	5130
L28_V006	123	5265
L28_V006	124	5400
L28_V006	125	5434
L28_V006	126	5489
L28_V006	127	5535
L28_V006	128	5551
L28_V006	129	5670
L28_V006	130	5805
L28_V006	131	5940
L28_V006	132	6075
L28_V006	133	6104
L28_V006	134	6210
L28_V006	135	6304
L28_V006	136	6345
L28_V006	137	6391
L28_V006	138	6480
L28_V006	139	6615
L28_V006	140	6750
L28_V006	141	6831
L28_V006	142	6884
L28_V006	143	6890
L28_V006	144	6970
L28_V006	145	7020
L28_V006	146	7155
L28_V006	147	7290
L28_V006	148	7317
L28_V006	149	7425
L28_V006	150	7475
L28_V006	151	7538
L28_V006	152	7559
L28_V006	153	7675
L28_V006	154	7695
L28_V006	155	7830
L28_V006	156	7869
L28_V006	157	7936
L28_V006	158	7965
L28_V006	159	8100
L28_V006	160	8235
L28_V006	161	8370
L28_V006	162	8505
L28_V006	163	8640
L28_V006	164	8775
L28_V006	165	8910
L28_V006	166	9045
L28_V006	167	9180
L28_V006	168	9201
L28_V006	169	9315
L28_V006	170	9417
L28_V006	171	9450
L28_V006	172	9509
L28_V006	173	9585
L28_V006	174	9598
L28_V006	175	9690
L28_V006	176	9720
L28_V006	177	9746
L28_V006	178	9816
L28_V006	179	9855
L28_V006	180	9880
L28_V006	181	9990
L28_V006	182	10125
L28_V006	183	10217
L28_V006	184	10260
L28_V006	185	10331
L28_V006	186	10395
L28_V006	187	10481
L28_V006	188	10530
L28_V006	189	10555
L28_V006	190	10665
L28_V006	191	10800
L28_V006	192	10906
L28_V006	193	10935
L28_V006	194	11028
L28_V006	195	11070
L28_V006	196	11205
L28_V006	197	11286
L28_V006	198	11340
L28_V006	199	11475
L28_V006	200	11610
L28_V006	201	11630
L28_V006	202	11689
L28_V006	203	11740
L28_V006	204	11745
L28_V006	205	11838
L28_V006	206	11880
L28_V006	207	11886
L28_V006	208	12015
L28_V006	209	12150
L28_V006	210	12285
L28_V006	211	12327
L28_V006	212	12379
L28_V006	213	12384
L28_V006	214	12420
L28_V006	215	12555
L28_V006	216	12576
L28_V006	217	12628
L28_V006	218	12678
L28_V006	219	12690
L28_V006	220	12825
L28_V006	221	12866
L28_V006	222	12960
L28_V006	223	12963
L28_V006	224	13094
L28_V006	225	13119
L28_V006	226	13230
L28_V006	227	13271
L28_V006	228	13365
L28_V006	229	13500
L28_V006	230	13556
L28_V006	231	13621
L28_V006	232	13635
L28_V006	233	13715
L28_V006	234	13769
L28_V006	235	13774
L28_V006	236	13828
L28_V006	237	13881
L28_V006	238	13905
L28_V006	239	13966
L28_V006	240	14027
L28_V006	241	14040
L28_V006	242	14124
L28_V006	243	14175
L28_V006	244	14180
L28_V006	245	14238
L28_V006	246	14310
L28_V006	247	14391
L28_V006	248	14394
L28_V006	249	14430
L28_V006	250	14444
L28_V006	251	14447
L28_V006	252	14460
L28_V006	253	14463
L28_V006	254	14465
L28_V006	255	14480
L28_V006	256	14483
L28_V006	257	14484
L28_V006	258	14497
L28_V006	259	14501
L28_V006	260	14580
L28_V006	261	14597
L28_V006	262	14634
L28_V006	263	14715
L28_V006	264	14768
L28_V006	265	14850
L28_V006	266	14922
L28_V006	267	14977
L28_V006	268	14985
L28_V006	269	15094
L28_V006	270	15119
L28_V006	271	15255
L28_V006	272	15390
L28_V006	273	15525
L28_V006	274	15660
L28_V006	275	15733
L28_V006	276	15794
L28_V006	277	15930
L28_V006	278	16065
L28_V006	279	16103
L28_V006	280	16165
L28_V006	281	16200
L28_V006	282	16274
L28_V006	283	16335
L28_V006	284	16355
L28_V006	285	16463
L28_V006	286	16470
L28_V006	287	16542
L28_V006	288	16605
L28_V006	289	16740
L28_V006	290	16747
L28_V006	291	16808
L28_V006	292	16875
L28_V006	293	17010
L28_V006	294	17126
L28_V006	295	17145
L28_V006	296	17231
L28_V006	297	17280
L28_V006	298	17415
L28_V006	299	17507
L28_V006	300	17550
L28_V006	301	17574
L28_V006	302	17685
L28_V006	303	17723
L28_V006	304	17814
L28_V006	305	17820
L28_V006	306	17913
L28_V006	307	17955
L28_V006	308	18011
L28_V006	309	18073
L28_V006	310	18090
L28_V006	311	18213
L28_V006	312	18225
L28_V006	313	18360
L28_V006	314	18413
L28_V006	315	18495
L28_V006	316	18576
L28_V006	317	18630
L28_V006	318	18645
L28_V006	319	18765
L28_V006	320	18786
L28_V006	321	18900
L28_V006	322	18905
L28_V006	323	18973
L28_V006	324	19035
L28_V006	325	19139
L28_V006	326	19170
L28_V006	327	19186
L28_V006	328	19294
L28_V006	329	19305
L28_V006	330	19356
L28_V006	331	19440
L28_V006	332	19575
L28_V006	333	19710
L28_V006	334	19845
L28_V006	335	19943
L28_V006	336	19980
L28_V006	337	20115
L28_V006	338	20250
L28_V006	339	20385
L28_V006	340	20520
L28_V006	341	20566
L28_V006	342	20646
L28_V006	343	20655
L28_V006	344	20790
L28_V006	345	20925
L28_V006	346	21060
L28_V006	347	21195
L28_V006	348	21330
L28_V006	349	21465
L28_V006	350	21600
L28_V006	351	21735
L28_V006	352	21870
L28_V006	353	21875
L28_V006	354	22005
L28_V006	355	22140
L28_V006	356	22189
L28_V006	357	22275
L28_V006	358	22303
L28_V006	359	22405
L28_V006	360	22410
L28_V006	361	22487
L28_V006	362	22545
L28_V006	363	22611
L28_V006	364	22667
L28_V006	365	22680
L28_V006	366	22696
L28_V006	367	22697
L28_V006	368	22712
L28_V006	369	22815
L28_V006	370	22860
L28_V006	371	22950
L28_V006	372	22974
L28_V006	373	23085
L28_V006	374	23174
L28_V006	375	23220
L28_V006	376	23303
L28_V006	377	23355
L28_V006	378	23396
L28_V006	379	23490
L28_V006	380	23625
L28_V006	381	23645
L28_V006	382	23698
L28_V006	383	23760
L28_V006	384	23851
L28_V006	385	23895
L28_V006	386	23907
L28_V006	387	23961
L28_V006	388	24017
L28_V006	389	24030
L28_V006	390	24117
L28_V006	391	24165
L28_V006	392	24209
L28_V006	393	24253
L28_V006	394	24300
L28_V006	395	24306
L28_V006	396	24359
L28_V006	397	24429
L28_V006	398	24435
L28_V006	399	24505
L28_V006	400	24570
L28_V006	401	24604
L28_V006	402	24705
L28_V006	403	24736
L28_V006	404	24737
L28_V006	405	24750
L28_V006	406	24752
L28_V006	407	24765
L28_V006	408	24767
L28_V006	409	24769
L28_V006	410	24772
L28_V006	411	24774
L28_V006	412	24780
L28_V006	413	24795
L28_V006	414	24797
L28_V006	415	24799
L28_V006	416	24802
L28_V006	417	24804
L28_V006	418	24807
L28_V006	419	24809
L28_V006	420	24810
L28_V006	421	24811
L28_V006	422	24812
L28_V006	423	24813
L28_V006	424	24815
L28_V006	425	24817
L28_V006	426	24822
L28_V006	427	24823
L28_V006	428	24824
L28_V006	429	24825
L28_V006	430	24826
L28_V006	431	24827
L28_V006	432	24828
L28_V006	433	24829
L28_V006	434	24830
L28_V006	435	24831
L28_V006	436	24832
L28_V006	437	24833
L28_V006	438	24834
L28_V006	439	24835
L28_V006	440	24836
L28_V006	441	24837
L28_V006	442	24840
L28_V006	443	24841
L28_V006	444	24842
L28_V006	445	24843
L28_V006	446	24844
L28_V006	447	24845
L28_V006	448	24846
L28_V006	449	24847
L28_V006	450	24848
L28_V006	451	24849
L28_V006	452	24850
L28_V006	453	24951
L28_V006	454	24975
L28_V006	455	24986
L28_V006	456	25030
L28_V006	457	25110
L28_V006	458	25245
L28_V006	459	25255
L28_V006	460	25380
L28_V006	461	25429
L28_V006	462	25509
L28_V006	463	25515
L28_V006	464	25604
L28_V006	465	25606
L28_V006	466	25607
L28_V006	467	25608
L28_V006	468	25608
L28_V006	469	25610
L28_V006	470	25611
L28_V006	471	25612
L28_V006	472	25613
L28_V006	473	25614
L28_V006	474	25614
L28_V006	475	25616
L28_V006	476	25617
L28_V006	477	25618
L28_V006	478	25619
L28_V006	479	25620
L28_V006	480	25620
L28_V006	481	25622
L28_V006	482	25623
L28_V006	483	25624
L28_V006	484	25625
L28_V006	485	25626
L28_V006	486	25627
L28_V006	487	25627
L28_V006	488	25629
L28_V006	489	25630
L28_V006	490	25631
L28_V006	491	25632
L28_V006	492	25633
L28_V006	493	25633
L28_V006	494	25635
L28_V006	495	25636
L28_V006	496	25637
L28_V006	497	25638
L28_V006	498	25639
L28_V006	499	25639
L28_V006	500	25641
L28_V006	501	25642
L28_V006	502	25643
L28_V006	503	25644
L28_V006	504	25645
L28_V006	505	25645
L28_V006	506	25647
L28_V006	507	25650
L28_V006	508	25651
L28_V006	509	25652
L28_V006	510	25652
L28_V006	511	25654
L28_V006	512	25655
L28_V006	513	25656
L28_V006	514	25657
L28_V006	515	25658
L28_V006	516	25658
L28_V006	517	25660
L28_V006	518	25661
L28_V006	519	25662
L28_V006	520	25663
L28_V006	521	25664
L28_V006	522	25664
L28_V006	523	25666
L28_V006	524	25667
L28_V006	525	25668
L28_V006	526	25669
L28_V006	527	25670
L28_V006	528	25670
L28_V006	529	25672
L28_V006	530	25673
L28_V006	531	25674
L28_V006	532	25675
L28_V006	533	25676
L28_V006	534	25677
L28_V006	535	25677
L28_V006	536	25679
L28_V006	537	25762
L28_V006	538	25785
L28_V006	539	25806
L28_V006	540	25920
L28_V006	541	25925
L28_V006	542	26055
L28_V006	543	26189
L28_V006	544	26242
L28_V006	545	26297
L28_V006	546	26325
L28_V006	547	26367
L28_V006	548	26439
L28_V006	549	26460
L28_V006	550	26519
L28_V006	551	26595
L28_V006	552	26608
L28_V006	553	26687
L28_V006	554	26730
L28_V006	555	26792
L28_V006	556	26864
L28_V006	557	26887
L28_V006	558	27000
L28_V006	559	27135
L28_V006	560	27270
L28_V006	561	27307
L28_V006	562	27405
L28_V006	563	27447
L28_V006	564	27539
L28_V006	565	27602
L28_V006	566	27670
L28_V006	567	27675
L28_V006	568	27720
L28_V006	569	27810
L28_V006	570	27883
L28_V006	571	27938
L28_V006	572	27945
L28_V006	573	28019
L28_V006	574	28080
L28_V006	575	28170
L28_V006	576	28214
L28_V006	577	28350
L28_V010	1	0
L28_V010	2	135
L28_V010	3	150
L28_V010	4	155
L28_V010	5	157
L28_V010	6	158
L28_V010	7	159
L28_V010	8	160
L28_V010	9	161
L28_V010	10	164
L28_V010	11	165
L28_V010	12	166
L28_V010	13	170
L28_V010	14	270
L28_V010	15	281
L28_V010	16	285
L28_V010	17	286
L28_V010	18	287
L28_V010	19	290
L28_V010	20	291
L28_V010	21	292
L28_V010	22	293
L28_V010	23	294
L28_V010	24	295
L28_V010	25	296
L28_V010	26	297
L28_V010	27	298
L28_V010	28	299
L28_V010	29	300
L28_V010	30	301
L28_V010	31	401
L28_V010	32	405
L28_V010	33	407
L28_V010	34	409
L28_V010	35	409
L28_V010	36	411
L28_V010	37	412
L28_V010	38	413
L28_V010	39	416
L28_V010	40	417
L28_V010	41	418
L28_V010	42	419
L28_V010	43	420
L28_V010	44	422
L28_V010	45	426
L28_V010	46	527
L28_V010	47	532
L28_V010	48	536
L28_V010	49	537
L28_V010	50	540
L28_V010	51	542
L28_V010	52	543
L28_V010	53	544
L28_V010	54	545
L28_V010	55	546
L28_V010	56	547
L28_V010	57	548
L28_V010	58	549
L28_V010	59	550
L28_V010	60	551
L28_V010	61	553
L28_V010	62	658
L28_V010	63	663
L28_V010	64	664
L28_V010	65	665
L28_V010	66	668
L28_V010	67	669
L28_V010	68	670
L28_V010	69	671
L28_V010	70	675
L28_V010	71	769
L28_V010	72	810
L28_V010	73	944
L28_V010	74	1080
L28_V010	75	1119
L28_V010	76	1215
L28_V010	77	1264
L28_V010	78	1350
L28_V010	79	1367
L28_V010	80	1474
L28_V010	81	1485
L28_V010	82	1620
L28_V010	83	1641
L28_V010	84	1730
L28_V010	85	1755
L28_V010	86	1793
L28_V010	87	1847
L28_V010	88	1884
L28_V010	89	1889
L28_V010	90	2025
L28_V010	91	2160
L28_V010	92	2295
L28_V010	93	2336
L28_V010	94	2430
L28_V010	95	2459
L28_V010	96	2520
L28_V010	97	2565
L28_V010	98	2575
L28_V010	99	2595
L28_V010	100	2685
L28_V010	101	2693
L28_V010	102	2700
L28_V010	103	2771
L28_V010	104	2835
L28_V010	105	2861
L28_V010	106	2950
L28_V010	107	2970
L28_V010	108	2985
L28_V010	109	3094
L28_V010	110	3105
L28_V010	111	3157
L28_V010	112	3240
L28_V010	113	3261
L28_V010	114	3375
L28_V010	115	3510
L28_V010	116	3615
L28_V010	117	3645
L28_V010	118	3711
L28_V010	119	3779
L28_V010	120	3815
L28_V010	121	3915
L28_V010	122	3956
L28_V010	123	4050
L28_V010	124	4113
L28_V010	125	4185
L28_V010	126	4191
L28_V010	127	4279
L28_V010	128	4320
L28_V010	129	4455
L28_V010	130	4523
L28_V010	131	4590
L28_V010	132	4647
L28_V010	133	4725
L28_V010	134	4733
L28_V010	135	4816
L28_V010	136	4860
L28_V010	137	4942
L28_V010	138	4995
L28_V010	139	5063
L28_V010	140	5130
L28_V010	141	5180
L28_V010	142	5265
L28_V010	143	5337
L28_V010	144	5400
L28_V010	145	5436
L28_V010	146	5489
L28_V010	147	5535
L28_V010	148	5538
L28_V010	149	5633
L28_V010	150	5670
L28_V010	151	5705
L28_V010	152	5805
L28_V010	153	5815
L28_V010	154	5940
L28_V010	155	5979
L28_V010	156	6075
L28_V010	157	6104
L28_V010	158	6142
L28_V010	159	6191
L28_V010	160	6210
L28_V010	161	6282
L28_V010	162	6345
L28_V010	163	6380
L28_V010	164	6423
L28_V010	165	6480
L28_V010	166	6511
L28_V010	167	6615
L28_V010	168	6689
L28_V010	169	6750
L28_V010	170	6845
L28_V010	171	6884
L28_V010	172	6898
L28_V010	173	6954
L28_V010	174	7000
L28_V010	175	7020
L28_V010	176	7051
L28_V010	177	7134
L28_V010	178	7155
L28_V010	179	7259
L28_V010	180	7290
L28_V010	181	7378
L28_V010	182	7425
L28_V010	183	7536
L28_V010	184	7559
L28_V010	185	7659
L28_V010	186	7695
L28_V010	187	7713
L28_V010	188	7778
L28_V010	189	7779
L28_V010	190	7780
L28_V010	191	7781
L28_V010	192	7830
L28_V010	193	7834
L28_V010	194	7836
L28_V010	195	7837
L28_V010	196	7894
L28_V010	197	7895
L28_V010	198	7895
L28_V010	199	7897
L28_V010	200	7965
L28_V010	201	8072
L28_V010	202	8100
L28_V010	203	8199
L28_V010	204	8235
L28_V010	205	8338
L28_V010	206	8370
L28_V010	207	8505
L28_V010	208	8640
L28_V010	209	8775
L28_V010	210	8786
L28_V010	211	8910
L28_V010	212	9045
L28_V010	213	9180
L28_V010	214	9199
L28_V010	215	9315
L28_V010	216	9450
L28_V010	217	9510
L28_V010	218	9585
L28_V010	219	9616
L28_V010	220	9720
L28_V010	221	9825
L28_V010	222	9855
L28_V010	223	9990
L28_V010	224	10043
L28_V010	225	10125
L28_V010	226	10179
L28_V010	227	10253
L28_V010	228	10260
L28_V010	229	10301
L28_V010	230	10395
L28_V010	231	10449
L28_V010	232	10517
L28_V010	233	10530
L28_V010	234	10665
L28_V010	235	10724
L28_V010	236	10800
L28_V010	237	10824
L28_V010	238	10935
L28_V010	239	11070
L28_V010	240	11090
L28_V010	241	11091
L28_V010	242	11092
L28_V010	243	11093
L28_V010	244	11094
L28_V010	245	11095
L28_V010	246	11205
L28_V010	247	11340
L28_V010	248	11373
L28_V010	249	11443
L28_V010	250	11475
L28_V010	251	11570
L28_V010	252	11610
L28_V010	253	11721
L28_V010	254	11745
L28_V010	255	11880
L28_V010	256	11936
L28_V010	257	12015
L28_V010	258	12150
L28_V010	259	12192
L28_V010	260	12285
L28_V010	261	12316
L28_V010	262	12420
L28_V010	263	12426
L28_V010	264	12533
L28_V010	265	12555
L28_V010	266	12674
L28_V010	267	12690
L28_V010	268	12789
L28_V010	269	12825
L28_V010	270	12900
L28_V010	271	12960
L28_V010	272	12971
L28_V010	273	13029
L28_V010	274	13086
L28_V010	275	13094
L28_V010	276	13230
L28_V010	277	13302
L28_V010	278	13365
L28_V010	279	13444
L28_V010	280	13500
L28_V010	281	13544
L28_V010	282	13635
L28_V010	283	13676
L28_V010	284	13769
L28_V010	285	13905
L28_V010	286	14040
L28_V010	287	14175
L28_V010	288	14305
L28_V010	289	14310
L28_V010	290	14444
L28_V010	291	14513
L28_V010	292	14557
L28_V010	293	14580
L28_V010	294	14616
L28_V010	295	14685
L28_V010	296	14715
L28_V010	297	14763
L28_V010	298	14850
L28_V010	299	14953
L28_V010	300	14985
L28_V010	301	14988
L28_V010	302	15119
L28_V010	303	15166
L28_V010	304	15255
L28_V010	305	15259
L28_V010	306	15390
L28_V010	307	15525
L28_V010	308	15660
L28_V010	309	15784
L28_V010	310	15794
L28_V010	311	15922
L28_V010	312	15930
L28_V010	313	16065
L28_V010	314	16155
L28_V010	315	16200
L28_V010	316	16266
L28_V010	317	16301
L28_V010	318	16335
L28_V010	319	16413
L28_V010	320	16470
L28_V010	321	16492
L28_V010	322	16569
L28_V010	323	16605
L28_V010	324	16740
L28_V010	325	16767
L28_V010	326	16832
L28_V010	327	16875
L28_V010	328	16948
L28_V010	329	17010
L28_V010	330	17029
L28_V010	331	17145
L28_V010	332	17280
L28_V010	333	17415
L28_V010	334	17550
L28_V010	335	17685
L28_V010	336	17820
L28_V010	337	17946
L28_V010	338	17955
L28_V010	339	18049
L28_V010	340	18090
L28_V010	341	18164
L28_V010	342	18225
L28_V010	343	18243
L28_V010	344	18360
L28_V010	345	18385
L28_V010	346	18462
L28_V010	347	18495
L28_V010	348	18549
L28_V010	349	18630
L28_V010	350	18634
L28_V010	351	18721
L28_V010	352	18765
L28_V010	353	18772
L28_V010	354	18862
L28_V010	355	18900
L28_V010	356	19035
L28_V010	357	19036
L28_V010	358	19160
L28_V010	359	19170
L28_V010	360	19305
L28_V010	361	19440
L28_V010	362	19464
L28_V010	363	19546
L28_V010	364	19575
L28_V010	365	19626
L28_V010	366	19681
L28_V010	367	19710
L28_V010	368	19770
L28_V010	369	19801
L28_V010	370	19845
L28_V010	371	19846
L28_V010	372	19912
L28_V010	373	19980
L28_V010	374	19981
L28_V010	375	20055
L28_V010	376	20115
L28_V010	377	20139
L28_V010	378	20250
L28_V010	379	20385
L28_V010	380	20520
L28_V010	381	20573
L28_V010	382	20655
L28_V010	383	20743
L28_V010	384	20790
L28_V010	385	20803
L28_V010	386	20863
L28_V010	387	20925
L28_V010	388	20974
L28_V010	389	21060
L28_V010	390	21062
L28_V010	391	21159
L28_V010	392	21195
L28_V010	393	21266
L28_V010	394	21330
L28_V010	395	21394
L28_V010	396	21446
L28_V010	397	21465
L28_V010	398	21600
L28_V010	399	21602
L28_V010	400	21735
L28_V010	401	21870
L28_V010	402	21949
L28_V010	403	22005
L28_V010	404	22017
L28_V010	405	22100
L28_V010	406	22140
L28_V010	407	22219
L28_V010	408	22275
L28_V010	409	22333
L28_V010	410	22410
L28_V010	411	22418
L28_V010	412	22516
L28_V010	413	22545
L28_V010	414	22584
L28_V010	415	22637
L28_V010	416	22680
L28_V010	417	22762
L28_V010	418	22812
L28_V010	419	22815
L28_V010	420	22848
L28_V010	421	22891
L28_V010	422	22950
L28_V010	423	22961
L28_V010	424	23085
L28_V010	425	23163
L28_V010	426	23220
L28_V010	427	23355
L28_V010	428	23490
L28_V010	429	23518
L28_V010	430	23625
L28_V010	431	23664
L28_V010	432	23721
L28_V010	433	23760
L28_V010	434	23775
L28_V010	435	23816
L28_V010	436	23847
L28_V010	437	23889
L28_V010	438	23895
L28_V010	439	24030
L28_V010	440	24165
L28_V010	441	24300
L28_V010	442	24435
L28_V010	443	24570
L28_V010	444	24705
L28_V010	445	24840
L28_V010	446	24888
L28_V010	447	24975
L28_V010	448	25020
L28_V010	449	25110
L28_V010	450	25136
L28_V010	451	25245
L28_V010	452	25247
L28_V010	453	25380
L28_V010	454	25396
L28_V010	455	25478
L28_V010	456	25515
L28_V010	457	25650
L28_V010	458	25785
L28_V010	459	25920
L28_V010	460	26055
L28_V010	461	26177
L28_V010	462	26189
L28_V010	463	26258
L28_V010	464	26325
L28_V010	465	26399
L28_V010	466	26460
L28_V010	467	26580
L28_V010	468	26595
L28_V010	469	26730
L28_V010	470	26808
L28_V010	471	26864
L28_V010	472	26989
L28_V010	473	27000
L28_V010	474	27075
L28_V010	475	27135
L28_V010	476	27168
L28_V010	477	27270
L28_V010	478	27272
L28_V010	479	27405
L28_V010	480	27412
L28_V010	481	27497
L28_V010	482	27539
L28_V010	483	27574
L28_V010	484	27627
L28_V010	485	27675
L28_V010	486	27679
L28_V010	487	27756
L28_V010	488	27810
L28_V010	489	27811
L28_V010	490	27876
L28_V010	491	28010
L28_V014	1	0
L28_V014	2	135
L28_V014	3	270
L28_V014	4	351
L28_V014	5	353
L28_V014	6	354
L28_V014	7	355
L28_V014	8	357
L28_V014	9	358
L28_V014	10	361
L28_V014	11	405
L28_V014	12	476
L28_V014	13	479
L28_V014	14	480
L28_V014	15	480
L28_V014	16	483
L28_V014	17	484
L28_V014	18	484
L28_V014	19	486
L28_V014	20	487
L28_V014	21	540
L28_V014	22	603
L28_V014	23	605
L28_V014	24	606
L28_V014	25	607
L28_V014	26	609
L28_V014	27	610
L28_V014	28	611
L28_V014	29	612
L28_V014	30	613
L28_V014	31	675
L28_V014	32	728
L28_V014	33	730
L28_V014	34	731
L28_V014	35	732
L28_V014	36	733
L28_V014	37	735
L28_V014	38	736
L28_V014	39	737
L28_V014	40	738
L28_V014	41	739
L28_V014	42	740
L28_V014	43	741
L28_V014	44	744
L28_V014	45	810
L28_V014	46	853
L28_V014	47	857
L28_V014	48	858
L28_V014	49	859
L28_V014	50	861
L28_V014	51	861
L28_V014	52	864
L28_V014	53	944
L28_V014	54	978
L28_V014	55	985
L28_V014	56	986
L28_V014	57	986
L28_V014	58	1080
L28_V014	59	1215
L28_V014	60	1350
L28_V014	61	1485
L28_V014	62	1506
L28_V014	63	1598
L28_V014	64	1620
L28_V014	65	1673
L28_V014	66	1755
L28_V014	67	1889
L28_V014	68	1925
L28_V014	69	2025
L28_V014	70	2052
L28_V014	71	2160
L28_V014	72	2295
L28_V014	73	2380
L28_V014	74	2430
L28_V014	75	2565
L28_V014	76	2659
L28_V014	77	2700
L28_V014	78	2714
L28_V014	79	2782
L28_V014	80	2808
L28_V014	81	2835
L28_V014	82	2841
L28_V014	83	2899
L28_V014	84	2970
L28_V014	85	3105
L28_V014	86	3240
L28_V014	87	3375
L28_V014	88	3479
L28_V014	89	3510
L28_V014	90	3639
L28_V014	91	3645
L28_V014	92	3779
L28_V014	93	3833
L28_V014	94	3915
L28_V014	95	4003
L28_V014	96	4050
L28_V014	97	4185
L28_V014	98	4229
L28_V014	99	4317
L28_V014	100	4320
L28_V014	101	4455
L28_V014	102	4590
L28_V014	103	4591
L28_V014	104	4658
L28_V014	105	4718
L28_V014	106	4725
L28_V014	107	4860
L28_V014	108	4865
L28_V014	109	4995
L28_V014	110	5100
L28_V014	111	5130
L28_V014	112	5146
L28_V014	113	5265
L28_V014	114	5294
L28_V014	115	5349
L28_V014	116	5400
L28_V014	117	5407
L28_V014	118	5478
L28_V014	119	5535
L28_V014	120	5556
L28_V014	121	5635
L28_V014	122	5670
L28_V014	123	5743
L28_V014	124	5805
L28_V014	125	5825
L28_V014	126	5940
L28_V014	127	5999
L28_V014	128	6075
L28_V014	129	6125
L28_V014	130	6203
L28_V014	131	6210
L28_V014	132	6298
L28_V014	133	6345
L28_V014	134	6376
L28_V014	135	6480
L28_V014	136	6595
L28_V014	137	6615
L28_V014	138	6675
L28_V014	139	6750
L28_V014	140	6759
L28_V014	141	6816
L28_V014	142	6872
L28_V014	143	6884
L28_V014	144	6937
L28_V014	145	7020
L28_V014	146	7155
L28_V014	147	7191
L28_V014	148	7290
L28_V014	149	7417
L28_V014	150	7425
L28_V014	151	7459
L28_V014	152	7559
L28_V014	153	7670
L28_V014	154	7695
L28_V014	155	7830
L28_V014	156	7841
L28_V014	157	7965
L28_V014	158	8100
L28_V014	159	8235
L28_V014	160	8351
L28_V014	161	8370
L28_V014	162	8401
L28_V014	163	8461
L28_V014	164	8505
L28_V014	165	8534
L28_V014	166	8627
L28_V014	167	8640
L28_V014	168	8775
L28_V014	169	8860
L28_V014	170	8910
L28_V014	171	9033
L28_V014	172	9045
L28_V014	173	9163
L28_V014	174	9180
L28_V014	175	9278
L28_V014	176	9315
L28_V014	177	9450
L28_V014	178	9471
L28_V014	179	9585
L28_V014	180	9636
L28_V014	181	9720
L28_V014	182	9847
L28_V014	183	9855
L28_V014	184	9990
L28_V014	185	10012
L28_V014	186	10065
L28_V014	187	10125
L28_V014	188	10182
L28_V014	189	10257
L28_V014	190	10260
L28_V014	191	10395
L28_V014	192	10451
L28_V014	193	10530
L28_V014	194	10665
L28_V014	195	10800
L28_V014	196	10819
L28_V014	197	10879
L28_V014	198	10935
L28_V014	199	11070
L28_V014	200	11205
L28_V014	201	11285
L28_V014	202	11340
L28_V014	203	11347
L28_V014	204	11418
L28_V014	205	11475
L28_V014	206	11526
L28_V014	207	11610
L28_V014	208	11639
L28_V014	209	11699
L28_V014	210	11745
L28_V014	211	11750
L28_V014	212	11795
L28_V014	213	11861
L28_V014	214	11880
L28_V014	215	12015
L28_V014	216	12040
L28_V014	217	12150
L28_V014	218	12285
L28_V014	219	12287
L28_V014	220	12420
L28_V014	221	12467
L28_V014	222	12555
L28_V014	223	12690
L28_V014	224	12699
L28_V014	225	12772
L28_V014	226	12825
L28_V014	227	12893
L28_V014	228	12960
L28_V014	229	12962
L28_V014	230	13056
L28_V014	231	13094
L28_V014	232	13101
L28_V014	233	13185
L28_V014	234	13230
L28_V014	235	13288
L28_V014	236	13351
L28_V014	237	13365
L28_V014	238	13405
L28_V014	239	13466
L28_V014	240	13500
L28_V014	241	13635
L28_V014	242	13769
L28_V014	243	13905
L28_V014	244	13957
L28_V014	245	14040
L28_V014	246	14066
L28_V014	247	14175
L28_V014	248	14211
L28_V014	249	14310
L28_V014	250	14358
L28_V014	251	14432
L28_V014	252	14444
L28_V014	253	14472
L28_V014	254	14575
L28_V014	255	14580
L28_V014	256	14715
L28_V014	257	14719
L28_V014	258	14850
L28_V014	259	14868
L28_V014	260	14985
L28_V014	261	15119
L28_V014	262	15131
L28_V014	263	15177
L28_V014	264	15255
L28_V014	265	15290
L28_V014	266	15365
L28_V014	267	15390
L28_V014	268	15419
L28_V014	269	15525
L28_V014	270	15596
L28_V014	271	15660
L28_V014	272	15794
L28_V014	273	15884
L28_V014	274	15930
L28_V014	275	15934
L28_V014	276	16013
L28_V014	277	16065
L28_V014	278	16088
L28_V014	279	16200
L28_V014	280	16255
L28_V014	281	16335
L28_V014	282	16347
L28_V014	283	16470
L28_V014	284	16481
L28_V014	285	16605
L28_V014	286	16606
L28_V014	287	16740
L28_V014	288	16742
L28_V014	289	16875
L28_V014	290	16928
L28_V014	291	17010
L28_V014	292	17108
L28_V014	293	17145
L28_V014	294	17280
L28_V014	295	17415
L28_V014	296	17550
L28_V014	297	17685
L28_V014	298	17781
L28_V014	299	17820
L28_V014	300	17852
L28_V014	301	17935
L28_V014	302	17955
L28_V014	303	17990
L28_V014	304	18068
L28_V014	305	18090
L28_V014	306	18225
L28_V014	307	18360
L28_V014	308	18390
L28_V014	309	18459
L28_V014	310	18495
L28_V014	311	18630
L28_V014	312	18765
L28_V014	313	18778
L28_V014	314	18789
L28_V014	315	18792
L28_V014	316	18795
L28_V014	317	18801
L28_V014	318	18810
L28_V014	319	18812
L28_V014	320	18825
L28_V014	321	18900
L28_V014	322	18924
L28_V014	323	18995
L28_V014	324	19035
L28_V014	325	19170
L28_V014	326	19233
L28_V014	327	19305
L28_V014	328	19427
L28_V014	329	19440
L28_V014	330	19561
L28_V014	331	19575
L28_V014	332	19652
L28_V014	333	19710
L28_V014	334	19845
L28_V014	335	19858
L28_V014	336	19980
L28_V014	337	20115
L28_V014	338	20180
L28_V014	339	20237
L28_V014	340	20250
L28_V014	341	20342
L28_V014	342	20385
L28_V014	343	20399
L28_V014	344	20496
L28_V014	345	20520
L28_V014	346	20542
L28_V014	347	20655
L28_V014	348	20679
L28_V014	349	20748
L28_V014	350	20790
L28_V014	351	20925
L28_V014	352	21060
L28_V014	353	21063
L28_V014	354	21195
L28_V014	355	21270
L28_V014	356	21330
L28_V014	357	21347
L28_V014	358	21414
L28_V014	359	21465
L28_V014	360	21519
L28_V014	361	21600
L28_V014	362	21735
L28_V014	363	21785
L28_V014	364	21870
L28_V014	365	21893
L28_V014	366	21946
L28_V014	367	22000
L28_V014	368	22005
L28_V014	369	22036
L28_V014	370	22099
L28_V014	371	22140
L28_V014	372	22156
L28_V014	373	22250
L28_V014	374	22275
L28_V014	375	22327
L28_V014	376	22387
L28_V014	377	22410
L28_V014	378	22545
L28_V014	379	22680
L28_V014	380	22815
L28_V014	381	22950
L28_V014	382	23085
L28_V014	383	23096
L28_V014	384	23220
L28_V014	385	23341
L28_V014	386	23355
L28_V014	387	23490
L28_V014	388	23625
L28_V014	389	23724
L28_V014	390	23760
L28_V014	391	23809
L28_V014	392	23895
L28_V014	393	23995
L28_V014	394	24030
L28_V014	395	24165
L28_V014	396	24200
L28_V014	397	24273
L28_V014	398	24300
L28_V014	399	24351
L28_V014	400	24435
L28_V014	401	24570
L28_V014	402	24705
L28_V014	403	24840
L28_V014	404	24975
L28_V014	405	25110
L28_V014	406	25245
L28_V014	407	25380
L28_V014	408	25515
L28_V014	409	25650
L28_V014	410	25785
L28_V014	411	25804
L28_V014	412	25920
L28_V014	413	26055
L28_V014	414	26189
L28_V014	415	26207
L28_V014	416	26279
L28_V014	417	26325
L28_V014	418	26370
L28_V014	419	26460
L28_V014	420	26542
L28_V014	421	26595
L28_V014	422	26730
L28_V014	423	26864
L28_V014	424	26997
L28_V014	425	27000
L28_V014	426	27052
L28_V014	427	27135
L28_V014	428	27251
L28_V014	429	27270
L28_V014	430	27302
L28_V014	431	27358
L28_V014	432	27405
L28_V014	433	27539
L28_V014	434	27675
L28_V014	435	27810
L28_V014	436	27945
L28_V014	437	28080
L28_V014	438	28280
L28_V018	1	0
L28_V018	2	1
L28_V018	3	128
L28_V018	4	192
L28_V018	5	197
L28_V018	6	198
L28_V018	7	199
L28_V018	8	200
L28_V018	9	200
L28_V018	10	202
L28_V018	11	204
L28_V018	12	204
L28_V018	13	206
L28_V018	14	206
L28_V018	15	263
L28_V018	16	323
L28_V018	17	325
L28_V018	18	326
L28_V018	19	327
L28_V018	20	329
L28_V018	21	330
L28_V018	22	331
L28_V018	23	332
L28_V018	24	333
L28_V018	25	334
L28_V018	26	335
L28_V018	27	336
L28_V018	28	337
L28_V018	29	338
L28_V018	30	339
L28_V018	31	398
L28_V018	32	444
L28_V018	33	449
L28_V018	34	450
L28_V018	35	451
L28_V018	36	451
L28_V018	37	453
L28_V018	38	455
L28_V018	39	455
L28_V018	40	457
L28_V018	41	458
L28_V018	42	459
L28_V018	43	461
L28_V018	44	463
L28_V018	45	533
L28_V018	46	574
L28_V018	47	575
L28_V018	48	576
L28_V018	49	577
L28_V018	50	578
L28_V018	51	579
L28_V018	52	581
L28_V018	53	582
L28_V018	54	583
L28_V018	55	584
L28_V018	56	585
L28_V018	57	586
L28_V018	58	587
L28_V018	59	588
L28_V018	60	589
L28_V018	61	590
L28_V018	62	668
L28_V018	63	695
L28_V018	64	700
L28_V018	65	702
L28_V018	66	703
L28_V018	67	704
L28_V018	68	705
L28_V018	69	707
L28_V018	70	708
L28_V018	71	709
L28_V018	72	710
L28_V018	73	711
L28_V018	74	715
L28_V018	75	802
L28_V018	76	819
L28_V018	77	938
L28_V018	78	1073
L28_V018	79	1208
L28_V018	80	1343
L28_V018	81	1349
L28_V018	82	1472
L28_V018	83	1478
L28_V018	84	1554
L28_V018	85	1613
L28_V018	86	1748
L28_V018	87	1753
L28_V018	88	1882
L28_V018	89	2018
L28_V018	90	2153
L28_V018	91	2185
L28_V018	92	2271
L28_V018	93	2288
L28_V018	94	2423
L28_V018	95	2433
L28_V018	96	2558
L28_V018	97	2608
L28_V018	98	2693
L28_V018	99	2828
L28_V018	100	2963
L28_V018	101	3098
L28_V018	102	3214
L28_V018	103	3233
L28_V018	104	3363
L28_V018	105	3368
L28_V018	106	3503
L28_V018	107	3619
L28_V018	108	3638
L28_V018	109	3674
L28_V018	110	3772
L28_V018	111	3826
L28_V018	112	3908
L28_V018	113	4019
L28_V018	114	4043
L28_V018	115	4167
L28_V018	116	4178
L28_V018	117	4244
L28_V018	118	4285
L28_V018	119	4313
L28_V018	120	4440
L28_V018	121	4448
L28_V018	122	4550
L28_V018	123	4583
L28_V018	124	4641
L28_V018	125	4718
L28_V018	126	4797
L28_V018	127	4853
L28_V018	128	4988
L28_V018	129	5123
L28_V018	130	5229
L28_V018	131	5258
L28_V018	132	5393
L28_V018	133	5528
L28_V018	134	5663
L28_V018	135	5670
L28_V018	136	5763
L28_V018	137	5798
L28_V018	138	5900
L28_V018	139	5933
L28_V018	140	6068
L28_V018	141	6115
L28_V018	142	6203
L28_V018	143	6338
L28_V018	144	6385
L28_V018	145	6473
L28_V018	146	6608
L28_V018	147	6655
L28_V018	148	6743
L28_V018	149	6797
L28_V018	150	6878
L28_V018	151	6914
L28_V018	152	7013
L28_V018	153	7069
L28_V018	154	7148
L28_V018	155	7156
L28_V018	156	7283
L28_V018	157	7358
L28_V018	158	7418
L28_V018	159	7430
L28_V018	160	7480
L28_V018	161	7553
L28_V018	162	7628
L28_V018	163	7688
L28_V018	164	7791
L28_V018	165	7823
L28_V018	166	7851
L28_V018	167	7958
L28_V018	168	7965
L28_V018	169	8036
L28_V018	170	8086
L28_V018	171	8093
L28_V018	172	8140
L28_V018	173	8173
L28_V018	174	8219
L28_V018	175	8228
L28_V018	176	8330
L28_V018	177	8363
L28_V018	178	8374
L28_V018	179	8432
L28_V018	180	8498
L28_V018	181	8584
L28_V018	182	8633
L28_V018	183	8738
L28_V018	184	8768
L28_V018	185	8838
L28_V018	186	8888
L28_V018	187	8903
L28_V018	188	8935
L28_V018	189	9033
L28_V018	190	9038
L28_V018	191	9158
L28_V018	192	9173
L28_V018	193	9305
L28_V018	194	9308
L28_V018	195	9389
L28_V018	196	9443
L28_V018	197	9469
L28_V018	198	9515
L28_V018	199	9578
L28_V018	200	9600
L28_V018	201	9709
L28_V018	202	9713
L28_V018	203	9784
L28_V018	204	9848
L28_V018	205	9902
L28_V018	206	9983
L28_V018	207	10006
L28_V018	208	10118
L28_V018	209	10152
L28_V018	210	10234
L28_V018	211	10253
L28_V018	212	10341
L28_V018	213	10388
L28_V018	214	10395
L28_V018	215	10448
L28_V018	216	10523
L28_V018	217	10581
L28_V018	218	10643
L28_V018	219	10658
L28_V018	220	10764
L28_V018	221	10793
L28_V018	222	10928
L28_V018	223	11063
L28_V018	224	11132
L28_V018	225	11198
L28_V018	226	11333
L28_V018	227	11354
L28_V018	228	11410
L28_V018	229	11447
L28_V018	230	11468
L28_V018	231	11558
L28_V018	232	11603
L28_V018	233	11738
L28_V018	234	11832
L28_V018	235	11873
L28_V018	236	11991
L28_V018	237	12008
L28_V018	238	12115
L28_V018	239	12143
L28_V018	240	12278
L28_V018	241	12413
L28_V018	242	12441
L28_V018	243	12548
L28_V018	244	12612
L28_V018	245	12683
L28_V018	246	12818
L28_V018	247	12953
L28_V018	248	13006
L28_V018	249	13088
L28_V018	250	13222
L28_V018	251	13247
L28_V018	252	13358
L28_V018	253	13397
L28_V018	254	13493
L28_V018	255	13628
L28_V018	256	13700
L28_V018	257	13763
L28_V018	258	13784
L28_V018	259	13897
L28_V018	260	13946
L28_V018	261	14033
L28_V018	262	14168
L28_V018	263	14247
L28_V018	264	14303
L28_V018	265	14438
L28_V018	266	14572
L28_V018	267	14633
L28_V018	268	14708
L28_V018	269	14786
L28_V018	270	14843
L28_V018	271	14912
L28_V018	272	14978
L28_V018	273	15077
L28_V018	274	15113
L28_V018	275	15229
L28_V018	276	15247
L28_V018	277	15383
L28_V018	278	15486
L28_V018	279	15518
L28_V018	280	15609
L28_V018	281	15653
L28_V018	282	15718
L28_V018	283	15788
L28_V018	284	15922
L28_V018	285	16013
L28_V018	286	16058
L28_V018	287	16172
L28_V018	288	16193
L28_V018	289	16300
L28_V018	290	16328
L28_V018	291	16347
L28_V018	292	16463
L28_V018	293	16482
L28_V018	294	16598
L28_V018	295	16671
L28_V018	296	16733
L28_V018	297	16842
L28_V018	298	16868
L28_V018	299	16944
L28_V018	300	17003
L28_V018	301	17048
L28_V018	302	17138
L28_V018	303	17219
L28_V018	304	17273
L28_V018	305	17361
L28_V018	306	17408
L28_V018	307	17420
L28_V018	308	17518
L28_V018	309	17543
L28_V018	310	17678
L28_V018	311	17787
L28_V018	312	17813
L28_V018	313	17948
L28_V018	314	18083
L28_V018	315	18176
L28_V018	316	18218
L28_V018	317	18353
L28_V018	318	18434
L28_V018	319	18488
L28_V018	320	18550
L28_V018	321	18623
L28_V018	322	18646
L28_V018	323	18708
L28_V018	324	18758
L28_V018	325	18797
L28_V018	326	18893
L28_V018	327	18987
L28_V018	328	19028
L28_V018	329	19091
L28_V018	330	19139
L28_V018	331	19163
L28_V018	332	19298
L28_V018	333	19317
L28_V018	334	19421
L28_V018	335	19433
L28_V018	336	19540
L28_V018	337	19568
L28_V018	338	19599
L28_V018	339	19703
L28_V018	340	19773
L28_V018	341	19838
L28_V018	342	19973
L28_V018	343	20027
L28_V018	344	20108
L28_V018	345	20243
L28_V018	346	20254
L28_V018	347	20378
L28_V018	348	20471
L28_V018	349	20513
L28_V018	350	20618
L28_V018	351	20648
L28_V018	352	20754
L28_V018	353	20783
L28_V018	354	20918
L28_V018	355	20922
L28_V018	356	20977
L28_V018	357	21053
L28_V018	358	21073
L28_V018	359	21188
L28_V018	360	21226
L28_V018	361	21314
L28_V018	362	21323
L28_V018	363	21458
L28_V018	364	21462
L28_V018	365	21556
L28_V018	366	21593
L28_V018	367	21654
L28_V018	368	21728
L28_V018	369	21769
L28_V018	370	21863
L28_V018	371	21873
L28_V018	372	21998
L28_V018	373	22013
L28_V018	374	22133
L28_V018	375	22160
L28_V018	376	22225
L28_V018	377	22268
L28_V018	378	22289
L28_V018	379	22403
L28_V018	380	22419
L28_V018	381	22520
L28_V018	382	22538
L28_V018	383	22614
L28_V018	384	22669
L28_V018	385	22673
L28_V018	386	22787
L28_V018	387	22808
L28_V018	388	22834
L28_V018	389	22913
L28_V018	390	22943
L28_V018	391	23078
L28_V018	392	23213
L28_V018	393	23230
L28_V018	394	23342
L28_V018	395	23348
L28_V018	396	23483
L28_V018	397	23492
L28_V018	398	23583
L28_V018	399	23618
L28_V018	400	23686
L28_V018	401	23753
L28_V018	402	23793
L28_V018	403	23888
L28_V018	404	23908
L28_V018	405	23943
L28_V018	406	23986
L28_V018	407	24023
L28_V018	408	24140
L28_V018	409	24158
L28_V018	410	24293
L28_V018	411	24298
L28_V018	412	24345
L28_V018	413	24428
L28_V018	414	24457
L28_V018	415	24563
L28_V018	416	24657
L28_V018	417	24698
L28_V018	418	24724
L28_V018	419	24833
L28_V018	420	24868
L28_V018	421	24968
L28_V018	422	25027
L28_V018	423	25103
L28_V018	424	25155
L28_V018	425	25211
L28_V018	426	25238
L28_V018	427	25358
L28_V018	428	25373
L28_V018	429	25442
L28_V018	430	25484
L28_V018	431	25508
L28_V018	432	25567
L28_V018	433	25598
L28_V018	434	25639
L28_V018	435	25643
L28_V018	436	25777
L28_V018	437	25800
L28_V018	438	25913
L28_V018	439	25917
L28_V018	440	26005
L28_V018	441	26048
L28_V018	442	26183
L28_V018	443	26305
L28_V018	444	26318
L28_V018	445	26380
L28_V018	446	26442
L28_V018	447	26452
L28_V018	448	26588
L28_V018	449	26626
L28_V018	450	26702
L28_V018	451	26723
L28_V018	452	26792
L28_V018	453	26858
L28_V018	454	26993
L28_V018	455	27038
L28_V018	456	27127
L28_V018	457	27220
L28_V018	458	27263
L28_V018	459	27383
L28_V018	460	27398
L28_V018	461	27462
L28_V018	462	27533
L28_V018	463	27625
L28_V018	464	27668
L28_V018	465	27681
L28_V018	466	27744
L28_V018	467	27791
L28_V018	468	27802
L28_V018	469	27839
L28_V018	470	27923
L28_V018	471	27938
L28_V018	472	28073
L28_V019	1	0
L28_V019	2	1
L28_V019	3	2
L28_V019	4	3
L28_V019	5	135
L28_V019	6	270
L28_V019	7	346
L28_V019	8	351
L28_V019	9	353
L28_V019	10	354
L28_V019	11	355
L28_V019	12	357
L28_V019	13	358
L28_V019	14	359
L28_V019	15	361
L28_V019	16	405
L28_V019	17	476
L28_V019	18	479
L28_V019	19	480
L28_V019	20	480
L28_V019	21	483
L28_V019	22	484
L28_V019	23	484
L28_V019	24	486
L28_V019	25	487
L28_V019	26	488
L28_V019	27	492
L28_V019	28	540
L28_V019	29	603
L28_V019	30	605
L28_V019	31	606
L28_V019	32	607
L28_V019	33	609
L28_V019	34	610
L28_V019	35	611
L28_V019	36	612
L28_V019	37	613
L28_V019	38	618
L28_V019	39	675
L28_V019	40	728
L28_V019	41	730
L28_V019	42	731
L28_V019	43	732
L28_V019	44	733
L28_V019	45	735
L28_V019	46	736
L28_V019	47	737
L28_V019	48	738
L28_V019	49	739
L28_V019	50	741
L28_V019	51	744
L28_V019	52	810
L28_V019	53	853
L28_V019	54	856
L28_V019	55	857
L28_V019	56	858
L28_V019	57	859
L28_V019	58	861
L28_V019	59	861
L28_V019	60	863
L28_V019	61	864
L28_V019	62	944
L28_V019	63	1080
L28_V019	64	1215
L28_V019	65	1350
L28_V019	66	1485
L28_V019	67	1620
L28_V019	68	1755
L28_V019	69	1889
L28_V019	70	2025
L28_V019	71	2160
L28_V019	72	2295
L28_V019	73	2409
L28_V019	74	2430
L28_V019	75	2565
L28_V019	76	2579
L28_V019	77	2659
L28_V019	78	2700
L28_V019	79	2835
L28_V019	80	2846
L28_V019	81	2930
L28_V019	82	2970
L28_V019	83	3058
L28_V019	84	3105
L28_V019	85	3147
L28_V019	86	3240
L28_V019	87	3274
L28_V019	88	3367
L28_V019	89	3375
L28_V019	90	3449
L28_V019	91	3510
L28_V019	92	3582
L28_V019	93	3645
L28_V019	94	3681
L28_V019	95	3736
L28_V019	96	3779
L28_V019	97	3845
L28_V019	98	3915
L28_V019	99	4050
L28_V019	100	4097
L28_V019	101	4185
L28_V019	102	4320
L28_V019	103	4352
L28_V019	104	4455
L28_V019	105	4459
L28_V019	106	4533
L28_V019	107	4590
L28_V019	108	4643
L28_V019	109	4691
L28_V019	110	4725
L28_V019	111	4731
L28_V019	112	4822
L28_V019	113	4860
L28_V019	114	4938
L28_V019	115	4995
L28_V019	116	5130
L28_V019	117	5168
L28_V019	118	5265
L28_V019	119	5273
L28_V019	120	5400
L28_V019	121	5435
L28_V019	122	5501
L28_V019	123	5535
L28_V019	124	5670
L28_V019	125	5691
L28_V019	126	5805
L28_V019	127	5940
L28_V019	128	5990
L28_V019	129	6075
L28_V019	130	6146
L28_V019	131	6210
L28_V019	132	6321
L28_V019	133	6345
L28_V019	134	6480
L28_V019	135	6615
L28_V019	136	6666
L28_V019	137	6750
L28_V019	138	6854
L28_V019	139	6884
L28_V019	140	6938
L28_V019	141	7020
L28_V019	142	7070
L28_V019	143	7155
L28_V019	144	7170
L28_V019	145	7290
L28_V019	146	7342
L28_V019	147	7425
L28_V019	148	7481
L28_V019	149	7559
L28_V019	150	7604
L28_V019	151	7695
L28_V019	152	7756
L28_V019	153	7830
L28_V019	154	7933
L28_V019	155	7965
L28_V019	156	8100
L28_V019	157	8145
L28_V019	158	8235
L28_V019	159	8370
L28_V019	160	8505
L28_V019	161	8593
L28_V019	162	8640
L28_V019	163	8775
L28_V019	164	8910
L28_V019	165	9045
L28_V019	166	9180
L28_V019	167	9191
L28_V019	168	9315
L28_V019	169	9431
L28_V019	170	9450
L28_V019	171	9585
L28_V019	172	9720
L28_V019	173	9855
L28_V019	174	9990
L28_V019	175	10125
L28_V019	176	10260
L28_V019	177	10395
L28_V019	178	10530
L28_V019	179	10559
L28_V019	180	10665
L28_V019	181	10703
L28_V019	182	10800
L28_V019	183	10887
L28_V019	184	10935
L28_V019	185	11014
L28_V019	186	11070
L28_V019	187	11072
L28_V019	188	11161
L28_V019	189	11205
L28_V019	190	11244
L28_V019	191	11340
L28_V019	192	11370
L28_V019	193	11475
L28_V019	194	11498
L28_V019	195	11610
L28_V019	196	11735
L28_V019	197	11745
L28_V019	198	11880
L28_V019	199	11904
L28_V019	200	12015
L28_V019	201	12150
L28_V019	202	12229
L28_V019	203	12285
L28_V019	204	12291
L28_V019	205	12420
L28_V019	206	12421
L28_V019	207	12555
L28_V019	208	12585
L28_V019	209	12646
L28_V019	210	12690
L28_V019	211	12767
L28_V019	212	12825
L28_V019	213	12886
L28_V019	214	12960
L28_V019	215	13083
L28_V019	216	13094
L28_V019	217	13216
L28_V019	218	13230
L28_V019	219	13283
L28_V019	220	13346
L28_V019	221	13365
L28_V019	222	13384
L28_V019	223	13500
L28_V019	224	13521
L28_V019	225	13609
L28_V019	226	13635
L28_V019	227	13679
L28_V019	228	13769
L28_V019	229	13861
L28_V019	230	13902
L28_V019	231	13905
L28_V019	232	13969
L28_V019	233	14007
L28_V019	234	14040
L28_V019	235	14088
L28_V019	236	14175
L28_V019	237	14197
L28_V019	238	14310
L28_V019	239	14399
L28_V019	240	14444
L28_V019	241	14455
L28_V019	242	14491
L28_V019	243	14580
L28_V019	244	14649
L28_V019	245	14715
L28_V019	246	14761
L28_V019	247	14844
L28_V019	248	14850
L28_V019	249	14985
L28_V019	250	15011
L28_V019	251	15069
L28_V019	252	15119
L28_V019	253	15237
L28_V019	254	15255
L28_V019	255	15390
L28_V019	256	15401
L28_V019	257	15525
L28_V019	258	15583
L28_V019	259	15660
L28_V019	260	15697
L28_V019	261	15794
L28_V019	262	15825
L28_V019	263	15930
L28_V019	264	15940
L28_V019	265	16065
L28_V019	266	16088
L28_V019	267	16140
L28_V019	268	16169
L28_V019	269	16188
L28_V019	270	16200
L28_V019	271	16244
L28_V019	272	16313
L28_V019	273	16335
L28_V019	274	16347
L28_V019	275	16470
L28_V019	276	16480
L28_V019	277	16605
L28_V019	278	16694
L28_V019	279	16696
L28_V019	280	16740
L28_V019	281	16855
L28_V019	282	16875
L28_V019	283	17010
L28_V019	284	17079
L28_V019	285	17145
L28_V019	286	17280
L28_V019	287	17331
L28_V019	288	17415
L28_V019	289	17522
L28_V019	290	17550
L28_V019	291	17596
L28_V019	292	17673
L28_V019	293	17685
L28_V019	294	17820
L28_V019	295	17821
L28_V019	296	17910
L28_V019	297	17955
L28_V019	298	18037
L28_V019	299	18090
L28_V019	300	18200
L28_V019	301	18225
L28_V019	302	18285
L28_V019	303	18360
L28_V019	304	18440
L28_V019	305	18495
L28_V019	306	18563
L28_V019	307	18630
L28_V019	308	18765
L28_V019	309	18803
L28_V019	310	18900
L28_V019	311	18940
L28_V019	312	19035
L28_V019	313	19087
L28_V019	314	19119
L28_V019	315	19170
L28_V019	316	19189
L28_V019	317	19251
L28_V019	318	19305
L28_V019	319	19374
L28_V019	320	19406
L28_V019	321	19440
L28_V019	322	19470
L28_V019	323	19544
L28_V019	324	19575
L28_V019	325	19635
L28_V019	326	19710
L28_V019	327	19711
L28_V019	328	19765
L28_V019	329	19845
L28_V019	330	19905
L28_V019	331	19980
L28_V019	332	20042
L28_V019	333	20115
L28_V019	334	20170
L28_V019	335	20250
L28_V019	336	20324
L28_V019	337	20385
L28_V019	338	20394
L28_V019	339	20472
L28_V019	340	20520
L28_V019	341	20556
L28_V019	342	20655
L28_V019	343	20724
L28_V019	344	20790
L28_V019	345	20810
L28_V019	346	20925
L28_V019	347	20926
L28_V019	348	20974
L28_V019	349	21060
L28_V019	350	21110
L28_V019	351	21195
L28_V019	352	21202
L28_V019	353	21301
L28_V019	354	21330
L28_V019	355	21363
L28_V019	356	21398
L28_V019	357	21404
L28_V019	358	21405
L28_V019	359	21407
L28_V019	360	21412
L28_V019	361	21415
L28_V019	362	21436
L28_V019	363	21465
L28_V019	364	21549
L28_V019	365	21600
L28_V019	366	21659
L28_V019	367	21735
L28_V019	368	21769
L28_V019	369	21870
L28_V019	370	21880
L28_V019	371	21986
L28_V019	372	22005
L28_V019	373	22052
L28_V019	374	22140
L28_V019	375	22144
L28_V019	376	22253
L28_V019	377	22275
L28_V019	378	22410
L28_V019	379	22413
L28_V019	380	22496
L28_V019	381	22545
L28_V019	382	22615
L28_V019	383	22680
L28_V019	384	22752
L28_V019	385	22815
L28_V019	386	22931
L28_V019	387	22950
L28_V019	388	23085
L28_V019	389	23108
L28_V019	390	23198
L28_V019	391	23220
L28_V019	392	23355
L28_V019	393	23362
L28_V019	394	23464
L28_V019	395	23490
L28_V019	396	23585
L28_V019	397	23625
L28_V019	398	23723
L28_V019	399	23760
L28_V019	400	23850
L28_V019	401	23895
L28_V019	402	23949
L28_V019	403	24030
L28_V019	404	24111
L28_V019	405	24165
L28_V019	406	24215
L28_V019	407	24300
L28_V019	408	24372
L28_V019	409	24435
L28_V019	410	24497
L28_V019	411	24553
L28_V019	412	24570
L28_V019	413	24625
L28_V019	414	24705
L28_V019	415	24714
L28_V019	416	24786
L28_V019	417	24834
L28_V019	418	24840
L28_V019	419	24943
L28_V019	420	24975
L28_V019	421	25110
L28_V019	422	25245
L28_V019	423	25380
L28_V019	424	25419
L28_V019	425	25515
L28_V019	426	25566
L28_V019	427	25650
L28_V019	428	25676
L28_V019	429	25785
L28_V019	430	25786
L28_V019	431	25883
L28_V019	432	25920
L28_V019	433	25995
L28_V019	434	26055
L28_V019	435	26113
L28_V019	436	26189
L28_V019	437	26217
L28_V019	438	26325
L28_V019	439	26352
L28_V019	440	26457
L28_V019	441	26460
L28_V019	442	26595
L28_V019	443	26685
L28_V019	444	26730
L28_V019	445	26832
L28_V019	446	26864
L28_V019	447	26908
L28_V019	448	27000
L28_V019	449	27116
L28_V019	450	27135
L28_V019	451	27175
L28_V019	452	27264
L28_V019	453	27270
L28_V019	454	27358
L28_V019	455	27405
L28_V019	456	27477
L28_V019	457	27539
L28_V019	458	27602
L28_V019	459	27675
L28_V019	460	27783
L28_V019	461	27810
L28_V019	462	27866
L28_V019	463	27942
L28_V019	464	27945
L28_V019	465	28001
L28_V019	466	28080
L28_V019	467	28214
L28_V021	1	0
L28_V021	2	135
L28_V021	3	270
L28_V021	4	346
L28_V021	5	351
L28_V021	6	353
L28_V021	7	354
L28_V021	8	355
L28_V021	9	357
L28_V021	10	358
L28_V021	11	359
L28_V021	12	361
L28_V021	13	405
L28_V021	14	476
L28_V021	15	479
L28_V021	16	480
L28_V021	17	480
L28_V021	18	483
L28_V021	19	484
L28_V021	20	484
L28_V021	21	486
L28_V021	22	487
L28_V021	23	488
L28_V021	24	540
L28_V021	25	603
L28_V021	26	605
L28_V021	27	606
L28_V021	28	607
L28_V021	29	609
L28_V021	30	610
L28_V021	31	611
L28_V021	32	612
L28_V021	33	613
L28_V021	34	618
L28_V021	35	675
L28_V021	36	723
L28_V021	37	728
L28_V021	38	730
L28_V021	39	731
L28_V021	40	732
L28_V021	41	733
L28_V021	42	735
L28_V021	43	736
L28_V021	44	737
L28_V021	45	738
L28_V021	46	739
L28_V021	47	740
L28_V021	48	741
L28_V021	49	743
L28_V021	50	744
L28_V021	51	810
L28_V021	52	853
L28_V021	53	856
L28_V021	54	857
L28_V021	55	858
L28_V021	56	859
L28_V021	57	861
L28_V021	58	861
L28_V021	59	863
L28_V021	60	864
L28_V021	61	944
L28_V021	62	953
L28_V021	63	1080
L28_V021	64	1215
L28_V021	65	1243
L28_V021	66	1350
L28_V021	67	1485
L28_V021	68	1576
L28_V021	69	1620
L28_V021	70	1739
L28_V021	71	1755
L28_V021	72	1857
L28_V021	73	1889
L28_V021	74	1950
L28_V021	75	2025
L28_V021	76	2160
L28_V021	77	2295
L28_V021	78	2430
L28_V021	79	2565
L28_V021	80	2700
L28_V021	81	2835
L28_V021	82	2970
L28_V021	83	3105
L28_V021	84	3240
L28_V021	85	3300
L28_V021	86	3375
L28_V021	87	3479
L28_V021	88	3510
L28_V021	89	3626
L28_V021	90	3645
L28_V021	91	3714
L28_V021	92	3779
L28_V021	93	3817
L28_V021	94	3915
L28_V021	95	3919
L28_V021	96	4036
L28_V021	97	4050
L28_V021	98	4155
L28_V021	99	4185
L28_V021	100	4320
L28_V021	101	4455
L28_V021	102	4590
L28_V021	103	4725
L28_V021	104	4860
L28_V021	105	4995
L28_V021	106	5130
L28_V021	107	5265
L28_V021	108	5293
L28_V021	109	5400
L28_V021	110	5507
L28_V021	111	5535
L28_V021	112	5670
L28_V021	113	5673
L28_V021	114	5791
L28_V021	115	5805
L28_V021	116	5841
L28_V021	117	5940
L28_V021	118	6075
L28_V021	119	6128
L28_V021	120	6210
L28_V021	121	6321
L28_V021	122	6345
L28_V021	123	6456
L28_V021	124	6480
L28_V021	125	6603
L28_V021	126	6615
L28_V021	127	6750
L28_V021	128	6755
L28_V021	129	6868
L28_V021	130	6884
L28_V021	131	7020
L28_V021	132	7070
L28_V021	133	7155
L28_V021	134	7254
L28_V021	135	7290
L28_V021	136	7425
L28_V021	137	7559
L28_V021	138	7645
L28_V021	139	7695
L28_V021	140	7830
L28_V021	141	7938
L28_V021	142	7965
L28_V021	143	8045
L28_V021	144	8100
L28_V021	145	8184
L28_V021	146	8235
L28_V021	147	8317
L28_V021	148	8370
L28_V021	149	8453
L28_V021	150	8505
L28_V021	151	8597
L28_V021	152	8640
L28_V021	153	8775
L28_V021	154	8787
L28_V021	155	8910
L28_V021	156	8954
L28_V021	157	9045
L28_V021	158	9180
L28_V021	159	9198
L28_V021	160	9315
L28_V021	161	9400
L28_V021	162	9450
L28_V021	163	9489
L28_V021	164	9585
L28_V021	165	9720
L28_V021	166	9740
L28_V021	167	9855
L28_V021	168	9857
L28_V021	169	9990
L28_V021	170	10021
L28_V021	171	10125
L28_V021	172	10247
L28_V021	173	10260
L28_V021	174	10395
L28_V021	175	10467
L28_V021	176	10530
L28_V021	177	10603
L28_V021	178	10665
L28_V021	179	10730
L28_V021	180	10800
L28_V021	181	10817
L28_V021	182	10902
L28_V021	183	10935
L28_V021	184	10979
L28_V021	185	11063
L28_V021	186	11070
L28_V021	187	11118
L28_V021	188	11205
L28_V021	189	11243
L28_V021	190	11340
L28_V021	191	11395
L28_V021	192	11475
L28_V021	193	11610
L28_V021	194	11620
L28_V021	195	11745
L28_V021	196	11826
L28_V021	197	11880
L28_V021	198	11933
L28_V021	199	12012
L28_V021	200	12015
L28_V021	201	12150
L28_V021	202	12191
L28_V021	203	12285
L28_V021	204	12303
L28_V021	205	12413
L28_V021	206	12420
L28_V021	207	12513
L28_V021	208	12555
L28_V021	209	12629
L28_V021	210	12690
L28_V021	211	12729
L28_V021	212	12825
L28_V021	213	12872
L28_V021	214	12930
L28_V021	215	12960
L28_V021	216	13061
L28_V021	217	13094
L28_V021	218	13165
L28_V021	219	13230
L28_V021	220	13247
L28_V021	221	13365
L28_V021	222	13404
L28_V021	223	13491
L28_V021	224	13500
L28_V021	225	13572
L28_V021	226	13635
L28_V021	227	13756
L28_V021	228	13769
L28_V021	229	13861
L28_V021	230	13905
L28_V021	231	13959
L28_V021	232	14040
L28_V021	233	14094
L28_V021	234	14175
L28_V021	235	14197
L28_V021	236	14310
L28_V021	237	14313
L28_V021	238	14419
L28_V021	239	14444
L28_V021	240	14580
L28_V021	241	14707
L28_V021	242	14715
L28_V021	243	14779
L28_V021	244	14850
L28_V021	245	14969
L28_V021	246	14985
L28_V021	247	15094
L28_V021	248	15119
L28_V021	249	15255
L28_V021	250	15287
L28_V021	251	15382
L28_V021	252	15390
L28_V021	253	15483
L28_V021	254	15525
L28_V021	255	15559
L28_V021	256	15636
L28_V021	257	15660
L28_V021	258	15693
L28_V021	259	15772
L28_V021	260	15794
L28_V021	261	15930
L28_V021	262	16065
L28_V021	263	16158
L28_V021	264	16200
L28_V021	265	16335
L28_V021	266	16470
L28_V021	267	16605
L28_V021	268	16740
L28_V021	269	16875
L28_V021	270	16941
L28_V021	271	17010
L28_V021	272	17145
L28_V021	273	17157
L28_V021	274	17280
L28_V021	275	17400
L28_V021	276	17415
L28_V021	277	17504
L28_V021	278	17550
L28_V021	279	17618
L28_V021	280	17685
L28_V021	281	17706
L28_V021	282	17776
L28_V021	283	17820
L28_V021	284	17901
L28_V021	285	17955
L28_V021	286	18034
L28_V021	287	18090
L28_V021	288	18225
L28_V021	289	18244
L28_V021	290	18360
L28_V021	291	18484
L28_V021	292	18495
L28_V021	293	18630
L28_V021	294	18728
L28_V021	295	18765
L28_V021	296	18900
L28_V021	297	18943
L28_V021	298	19035
L28_V021	299	19170
L28_V021	300	19188
L28_V021	301	19278
L28_V021	302	19305
L28_V021	303	19440
L28_V021	304	19545
L28_V021	305	19575
L28_V021	306	19701
L28_V021	307	19710
L28_V021	308	19845
L28_V021	309	19883
L28_V021	310	19980
L28_V021	311	20115
L28_V021	312	20250
L28_V021	313	20251
L28_V021	314	20378
L28_V021	315	20385
L28_V021	316	20520
L28_V021	317	20590
L28_V021	318	20655
L28_V021	319	20790
L28_V021	320	20804
L28_V021	321	20925
L28_V021	322	21060
L28_V021	323	21105
L28_V021	324	21195
L28_V021	325	21330
L28_V021	326	21440
L28_V021	327	21465
L28_V021	328	21600
L28_V021	329	21657
L28_V021	330	21735
L28_V021	331	21870
L28_V021	332	21925
L28_V021	333	22005
L28_V021	334	22140
L28_V021	335	22186
L28_V021	336	22275
L28_V021	337	22407
L28_V021	338	22410
L28_V021	339	22545
L28_V021	340	22680
L28_V021	341	22682
L28_V021	342	22815
L28_V021	343	22835
L28_V021	344	22950
L28_V021	345	23085
L28_V021	346	23123
L28_V021	347	23220
L28_V021	348	23355
L28_V021	349	23427
L28_V021	350	23490
L28_V021	351	23578
L28_V021	352	23625
L28_V021	353	23760
L28_V021	354	23797
L28_V021	355	23895
L28_V021	356	24030
L28_V021	357	24141
L28_V021	358	24165
L28_V021	359	24300
L28_V021	360	24396
L28_V021	361	24435
L28_V021	362	24570
L28_V021	363	24602
L28_V021	364	24705
L28_V021	365	24744
L28_V021	366	24840
L28_V021	367	24925
L28_V021	368	24975
L28_V021	369	25110
L28_V021	370	25245
L28_V021	371	25283
L28_V021	372	25380
L28_V021	373	25478
L28_V021	374	25515
L28_V021	375	25650
L28_V021	376	25785
L28_V021	377	25920
L28_V021	378	25995
L28_V021	379	26055
L28_V021	380	26189
L28_V021	381	26325
L28_V021	382	26377
L28_V021	383	26460
L28_V021	384	26539
L28_V021	385	26595
L28_V021	386	26708
L28_V021	387	26730
L28_V021	388	26864
L28_V021	389	26869
L28_V021	390	27000
L28_V021	391	27032
L28_V021	392	27135
L28_V021	393	27160
L28_V021	394	27270
L28_V021	395	27405
L28_V021	396	27539
L28_V021	397	27543
L28_V021	398	27675
L28_V021	399	27810
L28_V021	400	27945
L28_V021	401	28080
L28_V023	1	0
L28_V023	2	1
L28_V023	3	2
L28_V023	4	3
L28_V023	5	4
L28_V023	6	135
L28_V023	7	270
L28_V023	8	346
L28_V023	9	351
L28_V023	10	353
L28_V023	11	354
L28_V023	12	355
L28_V023	13	357
L28_V023	14	358
L28_V023	15	405
L28_V023	16	476
L28_V023	17	479
L28_V023	18	480
L28_V023	19	480
L28_V023	20	483
L28_V023	21	484
L28_V023	22	484
L28_V023	23	486
L28_V023	24	487
L28_V023	25	540
L28_V023	26	603
L28_V023	27	605
L28_V023	28	606
L28_V023	29	607
L28_V023	30	609
L28_V023	31	610
L28_V023	32	611
L28_V023	33	612
L28_V023	34	613
L28_V023	35	618
L28_V023	36	675
L28_V023	37	728
L28_V023	38	731
L28_V023	39	732
L28_V023	40	733
L28_V023	41	735
L28_V023	42	736
L28_V023	43	737
L28_V023	44	738
L28_V023	45	739
L28_V023	46	740
L28_V023	47	741
L28_V023	48	744
L28_V023	49	810
L28_V023	50	853
L28_V023	51	857
L28_V023	52	858
L28_V023	53	859
L28_V023	54	861
L28_V023	55	861
L28_V023	56	864
L28_V023	57	944
L28_V023	58	967
L28_V023	59	1080
L28_V023	60	1215
L28_V023	61	1350
L28_V023	62	1485
L28_V023	63	1620
L28_V023	64	1755
L28_V023	65	1889
L28_V023	66	2025
L28_V023	67	2160
L28_V023	68	2178
L28_V023	69	2295
L28_V023	70	2410
L28_V023	71	2430
L28_V023	72	2565
L28_V023	73	2646
L28_V023	74	2700
L28_V023	75	2835
L28_V023	76	2970
L28_V023	77	3105
L28_V023	78	3240
L28_V023	79	3375
L28_V023	80	3510
L28_V023	81	3529
L28_V023	82	3645
L28_V023	83	3779
L28_V023	84	3852
L28_V023	85	3915
L28_V023	86	3936
L28_V023	87	4000
L28_V023	88	4050
L28_V023	89	4136
L28_V023	90	4185
L28_V023	91	4210
L28_V023	92	4296
L28_V023	93	4320
L28_V023	94	4455
L28_V023	95	4465
L28_V023	96	4590
L28_V023	97	4690
L28_V023	98	4725
L28_V023	99	4811
L28_V023	100	4860
L28_V023	101	4970
L28_V023	102	4995
L28_V023	103	5130
L28_V023	104	5265
L28_V023	105	5309
L28_V023	106	5400
L28_V023	107	5430
L28_V023	108	5535
L28_V023	109	5547
L28_V023	110	5670
L28_V023	111	5805
L28_V023	112	5886
L28_V023	113	5940
L28_V023	114	6049
L28_V023	115	6075
L28_V023	116	6112
L28_V023	117	6190
L28_V023	118	6210
L28_V023	119	6345
L28_V023	120	6427
L28_V023	121	6480
L28_V023	122	6509
L28_V023	123	6615
L28_V023	124	6618
L28_V023	125	6747
L28_V023	126	6750
L28_V023	127	6848
L28_V023	128	6884
L28_V023	129	6964
L28_V023	130	7020
L28_V023	131	7155
L28_V023	132	7248
L28_V023	133	7290
L28_V023	134	7316
L28_V023	135	7425
L28_V023	136	7458
L28_V023	137	7559
L28_V023	138	7615
L28_V023	139	7695
L28_V023	140	7720
L28_V023	141	7784
L28_V023	142	7830
L28_V023	143	7887
L28_V023	144	7965
L28_V023	145	7992
L28_V023	146	8100
L28_V023	147	8123
L28_V023	148	8235
L28_V023	149	8275
L28_V023	150	8370
L28_V023	151	8406
L28_V023	152	8505
L28_V023	153	8577
L28_V023	154	8640
L28_V023	155	8652
L28_V023	156	8653
L28_V023	157	8655
L28_V023	158	8775
L28_V023	159	8872
L28_V023	160	8910
L28_V023	161	9007
L28_V023	162	9045
L28_V023	163	9146
L28_V023	164	9180
L28_V023	165	9294
L28_V023	166	9315
L28_V023	167	9402
L28_V023	168	9450
L28_V023	169	9546
L28_V023	170	9585
L28_V023	171	9697
L28_V023	172	9720
L28_V023	173	9810
L28_V023	174	9855
L28_V023	175	9914
L28_V023	176	9990
L28_V023	177	10091
L28_V023	178	10125
L28_V023	179	10260
L28_V023	180	10326
L28_V023	181	10395
L28_V023	182	10530
L28_V023	183	10652
L28_V023	184	10665
L28_V023	185	10800
L28_V023	186	10935
L28_V023	187	11070
L28_V023	188	11205
L28_V023	189	11319
L28_V023	190	11340
L28_V023	191	11447
L28_V023	192	11475
L28_V023	193	11553
L28_V023	194	11610
L28_V023	195	11653
L28_V023	196	11745
L28_V023	197	11819
L28_V023	198	11880
L28_V023	199	12015
L28_V023	200	12150
L28_V023	201	12169
L28_V023	202	12285
L28_V023	203	12420
L28_V023	204	12555
L28_V023	205	12588
L28_V023	206	12690
L28_V023	207	12731
L28_V023	208	12825
L28_V023	209	12916
L28_V023	210	12960
L28_V023	211	13069
L28_V023	212	13094
L28_V023	213	13172
L28_V023	214	13230
L28_V023	215	13365
L28_V023	216	13407
L28_V023	217	13500
L28_V023	218	13619
L28_V023	219	13635
L28_V023	220	13769
L28_V023	221	13905
L28_V023	222	14040
L28_V023	223	14126
L28_V023	224	14175
L28_V023	225	14310
L28_V023	226	14324
L28_V023	227	14391
L28_V023	228	14444
L28_V023	229	14472
L28_V023	230	14580
L28_V023	231	14715
L28_V023	232	14850
L28_V023	233	14985
L28_V023	234	15119
L28_V023	235	15255
L28_V023	236	15340
L28_V023	237	15390
L28_V023	238	15491
L28_V023	239	15525
L28_V023	240	15616
L28_V023	241	15660
L28_V023	242	15709
L28_V023	243	15794
L28_V023	244	15891
L28_V023	245	15930
L28_V023	246	16065
L28_V023	247	16147
L28_V023	248	16200
L28_V023	249	16335
L28_V023	250	16470
L28_V023	251	16563
L28_V023	252	16605
L28_V023	253	16740
L28_V023	254	16875
L28_V023	255	17010
L28_V023	256	17125
L28_V023	257	17127
L28_V023	258	17145
L28_V023	259	17280
L28_V023	260	17415
L28_V023	261	17550
L28_V023	262	17685
L28_V023	263	17820
L28_V023	264	17927
L28_V023	265	17955
L28_V023	266	18090
L28_V023	267	18151
L28_V023	268	18225
L28_V023	269	18236
L28_V023	270	18360
L28_V023	271	18441
L28_V023	272	18495
L28_V023	273	18630
L28_V023	274	18719
L28_V023	275	18765
L28_V023	276	18900
L28_V023	277	19035
L28_V023	278	19085
L28_V023	279	19170
L28_V023	280	19189
L28_V023	281	19290
L28_V023	282	19305
L28_V023	283	19383
L28_V023	284	19440
L28_V023	285	19472
L28_V023	286	19564
L28_V023	287	19575
L28_V023	288	19690
L28_V023	289	19710
L28_V023	290	19807
L28_V023	291	19845
L28_V023	292	19898
L28_V023	293	19980
L28_V023	294	19989
L28_V023	295	20115
L28_V023	296	20250
L28_V023	297	20351
L28_V023	298	20385
L28_V023	299	20446
L28_V023	300	20520
L28_V023	301	20655
L28_V023	302	20790
L28_V023	303	20805
L28_V023	304	20868
L28_V023	305	20925
L28_V023	306	21047
L28_V023	307	21060
L28_V023	308	21089
L28_V023	309	21195
L28_V023	310	21256
L28_V023	311	21330
L28_V023	312	21418
L28_V023	313	21465
L28_V023	314	21536
L28_V023	315	21600
L28_V023	316	21630
L28_V023	317	21735
L28_V023	318	21743
L28_V023	319	21845
L28_V023	320	21870
L28_V023	321	21997
L28_V023	322	22005
L28_V023	323	22140
L28_V023	324	22163
L28_V023	325	22219
L28_V023	326	22275
L28_V023	327	22347
L28_V023	328	22410
L28_V023	329	22545
L28_V023	330	22590
L28_V023	331	22680
L28_V023	332	22781
L28_V023	333	22815
L28_V023	334	22870
L28_V023	335	22950
L28_V023	336	23007
L28_V023	337	23085
L28_V023	338	23197
L28_V023	339	23220
L28_V023	340	23289
L28_V023	341	23355
L28_V023	342	23386
L28_V023	343	23490
L28_V023	344	23584
L28_V023	345	23625
L28_V023	346	23659
L28_V023	347	23755
L28_V023	348	23760
L28_V023	349	23830
L28_V023	350	23891
L28_V023	351	23895
L28_V023	352	23962
L28_V023	353	24030
L28_V023	354	24079
L28_V023	355	24165
L28_V023	356	24273
L28_V023	357	24300
L28_V023	358	24417
L28_V023	359	24435
L28_V023	360	24570
L28_V023	361	24585
L28_V023	362	24705
L28_V023	363	24713
L28_V023	364	24827
L28_V023	365	24840
L28_V023	366	24936
L28_V023	367	24975
L28_V023	368	25007
L28_V023	369	25092
L28_V023	370	25110
L28_V023	371	25245
L28_V023	372	25346
L28_V023	373	25380
L28_V023	374	25470
L28_V023	375	25515
L28_V023	376	25595
L28_V023	377	25650
L28_V023	378	25689
L28_V023	379	25785
L28_V023	380	25879
L28_V023	381	25920
L28_V023	382	26047
L28_V023	383	26055
L28_V023	384	26189
L28_V023	385	26283
L28_V023	386	26325
L28_V023	387	26377
L28_V023	388	26445
L28_V023	389	26460
L28_V023	390	26502
L28_V023	391	26595
L28_V023	392	26730
L28_V023	393	26763
L28_V023	394	26864
L28_V023	395	26932
L28_V023	396	27000
L28_V023	397	27135
L28_V023	398	27270
L29_V001	1	0
L29_V001	2	97
L29_V001	3	137
L29_V001	4	150
L29_V001	5	300
L29_V001	6	450
L29_V001	7	571
L29_V001	8	591
L29_V001	9	593
L29_V001	10	594
L29_V001	11	595
L29_V001	12	596
L29_V001	13	600
L29_V001	14	601
L29_V001	15	603
L29_V001	16	604
L29_V001	17	659
L29_V001	18	695
L29_V001	19	696
L29_V001	20	700
L29_V001	21	701
L29_V001	22	704
L29_V001	23	705
L29_V001	24	735
L29_V001	25	750
L29_V001	26	756
L29_V001	27	780
L29_V001	28	782
L29_V001	29	783
L29_V001	30	784
L29_V001	31	785
L29_V001	32	786
L29_V001	33	787
L29_V001	34	789
L29_V001	35	790
L29_V001	36	791
L29_V001	37	802
L29_V001	38	803
L29_V001	39	805
L29_V001	40	807
L29_V001	41	810
L29_V001	42	841
L29_V001	43	861
L29_V001	44	869
L29_V001	45	894
L29_V001	46	900
L29_V001	47	902
L29_V001	48	905
L29_V001	49	906
L29_V001	50	911
L29_V001	51	911
L29_V001	52	913
L29_V001	53	946
L29_V001	54	990
L29_V001	55	1037
L29_V001	56	1050
L29_V001	57	1082
L29_V001	58	1091
L29_V001	59	1146
L29_V001	60	1187
L29_V001	61	1200
L29_V001	62	1245
L29_V001	63	1265
L29_V001	64	1266
L29_V001	65	1267
L29_V001	66	1268
L29_V001	67	1269
L29_V001	68	1270
L29_V001	69	1271
L29_V001	70	1272
L29_V001	71	1273
L29_V001	72	1274
L29_V001	73	1275
L29_V001	74	1276
L29_V001	75	1277
L29_V001	76	1278
L29_V001	77	1279
L29_V001	78	1280
L29_V001	79	1281
L29_V001	80	1282
L29_V001	81	1283
L29_V001	82	1284
L29_V001	83	1285
L29_V001	84	1286
L29_V001	85	1287
L29_V001	86	1308
L29_V001	87	1309
L29_V001	88	1310
L29_V001	89	1312
L29_V001	90	1314
L29_V001	91	1317
L29_V001	92	1318
L29_V001	93	1319
L29_V001	94	1320
L29_V001	95	1321
L29_V001	96	1322
L29_V001	97	1323
L29_V001	98	1324
L29_V001	99	1325
L29_V001	100	1326
L29_V001	101	1327
L29_V001	102	1328
L29_V001	103	1329
L29_V001	104	1330
L29_V001	105	1331
L29_V001	106	1332
L29_V001	107	1333
L29_V001	108	1334
L29_V001	109	1338
L29_V001	110	1339
L29_V001	111	1341
L29_V001	112	1342
L29_V001	113	1343
L29_V001	114	1346
L29_V001	115	1347
L29_V001	116	1350
L29_V001	117	1366
L29_V001	118	1441
L29_V001	119	1500
L29_V001	120	1533
L29_V001	121	1540
L29_V001	122	1607
L29_V001	123	1650
L29_V001	124	1653
L29_V001	125	1713
L29_V001	126	1800
L29_V001	127	1950
L29_V001	128	2067
L29_V001	129	2100
L29_V001	130	2192
L29_V001	131	2250
L29_V001	132	2400
L29_V001	133	2550
L29_V001	134	2700
L29_V001	135	2850
L29_V001	136	3000
L29_V001	137	3150
L29_V001	138	3300
L29_V001	139	3450
L29_V001	140	3600
L29_V001	141	3750
L29_V001	142	3900
L29_V001	143	4050
L29_V001	144	4072
L29_V001	145	4200
L29_V001	146	4207
L29_V001	147	4350
L29_V001	148	4399
L29_V001	149	4500
L29_V001	150	4559
L29_V001	151	4650
L29_V001	152	4704
L29_V001	153	4800
L29_V001	154	4888
L29_V001	155	4950
L29_V001	156	5071
L29_V001	157	5100
L29_V001	158	5122
L29_V001	159	5250
L29_V001	160	5315
L29_V001	161	5400
L29_V001	162	5440
L29_V001	163	5512
L29_V001	164	5550
L29_V001	165	5557
L29_V001	166	5586
L29_V001	167	5677
L29_V001	168	5700
L29_V001	169	5744
L29_V001	170	5850
L29_V001	171	5888
L29_V001	172	5933
L29_V001	173	6000
L29_V001	174	6023
L29_V001	175	6150
L29_V001	176	6208
L29_V001	177	6284
L29_V001	178	6300
L29_V001	179	6342
L29_V001	180	6450
L29_V001	181	6465
L29_V001	182	6540
L29_V001	183	6600
L29_V001	184	6662
L29_V001	185	6729
L29_V001	186	6750
L29_V001	187	6806
L29_V001	188	6847
L29_V001	189	6884
L29_V001	190	6900
L29_V001	191	6948
L29_V001	192	7009
L29_V001	193	7050
L29_V001	194	7066
L29_V001	195	7118
L29_V001	196	7156
L29_V001	197	7200
L29_V001	198	7248
L29_V001	199	7323
L29_V001	200	7350
L29_V001	201	7401
L29_V001	202	7492
L29_V001	203	7500
L29_V001	204	7556
L29_V001	205	7619
L29_V001	206	7650
L29_V001	207	7694
L29_V001	208	7769
L29_V001	209	7800
L29_V001	210	7916
L29_V001	211	7950
L29_V001	212	7979
L29_V001	213	8037
L29_V001	214	8095
L29_V001	215	8100
L29_V001	216	8184
L29_V001	217	8250
L29_V001	218	8264
L29_V001	219	8319
L29_V001	220	8363
L29_V001	221	8387
L29_V001	222	8400
L29_V001	223	8448
L29_V001	224	8550
L29_V001	225	8700
L29_V001	226	8850
L29_V001	227	9000
L29_V001	228	9150
L29_V001	229	9185
L29_V001	230	9239
L29_V001	231	9300
L29_V001	232	9303
L29_V001	233	9371
L29_V001	234	9450
L29_V001	235	9475
L29_V001	236	9557
L29_V001	237	9590
L29_V001	238	9600
L29_V001	239	9631
L29_V001	240	9666
L29_V001	241	9708
L29_V001	242	9745
L29_V001	243	9750
L29_V001	244	9900
L29_V001	245	10050
L29_V001	246	10137
L29_V001	247	10200
L29_V001	248	10210
L29_V001	249	10273
L29_V001	250	10350
L29_V001	251	10407
L29_V001	252	10494
L29_V001	253	10500
L29_V001	254	10579
L29_V001	255	10623
L29_V001	256	10650
L29_V001	257	10685
L29_V001	258	10744
L29_V001	259	10800
L29_V001	260	10855
L29_V001	261	10950
L29_V001	262	10975
L29_V001	263	11051
L29_V001	264	11100
L29_V001	265	11157
L29_V001	266	11250
L29_V001	267	11261
L29_V001	268	11341
L29_V001	269	11400
L29_V001	270	11436
L29_V001	271	11550
L29_V001	272	11551
L29_V001	273	11675
L29_V001	274	11700
L29_V001	275	11718
L29_V001	276	11773
L29_V001	277	11850
L29_V001	278	11876
L29_V001	279	11938
L29_V001	280	12000
L29_V001	281	12046
L29_V001	282	12150
L29_V001	283	12188
L29_V001	284	12300
L29_V001	285	12338
L29_V001	286	12450
L29_V001	287	12554
L29_V001	288	12600
L29_V001	289	12632
L29_V001	290	12750
L29_V001	291	12832
L29_V001	292	12883
L29_V001	293	12900
L29_V001	294	12963
L29_V001	295	13041
L29_V001	296	13050
L29_V001	297	13138
L29_V001	298	13200
L29_V001	299	13243
L29_V001	300	13302
L29_V001	301	13350
L29_V001	302	13391
L29_V001	303	13449
L29_V001	304	13500
L29_V001	305	13508
L29_V001	306	13650
L29_V001	307	13761
L29_V001	308	13800
L29_V001	309	13918
L29_V001	310	13950
L29_V001	311	14100
L29_V001	312	14127
L29_V001	313	14226
L29_V001	314	14250
L29_V001	315	14300
L29_V001	316	14351
L29_V001	317	14400
L29_V001	318	14432
L29_V001	319	14502
L29_V001	320	14550
L29_V001	321	14593
L29_V001	322	14700
L29_V001	323	14722
L29_V001	324	14785
L29_V001	325	14850
L29_V001	326	14855
L29_V001	327	14938
L29_V001	328	14997
L29_V001	329	15000
L29_V001	330	15144
L29_V001	331	15150
L29_V001	332	15202
L29_V001	333	15244
L29_V001	334	15300
L29_V001	335	15306
L29_V001	336	15450
L29_V001	337	15600
L29_V001	338	15744
L29_V001	339	15750
L29_V001	340	15831
L29_V001	341	15900
L29_V001	342	15950
L29_V001	343	16037
L29_V001	344	16050
L29_V001	345	16200
L29_V001	346	16236
L29_V001	347	16350
L29_V001	348	16361
L29_V001	349	16500
L29_V001	350	16533
L29_V001	351	16650
L29_V001	352	16656
L29_V001	353	16793
L29_V001	354	16800
L29_V001	355	16844
L29_V001	356	16916
L29_V001	357	16950
L29_V001	358	16952
L29_V001	359	17023
L29_V001	360	17100
L29_V001	361	17110
L29_V001	362	17222
L29_V001	363	17250
L29_V001	364	17288
L29_V001	365	17355
L29_V001	366	17400
L29_V001	367	17455
L29_V001	368	17528
L29_V001	369	17550
L29_V001	370	17666
L29_V001	371	17700
L29_V001	372	17850
L29_V001	373	18000
L29_V001	374	18026
L29_V001	375	18134
L29_V001	376	18150
L29_V001	377	18273
L29_V001	378	18300
L29_V001	379	18397
L29_V001	380	18450
L29_V001	381	18478
L29_V001	382	18600
L29_V001	383	18614
L29_V001	384	18720
L29_V001	385	18750
L29_V001	386	18900
L29_V001	387	18983
L29_V001	388	19050
L29_V001	389	19094
L29_V001	390	19167
L29_V001	391	19200
L29_V001	392	19350
L29_V001	393	19353
L29_V001	394	19449
L29_V001	395	19482
L29_V001	396	19500
L29_V001	397	19650
L29_V001	398	19708
L29_V001	399	19766
L29_V001	400	19800
L29_V001	401	19877
L29_V001	402	19934
L29_V001	403	19950
L29_V001	404	19996
L29_V001	405	20058
L29_V001	406	20100
L29_V001	407	20132
L29_V001	408	20171
L29_V001	409	20204
L29_V001	410	20250
L29_V001	411	20266
L29_V001	412	20378
L29_V001	413	20400
L29_V001	414	20502
L29_V001	415	20550
L29_V001	416	20700
L29_V001	417	20812
L29_V001	418	20850
L29_V001	419	20940
L29_V001	420	21000
L29_V001	421	21050
L29_V001	422	21107
L29_V001	423	21150
L29_V001	424	21190
L29_V001	425	21239
L29_V001	426	21296
L29_V001	427	21300
L29_V001	428	21338
L29_V001	429	21377
L29_V001	430	21450
L29_V001	431	21479
L29_V001	432	21574
L29_V001	433	21600
L29_V001	434	21640
L29_V001	435	21704
L29_V001	436	21750
L29_V001	437	21900
L29_V001	438	21935
L29_V001	439	22050
L29_V001	440	22122
L29_V001	441	22196
L29_V001	442	22200
L29_V001	443	22284
L29_V001	444	22339
L29_V001	445	22350
L29_V001	446	22500
L29_V001	447	22519
L29_V001	448	22596
L29_V001	449	22650
L29_V001	450	22669
L29_V001	451	22747
L29_V001	452	22800
L29_V001	453	22872
L29_V001	454	22950
L29_V001	455	23010
L29_V001	456	23100
L29_V001	457	23102
L29_V001	458	23169
L29_V001	459	23250
L29_V001	460	23400
L29_V001	461	23443
L29_V001	462	23550
L29_V001	463	23581
L29_V001	464	23700
L29_V001	465	23725
L29_V001	466	23850
L29_V001	467	23898
L29_V001	468	24000
L29_V001	469	24029
L29_V001	470	24150
L29_V001	471	24300
L29_V001	472	24392
L29_V001	473	24450
L29_V001	474	24515
L29_V001	475	24600
L29_V001	476	24634
L29_V001	477	24687
L29_V001	478	24750
L29_V001	479	24753
L29_V001	480	24821
L29_V001	481	24900
L29_V001	482	25050
L29_V001	483	25200
L29_V001	484	25350
L29_V001	485	25500
L29_V001	486	25650
L29_V001	487	25698
L29_V001	488	25791
L29_V001	489	25800
L29_V001	490	25850
L29_V001	491	25908
L29_V001	492	25950
L29_V001	493	26055
L29_V001	494	26100
L29_V001	495	26133
L29_V001	496	26250
L29_V001	497	26289
L29_V001	498	26397
L29_V001	499	26400
L29_V001	500	26480
L29_V001	501	26550
L29_V001	502	26585
L29_V001	503	26689
L29_V001	504	26700
L29_V001	505	26850
L29_V001	506	27000
L29_V002	1	0
L29_V002	2	98
L29_V002	3	138
L29_V002	4	263
L29_V002	5	388
L29_V002	6	533
L29_V002	7	572
L29_V002	8	660
L29_V002	9	705
L29_V002	10	736
L29_V002	11	757
L29_V002	12	791
L29_V002	13	792
L29_V002	14	805
L29_V002	15	821
L29_V002	16	842
L29_V002	17	896
L29_V002	18	903
L29_V002	19	914
L29_V002	20	939
L29_V002	21	947
L29_V002	22	1038
L29_V002	23	1078
L29_V002	24	1083
L29_V002	25	1092
L29_V002	26	1147
L29_V002	27	1188
L29_V002	28	1213
L29_V002	29	1246
L29_V002	30	1267
L29_V002	31	1268
L29_V002	32	1278
L29_V002	33	1279
L29_V002	34	1288
L29_V002	35	1309
L29_V002	36	1310
L29_V002	37	1318
L29_V002	38	1319
L29_V002	39	1320
L29_V002	40	1321
L29_V002	41	1322
L29_V002	42	1323
L29_V002	43	1324
L29_V002	44	1325
L29_V002	45	1329
L29_V002	46	1330
L29_V002	47	1331
L29_V002	48	1332
L29_V002	49	1333
L29_V002	50	1348
L29_V002	51	1367
L29_V002	52	1442
L29_V002	53	1492
L29_V002	54	1534
L29_V002	55	1541
L29_V002	56	1542
L29_V002	57	1607
L29_V002	58	1632
L29_V002	59	1654
L29_V002	60	1714
L29_V002	61	1779
L29_V002	62	1927
L29_V002	63	2052
L29_V002	64	2068
L29_V002	65	2192
L29_V002	66	2193
L29_V002	67	2317
L29_V002	68	2318
L29_V002	69	2374
L29_V002	70	2441
L29_V002	71	2466
L29_V002	72	2517
L29_V002	73	2591
L29_V002	74	2650
L29_V002	75	2722
L29_V002	76	2738
L29_V002	77	2784
L29_V002	78	2884
L29_V002	79	2885
L29_V002	80	3018
L29_V002	81	3046
L29_V002	82	3143
L29_V002	83	3268
L29_V002	84	3343
L29_V002	85	3393
L29_V002	86	3434
L29_V002	87	3534
L29_V002	88	3556
L29_V002	89	3629
L29_V002	90	3679
L29_V002	91	3804
L29_V002	92	3809
L29_V002	93	3864
L29_V002	94	3911
L29_V002	95	3929
L29_V002	96	4024
L29_V002	97	4074
L29_V002	98	4079
L29_V002	99	4221
L29_V002	100	4239
L29_V002	101	4329
L29_V002	102	4354
L29_V002	103	4447
L29_V002	104	4497
L29_V002	105	4500
L29_V002	106	4578
L29_V002	107	4622
L29_V002	108	4747
L29_V002	109	4760
L29_V002	110	4853
L29_V002	111	4878
L29_V002	112	4940
L29_V002	113	5003
L29_V002	114	5128
L29_V002	115	5239
L29_V002	116	5277
L29_V002	117	5331
L29_V002	118	5346
L29_V002	119	5370
L29_V002	120	5418
L29_V002	121	5446
L29_V002	122	5543
L29_V002	123	5590
L29_V002	124	5690
L29_V002	125	5706
L29_V002	126	5828
L29_V002	127	5953
L29_V002	128	5955
L29_V002	129	6078
L29_V002	130	6143
L29_V002	131	6198
L29_V002	132	6218
L29_V002	133	6339
L29_V002	134	6364
L29_V002	135	6481
L29_V002	136	6506
L29_V002	137	6584
L29_V002	138	6617
L29_V002	139	6647
L29_V002	140	6715
L29_V002	141	6780
L29_V002	142	6905
L29_V002	143	6983
L29_V002	144	7030
L29_V002	145	7155
L29_V002	146	7206
L29_V002	147	7270
L29_V002	148	7295
L29_V002	149	7327
L29_V002	150	7420
L29_V002	151	7475
L29_V002	152	7558
L29_V002	153	7603
L29_V002	154	7684
L29_V002	155	7706
L29_V002	156	7817
L29_V002	157	7831
L29_V002	158	7931
L29_V002	159	7956
L29_V002	160	8015
L29_V002	161	8081
L29_V002	162	8207
L29_V002	163	8234
L29_V002	164	8311
L29_V002	165	8356
L29_V002	166	8481
L29_V002	167	8588
L29_V002	168	8606
L29_V002	169	8613
L29_V002	170	8729
L29_V002	171	8755
L29_V002	172	8888
L29_V002	173	8904
L29_V002	174	8981
L29_V002	175	9029
L29_V002	176	9154
L29_V002	177	9192
L29_V002	178	9292
L29_V002	179	9318
L29_V002	180	9417
L29_V002	181	9515
L29_V002	182	9565
L29_V002	183	9577
L29_V002	184	9664
L29_V002	185	9714
L29_V002	186	9732
L29_V002	187	9776
L29_V002	188	9831
L29_V002	189	9851
L29_V002	190	9887
L29_V002	191	9937
L29_V002	192	9987
L29_V002	193	9995
L29_V002	194	10109
L29_V002	195	10129
L29_V002	196	10198
L29_V002	197	10252
L29_V002	198	10265
L29_V002	199	10342
L29_V002	200	10386
L29_V002	201	10411
L29_V002	202	10422
L29_V002	203	10477
L29_V002	204	10552
L29_V002	205	10556
L29_V002	206	10606
L29_V002	207	10623
L29_V002	208	10684
L29_V002	209	10698
L29_V002	210	10790
L29_V002	211	10836
L29_V002	212	10961
L29_V002	213	11103
L29_V002	214	11144
L29_V002	215	11243
L29_V002	216	11277
L29_V002	217	11392
L29_V002	218	11455
L29_V002	219	11528
L29_V002	220	11610
L29_V002	221	11671
L29_V002	222	11753
L29_V002	223	11777
L29_V002	224	11796
L29_V002	225	11832
L29_V002	226	11898
L29_V002	227	11921
L29_V002	228	11954
L29_V002	229	12046
L29_V002	230	12054
L29_V002	231	12171
L29_V002	232	12204
L29_V002	233	12306
L29_V002	234	12430
L29_V002	235	12446
L29_V002	236	12531
L29_V002	237	12571
L29_V002	238	12708
L29_V002	239	12753
L29_V002	240	12849
L29_V002	241	12886
L29_V002	242	12974
L29_V002	243	13022
L29_V002	244	13119
L29_V002	245	13244
L29_V002	246	13386
L29_V002	247	13494
L29_V002	248	13511
L29_V002	249	13597
L29_V002	250	13636
L29_V002	251	13761
L29_V002	252	13840
L29_V002	253	13910
L29_V002	254	13931
L29_V002	255	13980
L29_V002	256	14041
L29_V002	257	14116
L29_V002	258	14166
L29_V002	259	14291
L29_V002	260	14330
L29_V002	261	14430
L29_V002	262	14491
L29_V002	263	14555
L29_V002	264	14680
L29_V002	265	14708
L29_V002	266	14805
L29_V002	267	14821
L29_V002	268	14906
L29_V002	269	14941
L29_V002	270	15086
L29_V002	271	15211
L29_V002	272	15353
L29_V002	273	15478
L29_V002	274	15591
L29_V002	275	15612
L29_V002	276	15746
L29_V002	277	15863
L29_V002	278	15888
L29_V002	279	15972
L29_V002	280	16013
L29_V002	281	16085
L29_V002	282	16155
L29_V002	283	16302
L29_V002	284	16444
L29_V002	285	16481
L29_V002	286	16569
L29_V002	287	16595
L29_V002	288	16689
L29_V002	289	16714
L29_V002	290	16820
L29_V002	291	16839
L29_V002	292	16869
L29_V002	293	16970
L29_V002	294	16988
L29_V002	295	17008
L29_V002	296	17066
L29_V002	297	17133
L29_V002	298	17258
L29_V002	299	17301
L29_V002	300	17375
L29_V002	301	17400
L29_V002	302	17461
L29_V002	303	17509
L29_V002	304	17525
L29_V002	305	17626
L29_V002	306	17650
L29_V002	307	17663
L29_V002	308	17764
L29_V002	309	17788
L29_V002	310	17913
L29_V002	311	18038
L29_V002	312	18187
L29_V002	313	18289
L29_V002	314	18312
L29_V002	315	18437
L29_V002	316	18562
L29_V002	317	18612
L29_V002	318	18687
L29_V002	319	18754
L29_V002	320	18829
L29_V002	321	18954
L29_V002	322	18982
L29_V002	323	19093
L29_V002	324	19214
L29_V002	325	19239
L29_V002	326	19364
L29_V002	327	19367
L29_V002	328	19489
L29_V002	329	19614
L29_V002	330	19643
L29_V002	331	19739
L29_V002	332	19769
L29_V002	333	19827
L29_V002	334	19873
L29_V002	335	19998
L29_V002	336	20041
L29_V002	337	20081
L29_V002	338	20131
L29_V002	339	20152
L29_V002	340	20232
L29_V002	341	20277
L29_V002	342	20328
L29_V002	343	20402
L29_V002	344	20527
L29_V002	345	20532
L29_V002	346	20569
L29_V002	347	20619
L29_V002	348	20669
L29_V002	349	20757
L29_V002	350	20807
L29_V002	351	20838
L29_V002	352	20932
L29_V002	353	20982
L29_V002	354	21032
L29_V002	355	21057
L29_V002	356	21116
L29_V002	357	21182
L29_V002	358	21220
L29_V002	359	21320
L29_V002	360	21347
L29_V002	361	21371
L29_V002	362	21395
L29_V002	363	21422
L29_V002	364	21423
L29_V002	365	21424
L29_V002	366	21425
L29_V002	367	21429
L29_V002	368	21430
L29_V002	369	21450
L29_V002	370	21455
L29_V002	371	21465
L29_V002	372	21526
L29_V002	373	21529
L29_V002	374	21541
L29_V002	375	21580
L29_V002	376	21591
L29_V002	377	21593
L29_V002	378	21625
L29_V002	379	21634
L29_V002	380	21635
L29_V002	381	21636
L29_V002	382	21666
L29_V002	383	21675
L29_V002	384	21676
L29_V002	385	21677
L29_V002	386	21713
L29_V002	387	21728
L29_V002	388	21749
L29_V002	389	21773
L29_V002	390	21791
L29_V002	391	21792
L29_V002	392	21793
L29_V002	393	21802
L29_V002	394	21803
L29_V002	395	21804
L29_V002	396	21805
L29_V002	397	21872
L29_V002	398	21884
L29_V002	399	21936
L29_V002	400	21996
L29_V002	401	22011
L29_V002	402	22040
L29_V002	403	22105
L29_V002	404	22143
L29_V002	405	22177
L29_V002	406	22227
L29_V002	407	22268
L29_V002	408	22326
L29_V002	409	22368
L29_V002	410	22393
L29_V002	411	22518
L29_V002	412	22537
L29_V002	413	22662
L29_V002	414	22787
L29_V002	415	22912
L29_V002	416	23002
L29_V002	417	23052
L29_V002	418	23149
L29_V002	419	23199
L29_V002	420	23317
L29_V002	421	23342
L29_V002	422	23467
L29_V002	423	23479
L29_V002	424	23592
L29_V002	425	23697
L29_V002	426	23717
L29_V002	427	23777
L29_V002	428	23842
L29_V002	429	23967
L29_V002	430	24009
L29_V002	431	24103
L29_V002	432	24228
L29_V002	433	24285
L29_V002	434	24353
L29_V002	435	24421
L29_V002	436	24496
L29_V002	437	24529
L29_V002	438	24621
L29_V002	439	24746
L29_V002	440	24811
L29_V002	441	24886
L29_V002	442	24945
L29_V002	443	25011
L29_V002	444	25128
L29_V002	445	25153
L29_V002	446	25214
L29_V002	447	25278
L29_V002	448	25308
L29_V002	449	25396
L29_V002	450	25421
L29_V002	451	25478
L29_V002	452	25532
L29_V002	453	25546
L29_V002	454	25573
L29_V002	455	25645
L29_V002	456	25672
L29_V002	457	25695
L29_V002	458	25772
L29_V002	459	25820
L29_V002	460	25945
L29_V002	461	26070
L29_V004	1	0
L29_V004	2	96
L29_V004	3	135
L29_V004	4	136
L29_V004	5	270
L29_V004	6	405
L29_V004	7	540
L29_V004	8	570
L29_V004	9	590
L29_V004	10	591
L29_V004	11	592
L29_V004	12	593
L29_V004	13	594
L29_V004	14	595
L29_V004	15	596
L29_V004	16	597
L29_V004	17	598
L29_V004	18	599
L29_V004	19	600
L29_V004	20	601
L29_V004	21	602
L29_V004	22	603
L29_V004	23	658
L29_V004	24	675
L29_V004	25	695
L29_V004	26	696
L29_V004	27	699
L29_V004	28	700
L29_V004	29	703
L29_V004	30	734
L29_V004	31	755
L29_V004	32	779
L29_V004	33	780
L29_V004	34	781
L29_V004	35	782
L29_V004	36	783
L29_V004	37	784
L29_V004	38	785
L29_V004	39	786
L29_V004	40	787
L29_V004	41	788
L29_V004	42	789
L29_V004	43	790
L29_V004	44	802
L29_V004	45	803
L29_V004	46	805
L29_V004	47	810
L29_V004	48	811
L29_V004	49	811
L29_V004	50	840
L29_V004	51	860
L29_V004	52	861
L29_V004	53	869
L29_V004	54	894
L29_V004	55	902
L29_V004	56	902
L29_V004	57	903
L29_V004	58	905
L29_V004	59	906
L29_V004	60	911
L29_V004	61	911
L29_V004	62	944
L29_V004	63	990
L29_V004	64	1036
L29_V004	65	1080
L29_V004	66	1081
L29_V004	67	1145
L29_V004	68	1186
L29_V004	69	1215
L29_V004	70	1244
L29_V004	71	1264
L29_V004	72	1265
L29_V004	73	1266
L29_V004	74	1267
L29_V004	75	1268
L29_V004	76	1269
L29_V004	77	1270
L29_V004	78	1271
L29_V004	79	1272
L29_V004	80	1273
L29_V004	81	1274
L29_V004	82	1275
L29_V004	83	1276
L29_V004	84	1277
L29_V004	85	1278
L29_V004	86	1279
L29_V004	87	1280
L29_V004	88	1281
L29_V004	89	1282
L29_V004	90	1283
L29_V004	91	1284
L29_V004	92	1285
L29_V004	93	1286
L29_V004	94	1307
L29_V004	95	1308
L29_V004	96	1310
L29_V004	97	1316
L29_V004	98	1317
L29_V004	99	1318
L29_V004	100	1319
L29_V004	101	1320
L29_V004	102	1321
L29_V004	103	1322
L29_V004	104	1323
L29_V004	105	1324
L29_V004	106	1325
L29_V004	107	1326
L29_V004	108	1327
L29_V004	109	1328
L29_V004	110	1329
L29_V004	111	1330
L29_V004	112	1331
L29_V004	113	1332
L29_V004	114	1333
L29_V004	115	1334
L29_V004	116	1335
L29_V004	117	1337
L29_V004	118	1338
L29_V004	119	1340
L29_V004	120	1341
L29_V004	121	1345
L29_V004	122	1346
L29_V004	123	1350
L29_V004	124	1365
L29_V004	125	1440
L29_V004	126	1485
L29_V004	127	1532
L29_V004	128	1540
L29_V004	129	1605
L29_V004	130	1620
L29_V004	131	1652
L29_V004	132	1712
L29_V004	133	1755
L29_V004	134	1800
L29_V004	135	1889
L29_V004	136	2025
L29_V004	137	2066
L29_V004	138	2160
L29_V004	139	2191
L29_V004	140	2295
L29_V004	141	2349
L29_V004	142	2430
L29_V004	143	2469
L29_V004	144	2547
L29_V004	145	2565
L29_V004	146	2661
L29_V004	147	2700
L29_V004	148	2798
L29_V004	149	2835
L29_V004	150	2884
L29_V004	151	2963
L29_V004	152	2970
L29_V004	153	2985
L29_V004	154	3061
L29_V004	155	3105
L29_V004	156	3159
L29_V004	157	3173
L29_V004	158	3203
L29_V004	159	3229
L29_V004	160	3240
L29_V004	161	3268
L29_V004	162	3296
L29_V004	163	3329
L29_V004	164	3358
L29_V004	165	3375
L29_V004	166	3389
L29_V004	167	3476
L29_V004	168	3510
L29_V004	169	3579
L29_V004	170	3645
L29_V004	171	3774
L29_V004	172	3779
L29_V004	173	3915
L29_V004	174	3924
L29_V004	175	4024
L29_V004	176	4050
L29_V004	177	4185
L29_V004	178	4307
L29_V004	179	4320
L29_V004	180	4445
L29_V004	181	4455
L29_V004	182	4566
L29_V004	183	4590
L29_V004	184	4602
L29_V004	185	4693
L29_V004	186	4725
L29_V004	187	4766
L29_V004	188	4823
L29_V004	189	4860
L29_V004	190	4862
L29_V004	191	4995
L29_V004	192	5025
L29_V004	193	5078
L29_V004	194	5130
L29_V004	195	5145
L29_V004	196	5265
L29_V004	197	5315
L29_V004	198	5400
L29_V004	199	5403
L29_V004	200	5535
L29_V004	201	5536
L29_V004	202	5610
L29_V004	203	5670
L29_V004	204	5762
L29_V004	205	5805
L29_V004	206	5870
L29_V004	207	5912
L29_V004	208	5940
L29_V004	209	5987
L29_V004	210	6054
L29_V004	211	6075
L29_V004	212	6180
L29_V004	213	6210
L29_V004	214	6213
L29_V004	215	6345
L29_V004	216	6394
L29_V004	217	6444
L29_V004	218	6480
L29_V004	219	6611
L29_V004	220	6615
L29_V004	221	6731
L29_V004	222	6750
L29_V004	223	6827
L29_V004	224	6884
L29_V004	225	6905
L29_V004	226	6976
L29_V004	227	7020
L29_V004	228	7092
L29_V004	229	7155
L29_V004	230	7178
L29_V004	231	7230
L29_V004	232	7290
L29_V004	233	7425
L29_V004	234	7441
L29_V004	235	7541
L29_V004	236	7559
L29_V004	237	7695
L29_V004	238	7709
L29_V004	239	7715
L29_V004	240	7762
L29_V004	241	7789
L29_V004	242	7830
L29_V004	243	7893
L29_V004	244	7965
L29_V004	245	7984
L29_V004	246	8058
L29_V004	247	8100
L29_V004	248	8161
L29_V004	249	8235
L29_V004	250	8305
L29_V004	251	8370
L29_V004	252	8374
L29_V004	253	8430
L29_V004	254	8481
L29_V004	255	8505
L29_V004	256	8586
L29_V004	257	8640
L29_V004	258	8641
L29_V004	259	8758
L29_V004	260	8775
L29_V004	261	8889
L29_V004	262	8910
L29_V004	263	8959
L29_V004	264	9045
L29_V004	265	9058
L29_V004	266	9130
L29_V004	267	9180
L29_V004	268	9236
L29_V004	269	9315
L29_V004	270	9357
L29_V004	271	9450
L29_V004	272	9538
L29_V004	273	9577
L29_V004	274	9585
L29_V004	275	9713
L29_V004	276	9720
L29_V004	277	9764
L29_V004	278	9837
L29_V004	279	9855
L29_V004	280	9896
L29_V004	281	9952
L29_V004	282	9990
L29_V004	283	10012
L29_V004	284	10051
L29_V004	285	10125
L29_V004	286	10227
L29_V004	287	10260
L29_V004	288	10299
L29_V004	289	10340
L29_V004	290	10379
L29_V004	291	10395
L29_V004	292	10523
L29_V004	293	10530
L29_V004	294	10606
L29_V004	295	10665
L29_V004	296	10675
L29_V004	297	10738
L29_V004	298	10800
L29_V004	299	10816
L29_V004	300	10863
L29_V004	301	10898
L29_V004	302	10935
L29_V004	303	11063
L29_V004	304	11070
L29_V004	305	11151
L29_V004	306	11205
L29_V004	307	11277
L29_V004	308	11340
L29_V004	309	11356
L29_V004	310	11390
L29_V004	311	11475
L29_V004	312	11478
L29_V004	313	11504
L29_V004	314	11610
L29_V004	315	11627
L29_V004	316	11736
L29_V004	317	11745
L29_V004	318	11880
L29_V004	319	11992
L29_V004	320	12015
L29_V004	321	12032
L29_V004	322	12080
L29_V004	323	12150
L29_V004	324	12184
L29_V004	325	12244
L29_V004	326	12285
L29_V004	327	12311
L29_V004	328	12350
L29_V004	329	12420
L29_V004	330	12457
L29_V004	331	12555
L29_V004	332	12572
L29_V004	333	12641
L29_V004	334	12690
L29_V004	335	12825
L29_V004	336	12944
L29_V004	337	12951
L29_V004	338	12960
L29_V004	339	13094
L29_V004	340	13230
L29_V004	341	13259
L29_V004	342	13260
L29_V004	343	13261
L29_V004	344	13262
L29_V004	345	13263
L29_V004	346	13263
L29_V004	347	13265
L29_V004	348	13266
L29_V004	349	13266
L29_V004	350	13275
L29_V004	351	13365
L29_V004	352	13438
L29_V004	353	13500
L29_V004	354	13560
L29_V004	355	13635
L29_V004	356	13638
L29_V004	357	13730
L29_V004	358	13769
L29_V004	359	13830
L29_V004	360	13905
L29_V004	361	14040
L29_V004	362	14175
L29_V004	363	14310
L29_V004	364	14444
L29_V004	365	14451
L29_V004	366	14580
L29_V004	367	14665
L29_V004	368	14715
L29_V004	369	14716
L29_V004	370	14718
L29_V004	371	14850
L29_V004	372	14985
L29_V004	373	15072
L29_V004	374	15119
L29_V004	375	15165
L29_V004	376	15172
L29_V004	377	15255
L29_V004	378	15278
L29_V004	379	15390
L29_V004	380	15525
L29_V004	381	15660
L29_V004	382	15724
L29_V004	383	15794
L29_V004	384	15930
L29_V004	385	16065
L29_V004	386	16200
L29_V004	387	16335
L29_V004	388	16470
L29_V004	389	16605
L29_V004	390	16683
L29_V004	391	16684
L29_V004	392	16740
L29_V004	393	16875
L29_V004	394	17010
L29_V004	395	17145
L29_V004	396	17280
L29_V004	397	17415
L29_V004	398	17550
L29_V004	399	17685
L29_V004	400	17820
L29_V004	401	17955
L29_V004	402	18090
L29_V004	403	18117
L29_V004	404	18225
L29_V004	405	18360
L29_V004	406	18495
L29_V004	407	18630
L29_V004	408	18765
L29_V004	409	18900
L29_V004	410	18971
L29_V004	411	19035
L29_V004	412	19170
L29_V004	413	19177
L29_V004	414	19305
L29_V004	415	19440
L29_V004	416	19522
L29_V004	417	19575
L29_V004	418	19650
L29_V004	419	19710
L29_V004	420	19823
L29_V004	421	19845
L29_V004	422	19919
L29_V004	423	19980
L29_V004	424	20105
L29_V004	425	20115
L29_V004	426	20160
L29_V004	427	20185
L29_V004	428	20208
L29_V004	429	20250
L29_V004	430	20321
L29_V004	431	20376
L29_V004	432	20377
L29_V004	433	20378
L29_V004	434	20379
L29_V004	435	20385
L29_V004	436	20412
L29_V004	437	20492
L29_V004	438	20520
L29_V004	439	20595
L29_V004	440	20625
L29_V004	441	20626
L29_V004	442	20629
L29_V004	443	20635
L29_V004	444	20636
L29_V004	445	20640
L29_V004	446	20641
L29_V004	447	20642
L29_V004	448	20643
L29_V004	449	20655
L29_V004	450	20760
L29_V004	451	20783
L29_V004	452	20790
L29_V004	453	20829
L29_V004	454	20878
L29_V004	455	20925
L29_V004	456	20929
L29_V004	457	21060
L29_V004	458	21061
L29_V004	459	21132
L29_V004	460	21195
L29_V004	461	21330
L29_V004	462	21411
L29_V004	463	21465
L29_V004	464	21541
L29_V004	465	21600
L29_V004	466	21630
L29_V004	467	21735
L29_V004	468	21870
L29_V004	469	21913
L29_V004	470	22005
L29_V004	471	22047
L29_V004	472	22104
L29_V004	473	22140
L29_V004	474	22260
L29_V004	475	22275
L29_V004	476	22410
L29_V004	477	22428
L29_V004	478	22545
L29_V004	479	22680
L29_V004	480	22741
L29_V004	481	22815
L29_V004	482	22818
L29_V004	483	22819
L29_V004	484	22820
L29_V004	485	22821
L29_V004	486	22822
L29_V004	487	22823
L29_V004	488	22824
L29_V004	489	22825
L29_V004	490	22826
L29_V004	491	22827
L29_V004	492	22828
L29_V004	493	22829
L29_V004	494	22830
L29_V004	495	22831
L29_V004	496	22832
L29_V004	497	22833
L29_V004	498	22834
L29_V004	499	22835
L29_V004	500	22836
L29_V004	501	22950
L29_V004	502	22983
L29_V004	503	23085
L29_V004	504	23160
L29_V004	505	23220
L29_V004	506	23260
L29_V004	507	23355
L29_V004	508	23490
L29_V004	509	23625
L29_V004	510	23757
L29_V004	511	23760
L29_V004	512	23895
L29_V004	513	23928
L29_V004	514	24030
L29_V004	515	24091
L29_V004	516	24165
L29_V004	517	24242
L29_V004	518	24300
L29_V004	519	24391
L29_V004	520	24435
L29_V004	521	24570
L29_V004	522	24630
L29_V004	523	24705
L29_V004	524	24765
L29_V004	525	24840
L29_V004	526	24975
L29_V004	527	25050
L29_V004	528	25110
L29_V004	529	25126
L29_V004	530	25204
L29_V004	531	25245
L29_V004	532	25380
L29_V004	533	25385
L29_V004	534	25447
L29_V004	535	25483
L29_V004	536	25515
L29_V004	537	25539
L29_V004	538	25582
L29_V004	539	25642
L29_V004	540	25650
L29_V004	541	25689
L29_V004	542	25733
L29_V004	543	25785
L29_V004	544	25894
L29_V004	545	25920
L29_V004	546	25947
L29_V004	547	26005
L29_V004	548	26055
L29_V004	549	26189
L29_V004	550	26214
L29_V004	551	26305
L29_V004	552	26325
L29_V004	553	26347
L29_V004	554	26402
L29_V004	555	26460
L29_V004	556	26595
L29_V004	557	26730
L29_V005	1	0
L29_V005	2	96
L29_V005	3	135
L29_V005	4	136
L29_V005	5	270
L29_V005	6	405
L29_V005	7	540
L29_V005	8	570
L29_V005	9	590
L29_V005	10	591
L29_V005	11	592
L29_V005	12	593
L29_V005	13	594
L29_V005	14	596
L29_V005	15	597
L29_V005	16	598
L29_V005	17	599
L29_V005	18	600
L29_V005	19	601
L29_V005	20	602
L29_V005	21	603
L29_V005	22	604
L29_V005	23	658
L29_V005	24	675
L29_V005	25	695
L29_V005	26	696
L29_V005	27	699
L29_V005	28	700
L29_V005	29	703
L29_V005	30	704
L29_V005	31	705
L29_V005	32	709
L29_V005	33	734
L29_V005	34	755
L29_V005	35	776
L29_V005	36	779
L29_V005	37	780
L29_V005	38	781
L29_V005	39	782
L29_V005	40	783
L29_V005	41	784
L29_V005	42	785
L29_V005	43	786
L29_V005	44	788
L29_V005	45	789
L29_V005	46	790
L29_V005	47	802
L29_V005	48	803
L29_V005	49	806
L29_V005	50	810
L29_V005	51	840
L29_V005	52	860
L29_V005	53	861
L29_V005	54	869
L29_V005	55	894
L29_V005	56	902
L29_V005	57	902
L29_V005	58	903
L29_V005	59	905
L29_V005	60	906
L29_V005	61	911
L29_V005	62	911
L29_V005	63	944
L29_V005	64	990
L29_V005	65	1036
L29_V005	66	1080
L29_V005	67	1081
L29_V005	68	1145
L29_V005	69	1186
L29_V005	70	1215
L29_V005	71	1244
L29_V005	72	1264
L29_V005	73	1265
L29_V005	74	1266
L29_V005	75	1267
L29_V005	76	1268
L29_V005	77	1269
L29_V005	78	1270
L29_V005	79	1271
L29_V005	80	1272
L29_V005	81	1273
L29_V005	82	1274
L29_V005	83	1275
L29_V005	84	1276
L29_V005	85	1277
L29_V005	86	1278
L29_V005	87	1279
L29_V005	88	1280
L29_V005	89	1281
L29_V005	90	1282
L29_V005	91	1283
L29_V005	92	1284
L29_V005	93	1285
L29_V005	94	1286
L29_V005	95	1307
L29_V005	96	1308
L29_V005	97	1316
L29_V005	98	1317
L29_V005	99	1318
L29_V005	100	1319
L29_V005	101	1320
L29_V005	102	1321
L29_V005	103	1322
L29_V005	104	1323
L29_V005	105	1324
L29_V005	106	1325
L29_V005	107	1326
L29_V005	108	1327
L29_V005	109	1328
L29_V005	110	1329
L29_V005	111	1330
L29_V005	112	1331
L29_V005	113	1332
L29_V005	114	1333
L29_V005	115	1334
L29_V005	116	1335
L29_V005	117	1337
L29_V005	118	1338
L29_V005	119	1340
L29_V005	120	1341
L29_V005	121	1342
L29_V005	122	1345
L29_V005	123	1346
L29_V005	124	1350
L29_V005	125	1365
L29_V005	126	1440
L29_V005	127	1485
L29_V005	128	1522
L29_V005	129	1532
L29_V005	130	1540
L29_V005	131	1605
L29_V005	132	1620
L29_V005	133	1652
L29_V005	134	1712
L29_V005	135	1755
L29_V005	136	1800
L29_V005	137	1889
L29_V005	138	2025
L29_V005	139	2066
L29_V005	140	2160
L29_V005	141	2295
L29_V005	142	2430
L29_V005	143	2432
L29_V005	144	2475
L29_V005	145	2477
L29_V005	146	2479
L29_V005	147	2480
L29_V005	148	2481
L29_V005	149	2522
L29_V005	150	2565
L29_V005	151	2700
L29_V005	152	2824
L29_V005	153	2835
L29_V005	154	2849
L29_V005	155	2918
L29_V005	156	2970
L29_V005	157	3105
L29_V005	158	3240
L29_V005	159	3254
L29_V005	160	3304
L29_V005	161	3375
L29_V005	162	3393
L29_V005	163	3435
L29_V005	164	3510
L29_V005	165	3544
L29_V005	166	3602
L29_V005	167	3645
L29_V005	168	3677
L29_V005	169	3750
L29_V005	170	3779
L29_V005	171	3828
L29_V005	172	3915
L29_V005	173	3994
L29_V005	174	4050
L29_V005	175	4115
L29_V005	176	4173
L29_V005	177	4185
L29_V005	178	4266
L29_V005	179	4320
L29_V005	180	4455
L29_V005	181	4504
L29_V005	182	4590
L29_V005	183	4725
L29_V005	184	4747
L29_V005	185	4860
L29_V005	186	4995
L29_V005	187	5130
L29_V005	188	5265
L29_V005	189	5400
L29_V005	190	5417
L29_V005	191	5535
L29_V005	192	5596
L29_V005	193	5657
L29_V005	194	5670
L29_V005	195	5743
L29_V005	196	5805
L29_V005	197	5842
L29_V005	198	5940
L29_V005	199	6075
L29_V005	200	6081
L29_V005	201	6206
L29_V005	202	6210
L29_V005	203	6345
L29_V005	204	6480
L29_V005	205	6615
L29_V005	206	6669
L29_V005	207	6750
L29_V005	208	6791
L29_V005	209	6884
L29_V005	210	7020
L29_V005	211	7034
L29_V005	212	7155
L29_V005	213	7168
L29_V005	214	7290
L29_V005	215	7352
L29_V005	216	7425
L29_V005	217	7537
L29_V005	218	7559
L29_V005	219	7667
L29_V005	220	7695
L29_V005	221	7830
L29_V005	222	7894
L29_V005	223	7934
L29_V005	224	7965
L29_V005	225	7981
L29_V005	226	8023
L29_V005	227	8100
L29_V005	228	8235
L29_V005	229	8245
L29_V005	230	8370
L29_V005	231	8377
L29_V005	232	8505
L29_V005	233	8640
L29_V005	234	8775
L29_V005	235	8901
L29_V005	236	8910
L29_V005	237	9045
L29_V005	238	9175
L29_V005	239	9180
L29_V005	240	9291
L29_V005	241	9315
L29_V005	242	9362
L29_V005	243	9450
L29_V005	244	9585
L29_V005	245	9720
L29_V005	246	9786
L29_V005	247	9855
L29_V005	248	9956
L29_V005	249	9990
L29_V005	250	10125
L29_V005	251	10193
L29_V005	252	10260
L29_V005	253	10342
L29_V005	254	10395
L29_V005	255	10442
L29_V005	256	10530
L29_V005	257	10585
L29_V005	258	10665
L29_V005	259	10709
L29_V005	260	10800
L29_V005	261	10805
L29_V005	262	10904
L29_V005	263	10935
L29_V005	264	10952
L29_V005	265	11017
L29_V005	266	11070
L29_V005	267	11119
L29_V005	268	11205
L29_V005	269	11340
L29_V005	270	11405
L29_V005	271	11475
L29_V005	272	11542
L29_V005	273	11610
L29_V005	274	11745
L29_V005	275	11824
L29_V005	276	11880
L29_V005	277	12015
L29_V005	278	12150
L29_V005	279	12285
L29_V005	280	12336
L29_V005	281	12420
L29_V005	282	12512
L29_V005	283	12555
L29_V005	284	12690
L29_V005	285	12753
L29_V005	286	12825
L29_V005	287	12938
L29_V005	288	12960
L29_V005	289	13094
L29_V005	290	13144
L29_V005	291	13230
L29_V005	292	13336
L29_V005	293	13365
L29_V005	294	13408
L29_V005	295	13500
L29_V005	296	13538
L29_V005	297	13635
L29_V005	298	13766
L29_V005	299	13769
L29_V005	300	13905
L29_V005	301	13986
L29_V005	302	14040
L29_V005	303	14175
L29_V005	304	14310
L29_V005	305	14444
L29_V005	306	14472
L29_V005	307	14580
L29_V005	308	14652
L29_V005	309	14715
L29_V005	310	14788
L29_V005	311	14850
L29_V005	312	14913
L29_V005	313	14985
L29_V005	314	14994
L29_V005	315	15119
L29_V005	316	15179
L29_V005	317	15255
L29_V005	318	15390
L29_V005	319	15525
L29_V005	320	15618
L29_V005	321	15660
L29_V005	322	15794
L29_V005	323	15812
L29_V005	324	15930
L29_V005	325	16044
L29_V005	326	16065
L29_V005	327	16200
L29_V005	328	16335
L29_V005	329	16470
L29_V005	330	16605
L29_V005	331	16740
L29_V005	332	16818
L29_V005	333	16875
L29_V005	334	16885
L29_V005	335	17010
L29_V005	336	17145
L29_V005	337	17179
L29_V005	338	17258
L29_V005	339	17280
L29_V005	340	17415
L29_V005	341	17509
L29_V005	342	17550
L29_V005	343	17585
L29_V005	344	17653
L29_V005	345	17685
L29_V005	346	17754
L29_V005	347	17808
L29_V005	348	17820
L29_V005	349	17857
L29_V005	350	17955
L29_V005	351	17972
L29_V005	352	18062
L29_V005	353	18090
L29_V005	354	18184
L29_V005	355	18225
L29_V005	356	18289
L29_V005	357	18341
L29_V005	358	18360
L29_V005	359	18399
L29_V005	360	18451
L29_V005	361	18495
L29_V005	362	18508
L29_V005	363	18569
L29_V005	364	18630
L29_V005	365	18656
L29_V005	366	18729
L29_V005	367	18765
L29_V005	368	18900
L29_V005	369	19035
L29_V005	370	19148
L29_V005	371	19170
L29_V005	372	19221
L29_V005	373	19305
L29_V005	374	19385
L29_V005	375	19440
L29_V005	376	19575
L29_V005	377	19613
L29_V005	378	19681
L29_V005	379	19710
L29_V005	380	19845
L29_V005	381	19860
L29_V005	382	19964
L29_V005	383	19980
L29_V005	384	20014
L29_V005	385	20073
L29_V005	386	20115
L29_V005	387	20148
L29_V005	388	20239
L29_V005	389	20250
L29_V005	390	20385
L29_V005	391	20520
L29_V005	392	20528
L29_V005	393	20655
L29_V005	394	20667
L29_V005	395	20708
L29_V005	396	20763
L29_V005	397	20787
L29_V005	398	20790
L29_V005	399	20867
L29_V005	400	20925
L29_V005	401	20954
L29_V005	402	21027
L29_V005	403	21060
L29_V005	404	21171
L29_V005	405	21195
L29_V005	406	21284
L29_V005	407	21330
L29_V005	408	21375
L29_V005	409	21465
L29_V005	410	21487
L29_V005	411	21600
L29_V005	412	21614
L29_V005	413	21735
L29_V005	414	21794
L29_V005	415	21870
L29_V005	416	22005
L29_V005	417	22071
L29_V005	418	22140
L29_V005	419	22233
L29_V005	420	22275
L29_V005	421	22410
L29_V005	422	22452
L29_V005	423	22545
L29_V005	424	22567
L29_V005	425	22680
L29_V005	426	22725
L29_V005	427	22815
L29_V005	428	22905
L29_V005	429	22950
L29_V005	430	22972
L29_V005	431	23085
L29_V005	432	23220
L29_V005	433	23355
L29_V005	434	23471
L29_V005	435	23490
L29_V005	436	23525
L29_V005	437	23574
L29_V005	438	23625
L29_V005	439	23629
L29_V005	440	23760
L29_V005	441	23810
L29_V005	442	23895
L29_V005	443	23964
L29_V005	444	24030
L29_V005	445	24034
L29_V005	446	24112
L29_V005	447	24165
L29_V005	448	24261
L29_V005	449	24300
L29_V005	450	24435
L29_V005	451	24570
L29_V005	452	24705
L29_V005	453	24840
L29_V005	454	24847
L29_V005	455	24921
L29_V005	456	24975
L29_V005	457	25049
L29_V005	458	25110
L29_V005	459	25245
L29_V005	460	25303
L29_V005	461	25380
L29_V005	462	25506
L29_V005	463	25515
L29_V005	464	25650
L29_V005	465	25785
L29_V005	466	25879
L29_V005	467	25920
L29_V005	468	26055
L29_V005	469	26189
L29_V005	470	26311
L29_V005	471	26325
L29_V005	472	26460
L29_V005	473	26595
L29_V006	1	0
L29_V006	2	96
L29_V006	3	135
L29_V006	4	136
L29_V006	5	270
L29_V006	6	405
L29_V006	7	540
L29_V006	8	570
L29_V006	9	599
L29_V006	10	600
L29_V006	11	658
L29_V006	12	675
L29_V006	13	734
L29_V006	14	755
L29_V006	15	789
L29_V006	16	790
L29_V006	17	810
L29_V006	18	825
L29_V006	19	840
L29_V006	20	894
L29_V006	21	894
L29_V006	22	902
L29_V006	23	911
L29_V006	24	944
L29_V006	25	1036
L29_V006	26	1080
L29_V006	27	1081
L29_V006	28	1145
L29_V006	29	1186
L29_V006	30	1215
L29_V006	31	1244
L29_V006	32	1264
L29_V006	33	1265
L29_V006	34	1266
L29_V006	35	1275
L29_V006	36	1276
L29_V006	37	1277
L29_V006	38	1286
L29_V006	39	1308
L29_V006	40	1316
L29_V006	41	1317
L29_V006	42	1318
L29_V006	43	1319
L29_V006	44	1320
L29_V006	45	1321
L29_V006	46	1322
L29_V006	47	1323
L29_V006	48	1324
L29_V006	49	1325
L29_V006	50	1327
L29_V006	51	1328
L29_V006	52	1329
L29_V006	53	1330
L29_V006	54	1331
L29_V006	55	1335
L29_V006	56	1341
L29_V006	57	1345
L29_V006	58	1346
L29_V006	59	1350
L29_V006	60	1365
L29_V006	61	1440
L29_V006	62	1485
L29_V006	63	1532
L29_V006	64	1539
L29_V006	65	1540
L29_V006	66	1605
L29_V006	67	1620
L29_V006	68	1652
L29_V006	69	1712
L29_V006	70	1755
L29_V006	71	1800
L29_V006	72	1889
L29_V006	73	2025
L29_V006	74	2066
L29_V006	75	2160
L29_V006	76	2295
L29_V006	77	2430
L29_V006	78	2565
L29_V006	79	2700
L29_V006	80	2779
L29_V006	81	2835
L29_V006	82	2970
L29_V006	83	3024
L29_V006	84	3051
L29_V006	85	3075
L29_V006	86	3105
L29_V006	87	3130
L29_V006	88	3194
L29_V006	89	3240
L29_V006	90	3306
L29_V006	91	3375
L29_V006	92	3489
L29_V006	93	3510
L29_V006	94	3621
L29_V006	95	3645
L29_V006	96	3695
L29_V006	97	3779
L29_V006	98	3915
L29_V006	99	4050
L29_V006	100	4170
L29_V006	101	4185
L29_V006	102	4217
L29_V006	103	4290
L29_V006	104	4320
L29_V006	105	4431
L29_V006	106	4455
L29_V006	107	4510
L29_V006	108	4590
L29_V006	109	4707
L29_V006	110	4725
L29_V006	111	4756
L29_V006	112	4847
L29_V006	113	4860
L29_V006	114	4952
L29_V006	115	4995
L29_V006	116	5046
L29_V006	117	5130
L29_V006	118	5143
L29_V006	119	5219
L29_V006	120	5265
L29_V006	121	5360
L29_V006	122	5400
L29_V006	123	5535
L29_V006	124	5596
L29_V006	125	5670
L29_V006	126	5718
L29_V006	127	5805
L29_V006	128	5940
L29_V006	129	6075
L29_V006	130	6210
L29_V006	131	6345
L29_V006	132	6480
L29_V006	133	6545
L29_V006	134	6606
L29_V006	135	6615
L29_V006	136	6750
L29_V006	137	6828
L29_V006	138	6884
L29_V006	139	6958
L29_V006	140	7020
L29_V006	141	7048
L29_V006	142	7155
L29_V006	143	7190
L29_V006	144	7290
L29_V006	145	7425
L29_V006	146	7528
L29_V006	147	7559
L29_V006	148	7695
L29_V006	149	7754
L29_V006	150	7830
L29_V006	151	7965
L29_V006	152	7975
L29_V006	153	8064
L29_V006	154	8100
L29_V006	155	8136
L29_V006	156	8200
L29_V006	157	8235
L29_V006	158	8284
L29_V006	159	8370
L29_V006	160	8377
L29_V006	161	8494
L29_V006	162	8505
L29_V006	163	8640
L29_V006	164	8762
L29_V006	165	8775
L29_V006	166	8811
L29_V006	167	8862
L29_V006	168	8910
L29_V006	169	8920
L29_V006	170	9045
L29_V006	171	9180
L29_V006	172	9315
L29_V006	173	9450
L29_V006	174	9585
L29_V006	175	9696
L29_V006	176	9720
L29_V006	177	9763
L29_V006	178	9827
L29_V006	179	9855
L29_V006	180	9895
L29_V006	181	9970
L29_V006	182	9990
L29_V006	183	10097
L29_V006	184	10125
L29_V006	185	10260
L29_V006	186	10395
L29_V006	187	10530
L29_V006	188	10546
L29_V006	189	10665
L29_V006	190	10731
L29_V006	191	10800
L29_V006	192	10803
L29_V006	193	10880
L29_V006	194	10935
L29_V006	195	10937
L29_V006	196	11070
L29_V006	197	11205
L29_V006	198	11327
L29_V006	199	11340
L29_V006	200	11449
L29_V006	201	11475
L29_V006	202	11497
L29_V006	203	11550
L29_V006	204	11579
L29_V006	205	11610
L29_V006	206	11622
L29_V006	207	11655
L29_V006	208	11724
L29_V006	209	11745
L29_V006	210	11880
L29_V006	211	12015
L29_V006	212	12150
L29_V006	213	12156
L29_V006	214	12285
L29_V006	215	12420
L29_V006	216	12555
L29_V006	217	12559
L29_V006	218	12690
L29_V006	219	12722
L29_V006	220	12825
L29_V006	221	12907
L29_V006	222	12960
L29_V006	223	13041
L29_V006	224	13094
L29_V006	225	13097
L29_V006	226	13230
L29_V006	227	13304
L29_V006	228	13365
L29_V006	229	13500
L29_V006	230	13532
L29_V006	231	13635
L29_V006	232	13769
L29_V006	233	13905
L29_V006	234	14021
L29_V006	235	14040
L29_V006	236	14175
L29_V006	237	14310
L29_V006	238	14394
L29_V006	239	14444
L29_V006	240	14505
L29_V006	241	14580
L29_V006	242	14628
L29_V006	243	14715
L29_V006	244	14815
L29_V006	245	14850
L29_V006	246	14912
L29_V006	247	14985
L29_V006	248	14997
L29_V006	249	15053
L29_V006	250	15119
L29_V006	251	15133
L29_V006	252	15191
L29_V006	253	15255
L29_V006	254	15287
L29_V006	255	15354
L29_V006	256	15390
L29_V006	257	15465
L29_V006	258	15503
L29_V006	259	15525
L29_V006	260	15576
L29_V006	261	15660
L29_V006	262	15676
L29_V006	263	15722
L29_V006	264	15794
L29_V006	265	15930
L29_V006	266	16065
L29_V006	267	16200
L29_V006	268	16335
L29_V006	269	16470
L29_V006	270	16493
L29_V006	271	16605
L29_V006	272	16727
L29_V006	273	16740
L29_V006	274	16805
L29_V006	275	16875
L29_V006	276	16896
L29_V006	277	17010
L29_V006	278	17018
L29_V006	279	17145
L29_V006	280	17280
L29_V006	281	17295
L29_V006	282	17341
L29_V006	283	17415
L29_V006	284	17419
L29_V006	285	17547
L29_V006	286	17550
L29_V006	287	17594
L29_V006	288	17627
L29_V006	289	17685
L29_V006	290	17698
L29_V006	291	17724
L29_V006	292	17779
L29_V006	293	17820
L29_V006	294	17867
L29_V006	295	17914
L29_V006	296	17955
L29_V006	297	17968
L29_V006	298	18029
L29_V006	299	18090
L29_V006	300	18121
L29_V006	301	18225
L29_V006	302	18316
L29_V006	303	18360
L29_V006	304	18495
L29_V006	305	18579
L29_V006	306	18630
L29_V006	307	18660
L29_V006	308	18765
L29_V006	309	18783
L29_V006	310	18876
L29_V006	311	18900
L29_V006	312	18994
L29_V006	313	19035
L29_V006	314	19057
L29_V006	315	19141
L29_V006	316	19170
L29_V006	317	19305
L29_V006	318	19440
L29_V006	319	19537
L29_V006	320	19575
L29_V006	321	19710
L29_V006	322	19845
L29_V006	323	19980
L29_V006	324	20115
L29_V006	325	20250
L29_V006	326	20385
L29_V006	327	20386
L29_V006	328	20394
L29_V006	329	20520
L29_V006	330	20655
L29_V006	331	20712
L29_V006	332	20790
L29_V006	333	20794
L29_V006	334	20875
L29_V006	335	20925
L29_V006	336	20942
L29_V006	337	21038
L29_V006	338	21060
L29_V006	339	21120
L29_V006	340	21195
L29_V006	341	21330
L29_V006	342	21465
L29_V006	343	21507
L29_V006	344	21600
L29_V006	345	21735
L29_V006	346	21821
L29_V006	347	21870
L29_V006	348	21994
L29_V006	349	22005
L29_V006	350	22140
L29_V006	351	22145
L29_V006	352	22275
L29_V006	353	22342
L29_V006	354	22395
L29_V006	355	22410
L29_V006	356	22475
L29_V006	357	22545
L29_V006	358	22628
L29_V006	359	22680
L29_V006	360	22815
L29_V006	361	22950
L29_V006	362	23075
L29_V006	363	23085
L29_V006	364	23220
L29_V006	365	23355
L29_V006	366	23377
L29_V006	367	23490
L29_V006	368	23625
L29_V006	369	23741
L29_V006	370	23760
L29_V006	371	23820
L29_V006	372	23895
L29_V006	373	23935
L29_V006	374	23984
L29_V006	375	24030
L29_V006	376	24165
L29_V006	377	24300
L29_V006	378	24435
L29_V006	379	24570
L29_V006	380	24574
L29_V006	381	24705
L29_V006	382	24722
L29_V006	383	24786
L29_V006	384	24840
L29_V006	385	24860
L29_V006	386	24936
L29_V006	387	24975
L29_V006	388	24984
L29_V006	389	25087
L29_V006	390	25110
L29_V006	391	25245
L29_V006	392	25380
L29_V006	393	25515
L29_V006	394	25650
L29_V006	395	25670
L29_V006	396	25745
L29_V006	397	25785
L29_V006	398	25812
L29_V006	399	25870
L29_V006	400	25920
L29_V006	401	26055
L29_V006	402	26189
L29_V006	403	26325
L29_V006	404	26368
L29_V006	405	26460
L29_V006	406	26493
L29_V006	407	26595
L29_V006	408	26730
L29_V012	1	0
L29_V012	2	96
L29_V012	3	135
L29_V012	4	136
L29_V012	5	270
L29_V012	6	405
L29_V012	7	540
L29_V012	8	570
L29_V012	9	590
L29_V012	10	591
L29_V012	11	592
L29_V012	12	593
L29_V012	13	594
L29_V012	14	596
L29_V012	15	597
L29_V012	16	598
L29_V012	17	599
L29_V012	18	600
L29_V012	19	601
L29_V012	20	602
L29_V012	21	603
L29_V012	22	658
L29_V012	23	675
L29_V012	24	695
L29_V012	25	699
L29_V012	26	700
L29_V012	27	703
L29_V012	28	704
L29_V012	29	705
L29_V012	30	734
L29_V012	31	755
L29_V012	32	776
L29_V012	33	779
L29_V012	34	780
L29_V012	35	781
L29_V012	36	782
L29_V012	37	783
L29_V012	38	784
L29_V012	39	785
L29_V012	40	786
L29_V012	41	787
L29_V012	42	788
L29_V012	43	789
L29_V012	44	790
L29_V012	45	802
L29_V012	46	803
L29_V012	47	805
L29_V012	48	806
L29_V012	49	810
L29_V012	50	811
L29_V012	51	840
L29_V012	52	860
L29_V012	53	861
L29_V012	54	869
L29_V012	55	894
L29_V012	56	902
L29_V012	57	902
L29_V012	58	903
L29_V012	59	905
L29_V012	60	906
L29_V012	61	911
L29_V012	62	911
L29_V012	63	944
L29_V012	64	990
L29_V012	65	1036
L29_V012	66	1080
L29_V012	67	1081
L29_V012	68	1145
L29_V012	69	1186
L29_V012	70	1215
L29_V012	71	1244
L29_V012	72	1264
L29_V012	73	1265
L29_V012	74	1266
L29_V012	75	1267
L29_V012	76	1268
L29_V012	77	1269
L29_V012	78	1270
L29_V012	79	1271
L29_V012	80	1272
L29_V012	81	1273
L29_V012	82	1274
L29_V012	83	1275
L29_V012	84	1276
L29_V012	85	1277
L29_V012	86	1278
L29_V012	87	1279
L29_V012	88	1280
L29_V012	89	1281
L29_V012	90	1282
L29_V012	91	1283
L29_V012	92	1284
L29_V012	93	1285
L29_V012	94	1286
L29_V012	95	1307
L29_V012	96	1308
L29_V012	97	1316
L29_V012	98	1317
L29_V012	99	1318
L29_V012	100	1319
L29_V012	101	1320
L29_V012	102	1321
L29_V012	103	1322
L29_V012	104	1323
L29_V012	105	1324
L29_V012	106	1325
L29_V012	107	1326
L29_V012	108	1327
L29_V012	109	1328
L29_V012	110	1329
L29_V012	111	1330
L29_V012	112	1331
L29_V012	113	1332
L29_V012	114	1333
L29_V012	115	1334
L29_V012	116	1335
L29_V012	117	1337
L29_V012	118	1338
L29_V012	119	1340
L29_V012	120	1341
L29_V012	121	1342
L29_V012	122	1345
L29_V012	123	1346
L29_V012	124	1350
L29_V012	125	1365
L29_V012	126	1440
L29_V012	127	1485
L29_V012	128	1522
L29_V012	129	1532
L29_V012	130	1540
L29_V012	131	1605
L29_V012	132	1620
L29_V012	133	1652
L29_V012	134	1712
L29_V012	135	1755
L29_V012	136	1800
L29_V012	137	1889
L29_V012	138	2025
L29_V012	139	2066
L29_V012	140	2160
L29_V012	141	2295
L29_V012	142	2430
L29_V012	143	2516
L29_V012	144	2565
L29_V012	145	2597
L29_V012	146	2688
L29_V012	147	2700
L29_V012	148	2835
L29_V012	149	2940
L29_V012	150	2970
L29_V012	151	3105
L29_V012	152	3240
L29_V012	153	3375
L29_V012	154	3504
L29_V012	155	3510
L29_V012	156	3606
L29_V012	157	3645
L29_V012	158	3765
L29_V012	159	3767
L29_V012	160	3768
L29_V012	161	3779
L29_V012	162	3915
L29_V012	163	3975
L29_V012	164	4050
L29_V012	165	4185
L29_V012	166	4320
L29_V012	167	4455
L29_V012	168	4590
L29_V012	169	4725
L29_V012	170	4820
L29_V012	171	4860
L29_V012	172	4916
L29_V012	173	4992
L29_V012	174	4995
L29_V012	175	5083
L29_V012	176	5130
L29_V012	177	5249
L29_V012	178	5265
L29_V012	179	5400
L29_V012	180	5474
L29_V012	181	5475
L29_V012	182	5476
L29_V012	183	5478
L29_V012	184	5479
L29_V012	185	5535
L29_V012	186	5670
L29_V012	187	5676
L29_V012	188	5790
L29_V012	189	5805
L29_V012	190	5940
L29_V012	191	6024
L29_V012	192	6075
L29_V012	193	6109
L29_V012	194	6187
L29_V012	195	6210
L29_V012	196	6325
L29_V012	197	6345
L29_V012	198	6398
L29_V012	199	6480
L29_V012	200	6615
L29_V012	201	6652
L29_V012	202	6708
L29_V012	203	6750
L29_V012	204	6786
L29_V012	205	6884
L29_V012	206	7020
L29_V012	207	7043
L29_V012	208	7155
L29_V012	209	7290
L29_V012	210	7425
L29_V012	211	7559
L29_V012	212	7695
L29_V012	213	7830
L29_V012	214	7965
L29_V012	215	8043
L29_V012	216	8092
L29_V012	217	8100
L29_V012	218	8152
L29_V012	219	8235
L29_V012	220	8302
L29_V012	221	8370
L29_V012	222	8470
L29_V012	223	8505
L29_V012	224	8640
L29_V012	225	8750
L29_V012	226	8775
L29_V012	227	8910
L29_V012	228	8922
L29_V012	229	9031
L29_V012	230	9045
L29_V012	231	9121
L29_V012	232	9180
L29_V012	233	9265
L29_V012	234	9315
L29_V012	235	9395
L29_V012	236	9450
L29_V012	237	9462
L29_V012	238	9516
L29_V012	239	9517
L29_V012	240	9519
L29_V012	241	9541
L29_V012	242	9585
L29_V012	243	9646
L29_V012	244	9720
L29_V012	245	9735
L29_V012	246	9793
L29_V012	247	9855
L29_V012	248	9865
L29_V012	249	9972
L29_V012	250	9990
L29_V012	251	10050
L29_V012	252	10125
L29_V012	253	10256
L29_V012	254	10260
L29_V012	255	10395
L29_V012	256	10419
L29_V012	257	10530
L29_V012	258	10628
L29_V012	259	10665
L29_V012	260	10800
L29_V012	261	10807
L29_V012	262	10887
L29_V012	263	10935
L29_V012	264	10985
L29_V012	265	11070
L29_V012	266	11120
L29_V012	267	11205
L29_V012	268	11340
L29_V012	269	11475
L29_V012	270	11610
L29_V012	271	11685
L29_V012	272	11686
L29_V012	273	11687
L29_V012	274	11745
L29_V012	275	11880
L29_V012	276	12015
L29_V012	277	12144
L29_V012	278	12150
L29_V012	279	12246
L29_V012	280	12285
L29_V012	281	12347
L29_V012	282	12420
L29_V012	283	12426
L29_V012	284	12555
L29_V012	285	12568
L29_V012	286	12661
L29_V012	287	12690
L29_V012	288	12796
L29_V012	289	12825
L29_V012	290	12960
L29_V012	291	13094
L29_V012	292	13115
L29_V012	293	13230
L29_V012	294	13258
L29_V012	295	13365
L29_V012	296	13397
L29_V012	297	13500
L29_V012	298	13516
L29_V012	299	13597
L29_V012	300	13635
L29_V012	301	13769
L29_V012	302	13905
L29_V012	303	14040
L29_V012	304	14093
L29_V012	305	14172
L29_V012	306	14175
L29_V012	307	14310
L29_V012	308	14444
L29_V012	309	14580
L29_V012	310	14715
L29_V012	311	14850
L29_V012	312	14985
L29_V012	313	14991
L29_V012	314	15086
L29_V012	315	15119
L29_V012	316	15255
L29_V012	317	15274
L29_V012	318	15383
L29_V012	319	15390
L29_V012	320	15525
L29_V012	321	15656
L29_V012	322	15660
L29_V012	323	15788
L29_V012	324	15794
L29_V012	325	15919
L29_V012	326	15930
L29_V012	327	16065
L29_V012	328	16200
L29_V012	329	16335
L29_V012	330	16470
L29_V012	331	16605
L29_V012	332	16740
L29_V012	333	16831
L29_V012	334	16832
L29_V012	335	16833
L29_V012	336	16834
L29_V012	337	16875
L29_V012	338	16987
L29_V012	339	17010
L29_V012	340	17145
L29_V012	341	17240
L29_V012	342	17280
L29_V012	343	17415
L29_V012	344	17550
L29_V012	345	17656
L29_V012	346	17685
L29_V012	347	17820
L29_V012	348	17840
L29_V012	349	17950
L29_V012	350	17955
L29_V012	351	18090
L29_V012	352	18157
L29_V012	353	18225
L29_V012	354	18360
L29_V012	355	18495
L29_V012	356	18554
L29_V012	357	18630
L29_V012	358	18765
L29_V012	359	18839
L29_V012	360	18900
L29_V012	361	19013
L29_V012	362	19035
L29_V012	363	19170
L29_V012	364	19281
L29_V012	365	19305
L29_V012	366	19440
L29_V012	367	19571
L29_V012	368	19575
L29_V012	369	19626
L29_V012	370	19710
L29_V012	371	19817
L29_V012	372	19845
L29_V012	373	19927
L29_V012	374	19980
L29_V012	375	20115
L29_V012	376	20250
L29_V012	377	20385
L29_V012	378	20520
L29_V012	379	20655
L29_V012	380	20790
L29_V012	381	20925
L29_V012	382	20988
L29_V012	383	21023
L29_V012	384	21060
L29_V012	385	21180
L29_V012	386	21195
L29_V012	387	21330
L29_V012	388	21382
L29_V012	389	21465
L29_V012	390	21600
L29_V012	391	21654
L29_V012	392	21735
L29_V012	393	21870
L29_V012	394	21923
L29_V012	395	22005
L29_V012	396	22124
L29_V012	397	22140
L29_V012	398	22275
L29_V012	399	22410
L29_V012	400	22545
L29_V012	401	22680
L29_V012	402	22815
L29_V012	403	22862
L29_V012	404	22950
L29_V012	405	23038
L29_V012	406	23085
L29_V012	407	23142
L29_V012	408	23220
L29_V012	409	23338
L29_V012	410	23355
L29_V012	411	23444
L29_V012	412	23490
L29_V012	413	23590
L29_V012	414	23625
L29_V012	415	23760
L29_V012	416	23766
L29_V012	417	23834
L29_V012	418	23895
L29_V012	419	23898
L29_V012	420	23983
L29_V012	421	24030
L29_V012	422	24038
L29_V012	423	24165
L29_V012	424	24300
L29_V012	425	24435
L29_V012	426	24553
L29_V012	427	24570
L29_V012	428	24705
L29_V012	429	24840
L29_V012	430	24975
L29_V012	431	25110
L29_V012	432	25154
L29_V012	433	25245
L29_V012	434	25279
L29_V012	435	25380
L29_V012	436	25453
L29_V012	437	25515
L29_V012	438	25650
L29_V012	439	25785
L29_V012	440	25920
L29_V012	441	25939
L29_V012	442	26006
L29_V012	443	26055
L29_V012	444	26098
L29_V012	445	26189
L29_V012	446	26325
L29_V013	1	0
L29_V013	2	96
L29_V013	3	135
L29_V013	4	136
L29_V013	5	270
L29_V013	6	405
L29_V013	7	540
L29_V013	8	570
L29_V013	9	590
L29_V013	10	591
L29_V013	11	592
L29_V013	12	594
L29_V013	13	596
L29_V013	14	597
L29_V013	15	598
L29_V013	16	599
L29_V013	17	600
L29_V013	18	601
L29_V013	19	602
L29_V013	20	603
L29_V013	21	658
L29_V013	22	675
L29_V013	23	695
L29_V013	24	696
L29_V013	25	699
L29_V013	26	700
L29_V013	27	703
L29_V013	28	704
L29_V013	29	734
L29_V013	30	755
L29_V013	31	779
L29_V013	32	780
L29_V013	33	781
L29_V013	34	782
L29_V013	35	783
L29_V013	36	784
L29_V013	37	785
L29_V013	38	786
L29_V013	39	787
L29_V013	40	788
L29_V013	41	789
L29_V013	42	790
L29_V013	43	802
L29_V013	44	803
L29_V013	45	805
L29_V013	46	806
L29_V013	47	810
L29_V013	48	811
L29_V013	49	840
L29_V013	50	860
L29_V013	51	861
L29_V013	52	869
L29_V013	53	894
L29_V013	54	902
L29_V013	55	902
L29_V013	56	903
L29_V013	57	905
L29_V013	58	906
L29_V013	59	911
L29_V013	60	911
L29_V013	61	944
L29_V013	62	990
L29_V013	63	1036
L29_V013	64	1080
L29_V013	65	1081
L29_V013	66	1145
L29_V013	67	1186
L29_V013	68	1215
L29_V013	69	1244
L29_V013	70	1264
L29_V013	71	1265
L29_V013	72	1266
L29_V013	73	1267
L29_V013	74	1268
L29_V013	75	1269
L29_V013	76	1270
L29_V013	77	1271
L29_V013	78	1272
L29_V013	79	1273
L29_V013	80	1274
L29_V013	81	1275
L29_V013	82	1276
L29_V013	83	1277
L29_V013	84	1278
L29_V013	85	1279
L29_V013	86	1280
L29_V013	87	1281
L29_V013	88	1282
L29_V013	89	1283
L29_V013	90	1284
L29_V013	91	1285
L29_V013	92	1286
L29_V013	93	1307
L29_V013	94	1308
L29_V013	95	1316
L29_V013	96	1317
L29_V013	97	1318
L29_V013	98	1319
L29_V013	99	1320
L29_V013	100	1321
L29_V013	101	1322
L29_V013	102	1323
L29_V013	103	1324
L29_V013	104	1325
L29_V013	105	1326
L29_V013	106	1327
L29_V013	107	1328
L29_V013	108	1329
L29_V013	109	1330
L29_V013	110	1331
L29_V013	111	1332
L29_V013	112	1333
L29_V013	113	1334
L29_V013	114	1335
L29_V013	115	1337
L29_V013	116	1338
L29_V013	117	1340
L29_V013	118	1341
L29_V013	119	1345
L29_V013	120	1346
L29_V013	121	1350
L29_V013	122	1365
L29_V013	123	1440
L29_V013	124	1485
L29_V013	125	1522
L29_V013	126	1532
L29_V013	127	1540
L29_V013	128	1605
L29_V013	129	1620
L29_V013	130	1652
L29_V013	131	1712
L29_V013	132	1755
L29_V013	133	1800
L29_V013	134	1889
L29_V013	135	2025
L29_V013	136	2066
L29_V013	137	2160
L29_V013	138	2295
L29_V013	139	2430
L29_V013	140	2565
L29_V013	141	2677
L29_V013	142	2700
L29_V013	143	2835
L29_V013	144	2863
L29_V013	145	2970
L29_V013	146	3105
L29_V013	147	3240
L29_V013	148	3375
L29_V013	149	3510
L29_V013	150	3645
L29_V013	151	3779
L29_V013	152	3915
L29_V013	153	4050
L29_V013	154	4185
L29_V013	155	4320
L29_V013	156	4455
L29_V013	157	4524
L29_V013	158	4581
L29_V013	159	4590
L29_V013	160	4644
L29_V013	161	4712
L29_V013	162	4725
L29_V013	163	4811
L29_V013	164	4860
L29_V013	165	4898
L29_V013	166	4995
L29_V013	167	5003
L29_V013	168	5078
L29_V013	169	5130
L29_V013	170	5174
L29_V013	171	5234
L29_V013	172	5265
L29_V013	173	5356
L29_V013	174	5400
L29_V013	175	5535
L29_V013	176	5670
L29_V013	177	5805
L29_V013	178	5940
L29_V013	179	6075
L29_V013	180	6210
L29_V013	181	6345
L29_V013	182	6456
L29_V013	183	6480
L29_V013	184	6540
L29_V013	185	6615
L29_V013	186	6664
L29_V013	187	6750
L29_V013	188	6884
L29_V013	189	7020
L29_V013	190	7155
L29_V013	191	7290
L29_V013	192	7425
L29_V013	193	7530
L29_V013	194	7559
L29_V013	195	7695
L29_V013	196	7830
L29_V013	197	7965
L29_V013	198	7967
L29_V013	199	8095
L29_V013	200	8100
L29_V013	201	8223
L29_V013	202	8235
L29_V013	203	8370
L29_V013	204	8505
L29_V013	205	8640
L29_V013	206	8775
L29_V013	207	8910
L29_V013	208	8980
L29_V013	209	9045
L29_V013	210	9127
L29_V013	211	9180
L29_V013	212	9220
L29_V013	213	9315
L29_V013	214	9450
L29_V013	215	9494
L29_V013	216	9585
L29_V013	217	9640
L29_V013	218	9720
L29_V013	219	9794
L29_V013	220	9855
L29_V013	221	9974
L29_V013	222	9990
L29_V013	223	10125
L29_V013	224	10231
L29_V013	225	10260
L29_V013	226	10395
L29_V013	227	10491
L29_V013	228	10530
L29_V013	229	10665
L29_V013	230	10718
L29_V013	231	10800
L29_V013	232	10935
L29_V013	233	11024
L29_V013	234	11070
L29_V013	235	11205
L29_V013	236	11276
L29_V013	237	11340
L29_V013	238	11380
L29_V013	239	11475
L29_V013	240	11610
L29_V013	241	11745
L29_V013	242	11880
L29_V013	243	12015
L29_V013	244	12054
L29_V013	245	12150
L29_V013	246	12174
L29_V013	247	12285
L29_V013	248	12394
L29_V013	249	12420
L29_V013	250	12486
L29_V013	251	12555
L29_V013	252	12690
L29_V013	253	12728
L29_V013	254	12825
L29_V013	255	12938
L29_V013	256	12960
L29_V013	257	13065
L29_V013	258	13094
L29_V013	259	13177
L29_V013	260	13230
L29_V013	261	13241
L29_V013	262	13274
L29_V013	263	13347
L29_V013	264	13365
L29_V013	265	13422
L29_V013	266	13500
L29_V013	267	13503
L29_V013	268	13600
L29_V013	269	13635
L29_V013	270	13691
L29_V013	271	13759
L29_V013	272	13769
L29_V013	273	13805
L29_V013	274	13905
L29_V013	275	14015
L29_V013	276	14040
L29_V013	277	14105
L29_V013	278	14175
L29_V013	279	14252
L29_V013	280	14310
L29_V013	281	14332
L29_V013	282	14391
L29_V013	283	14444
L29_V013	284	14580
L29_V013	285	14619
L29_V013	286	14715
L29_V013	287	14757
L29_V013	288	14850
L29_V013	289	14863
L29_V013	290	14981
L29_V013	291	14985
L29_V013	292	15119
L29_V013	293	15255
L29_V013	294	15390
L29_V013	295	15501
L29_V013	296	15525
L29_V013	297	15562
L29_V013	298	15660
L29_V013	299	15684
L29_V013	300	15784
L29_V013	301	15794
L29_V013	302	15907
L29_V013	303	15930
L29_V013	304	16003
L29_V013	305	16065
L29_V013	306	16074
L29_V013	307	16147
L29_V013	308	16200
L29_V013	309	16335
L29_V013	310	16419
L29_V013	311	16470
L29_V013	312	16491
L29_V013	313	16535
L29_V013	314	16605
L29_V013	315	16621
L29_V013	316	16677
L29_V013	317	16740
L29_V013	318	16763
L29_V013	319	16860
L29_V013	320	16875
L29_V013	321	16897
L29_V013	322	16953
L29_V013	323	17010
L29_V013	324	17024
L29_V013	325	17145
L29_V013	326	17280
L29_V013	327	17415
L29_V013	328	17550
L29_V013	329	17636
L29_V013	330	17685
L29_V013	331	17804
L29_V013	332	17820
L29_V013	333	17911
L29_V013	334	17955
L29_V013	335	17998
L29_V013	336	18090
L29_V013	337	18112
L29_V013	338	18225
L29_V013	339	18233
L29_V013	340	18360
L29_V013	341	18381
L29_V013	342	18495
L29_V013	343	18630
L29_V013	344	18729
L29_V013	345	18765
L29_V013	346	18798
L29_V013	347	18867
L29_V013	348	18900
L29_V013	349	18913
L29_V013	350	18973
L29_V013	351	19035
L29_V013	352	19117
L29_V013	353	19170
L29_V013	354	19305
L29_V013	355	19440
L29_V013	356	19575
L29_V013	357	19710
L29_V013	358	19845
L29_V013	359	19980
L29_V013	360	20115
L29_V013	361	20243
L29_V013	362	20250
L29_V013	363	20332
L29_V013	364	20385
L29_V013	365	20445
L29_V013	366	20520
L29_V013	367	20527
L29_V013	368	20655
L29_V013	369	20707
L29_V013	370	20790
L29_V013	371	20816
L29_V013	372	20906
L29_V013	373	20925
L29_V013	374	21060
L29_V013	375	21195
L29_V013	376	21231
L29_V013	377	21330
L29_V013	378	21465
L29_V013	379	21519
L29_V013	380	21600
L29_V013	381	21602
L29_V013	382	21718
L29_V013	383	21735
L29_V013	384	21838
L29_V013	385	21870
L29_V013	386	21880
L29_V013	387	22005
L29_V013	388	22015
L29_V013	389	22125
L29_V013	390	22140
L29_V013	391	22183
L29_V013	392	22251
L29_V013	393	22275
L29_V013	394	22304
L29_V013	395	22375
L29_V013	396	22410
L29_V013	397	22436
L29_V013	398	22470
L29_V013	399	22545
L29_V013	400	22619
L29_V013	401	22680
L29_V013	402	22815
L29_V013	403	22950
L29_V013	404	22969
L29_V013	405	23014
L29_V013	406	23085
L29_V013	407	23151
L29_V013	408	23201
L29_V013	409	23220
L29_V013	410	23355
L29_V013	411	23490
L29_V013	412	23625
L29_V013	413	23760
L29_V013	414	23895
L29_V013	415	24030
L29_V013	416	24126
L29_V013	417	24165
L29_V013	418	24204
L29_V013	419	24300
L29_V013	420	24435
L29_V013	421	24570
L29_V013	422	24574
L29_V013	423	24615
L29_V013	424	24630
L29_V013	425	24645
L29_V013	426	24697
L29_V013	427	24705
L29_V013	428	24735
L29_V013	429	24750
L29_V013	430	24765
L29_V013	431	24840
L29_V013	432	24959
L29_V013	433	24975
L29_V013	434	24976
L29_V013	435	24977
L29_V013	436	24978
L29_V013	437	24979
L29_V013	438	24982
L29_V013	439	24983
L29_V013	440	24984
L29_V013	441	24985
L29_V013	442	24986
L29_V013	443	24987
L29_V013	444	24988
L29_V013	445	24989
L29_V013	446	24990
L29_V013	447	24991
L29_V013	448	24992
L29_V013	449	24993
L29_V013	450	24994
L29_V013	451	24995
L29_V013	452	24996
L29_V013	453	24997
L29_V013	454	24998
L29_V013	455	24999
L29_V013	456	25000
L29_V013	457	25001
L29_V013	458	25002
L29_V013	459	25003
L29_V013	460	25004
L29_V013	461	25005
L29_V013	462	25006
L29_V013	463	25008
L29_V013	464	25058
L29_V013	465	25110
L29_V013	466	25245
L29_V013	467	25326
L29_V013	468	25380
L29_V013	469	25451
L29_V013	470	25515
L29_V013	471	25517
L29_V013	472	25616
L29_V013	473	25650
L29_V013	474	25672
L29_V013	475	25752
L29_V013	476	25785
L29_V013	477	25856
L29_V013	478	25912
L29_V013	479	25920
L29_V013	480	25989
L29_V013	481	26055
L29_V013	482	26189
L29_V013	483	26247
L29_V013	484	26325
L29_V013	485	26405
L29_V013	486	26460
L29_V013	487	26595
L29_V013	488	26730
L29_V015	1	0
L29_V015	2	96
L29_V015	3	135
L29_V015	4	136
L29_V015	5	270
L29_V015	6	405
L29_V015	7	540
L29_V015	8	570
L29_V015	9	658
L29_V015	10	675
L29_V015	11	703
L29_V015	12	734
L29_V015	13	755
L29_V015	14	789
L29_V015	15	790
L29_V015	16	810
L29_V015	17	825
L29_V015	18	840
L29_V015	19	894
L29_V015	20	894
L29_V015	21	902
L29_V015	22	911
L29_V015	23	944
L29_V015	24	1036
L29_V015	25	1080
L29_V015	26	1081
L29_V015	27	1145
L29_V015	28	1186
L29_V015	29	1215
L29_V015	30	1244
L29_V015	31	1264
L29_V015	32	1265
L29_V015	33	1266
L29_V015	34	1274
L29_V015	35	1276
L29_V015	36	1277
L29_V015	37	1278
L29_V015	38	1286
L29_V015	39	1307
L29_V015	40	1308
L29_V015	41	1316
L29_V015	42	1317
L29_V015	43	1318
L29_V015	44	1319
L29_V015	45	1320
L29_V015	46	1321
L29_V015	47	1322
L29_V015	48	1323
L29_V015	49	1324
L29_V015	50	1325
L29_V015	51	1327
L29_V015	52	1328
L29_V015	53	1329
L29_V015	54	1330
L29_V015	55	1331
L29_V015	56	1333
L29_V015	57	1334
L29_V015	58	1341
L29_V015	59	1345
L29_V015	60	1346
L29_V015	61	1350
L29_V015	62	1365
L29_V015	63	1440
L29_V015	64	1485
L29_V015	65	1532
L29_V015	66	1539
L29_V015	67	1540
L29_V015	68	1605
L29_V015	69	1620
L29_V015	70	1652
L29_V015	71	1712
L29_V015	72	1755
L29_V015	73	1800
L29_V015	74	1889
L29_V015	75	2025
L29_V015	76	2066
L29_V015	77	2160
L29_V015	78	2295
L29_V015	79	2430
L29_V015	80	2565
L29_V015	81	2700
L29_V015	82	2768
L29_V015	83	2778
L29_V015	84	2779
L29_V015	85	2781
L29_V015	86	2782
L29_V015	87	2787
L29_V015	88	2788
L29_V015	89	2789
L29_V015	90	2797
L29_V015	91	2835
L29_V015	92	2902
L29_V015	93	2970
L29_V015	94	3105
L29_V015	95	3162
L29_V015	96	3240
L29_V015	97	3361
L29_V015	98	3375
L29_V015	99	3457
L29_V015	100	3510
L29_V015	101	3622
L29_V015	102	3645
L29_V015	103	3749
L29_V015	104	3779
L29_V015	105	3826
L29_V015	106	3901
L29_V015	107	3915
L29_V015	108	3992
L29_V015	109	4050
L29_V015	110	4089
L29_V015	111	4185
L29_V015	112	4286
L29_V015	113	4320
L29_V015	114	4376
L29_V015	115	4455
L29_V015	116	4470
L29_V015	117	4502
L29_V015	118	4561
L29_V015	119	4562
L29_V015	120	4564
L29_V015	121	4581
L29_V015	122	4590
L29_V015	123	4596
L29_V015	124	4685
L29_V015	125	4725
L29_V015	126	4860
L29_V015	127	4889
L29_V015	128	4929
L29_V015	129	4956
L29_V015	130	4995
L29_V015	131	5010
L29_V015	132	5113
L29_V015	133	5130
L29_V015	134	5156
L29_V015	135	5226
L29_V015	136	5265
L29_V015	137	5349
L29_V015	138	5400
L29_V015	139	5444
L29_V015	140	5535
L29_V015	141	5597
L29_V015	142	5670
L29_V015	143	5805
L29_V015	144	5940
L29_V015	145	5963
L29_V015	146	6050
L29_V015	147	6075
L29_V015	148	6116
L29_V015	149	6194
L29_V015	150	6210
L29_V015	151	6277
L29_V015	152	6345
L29_V015	153	6359
L29_V015	154	6448
L29_V015	155	6480
L29_V015	156	6548
L29_V015	157	6615
L29_V015	158	6627
L29_V015	159	6750
L29_V015	160	6795
L29_V015	161	6884
L29_V015	162	6973
L29_V015	163	7020
L29_V015	164	7155
L29_V015	165	7179
L29_V015	166	7290
L29_V015	167	7316
L29_V015	168	7425
L29_V015	169	7467
L29_V015	170	7559
L29_V015	171	7564
L29_V015	172	7629
L29_V015	173	7663
L29_V015	174	7695
L29_V015	175	7830
L29_V015	176	7906
L29_V015	177	7965
L29_V015	178	8001
L29_V015	179	8100
L29_V015	180	8162
L29_V015	181	8235
L29_V015	182	8300
L29_V015	183	8370
L29_V015	184	8382
L29_V015	185	8494
L29_V015	186	8505
L29_V015	187	8640
L29_V015	188	8646
L29_V015	189	8754
L29_V015	190	8775
L29_V015	191	8803
L29_V015	192	8857
L29_V015	193	8910
L29_V015	194	9011
L29_V015	195	9045
L29_V015	196	9180
L29_V015	197	9315
L29_V015	198	9346
L29_V015	199	9433
L29_V015	200	9450
L29_V015	201	9487
L29_V015	202	9554
L29_V015	203	9585
L29_V015	204	9649
L29_V015	205	9720
L29_V015	206	9855
L29_V015	207	9990
L29_V015	208	10053
L29_V015	209	10125
L29_V015	210	10126
L29_V015	211	10172
L29_V015	212	10260
L29_V015	213	10307
L29_V015	214	10375
L29_V015	215	10395
L29_V015	216	10447
L29_V015	217	10530
L29_V015	218	10665
L29_V015	219	10683
L29_V015	220	10800
L29_V015	221	10803
L29_V015	222	10935
L29_V015	223	11031
L29_V015	224	11070
L29_V015	225	11202
L29_V015	226	11205
L29_V015	227	11340
L29_V015	228	11475
L29_V015	229	11530
L29_V015	230	11610
L29_V015	231	11668
L29_V015	232	11738
L29_V015	233	11745
L29_V015	234	11832
L29_V015	235	11880
L29_V015	236	11930
L29_V015	237	12015
L29_V015	238	12150
L29_V015	239	12212
L29_V015	240	12276
L29_V015	241	12285
L29_V015	242	12355
L29_V015	243	12420
L29_V015	244	12555
L29_V015	245	12690
L29_V015	246	12825
L29_V015	247	12960
L29_V015	248	13044
L29_V015	249	13094
L29_V015	250	13154
L29_V015	251	13230
L29_V015	252	13231
L29_V015	253	13365
L29_V015	254	13400
L29_V015	255	13486
L29_V015	256	13500
L29_V015	257	13608
L29_V015	258	13635
L29_V015	259	13707
L29_V015	260	13769
L29_V015	261	13804
L29_V015	262	13905
L29_V015	263	13916
L29_V015	264	14040
L29_V015	265	14053
L29_V015	266	14175
L29_V015	267	14179
L29_V015	268	14310
L29_V015	269	14444
L29_V015	270	14491
L29_V015	271	14580
L29_V015	272	14674
L29_V015	273	14715
L29_V015	274	14727
L29_V015	275	14766
L29_V015	276	14850
L29_V015	277	14947
L29_V015	278	14985
L29_V015	279	15071
L29_V015	280	15119
L29_V015	281	15136
L29_V015	282	15213
L29_V015	283	15255
L29_V015	284	15332
L29_V015	285	15390
L29_V015	286	15479
L29_V015	287	15525
L29_V015	288	15584
L29_V015	289	15660
L29_V015	290	15794
L29_V015	291	15930
L29_V015	292	16027
L29_V015	293	16065
L29_V015	294	16106
L29_V015	295	16200
L29_V015	296	16297
L29_V015	297	16335
L29_V015	298	16470
L29_V015	299	16533
L29_V015	300	16605
L29_V015	301	16615
L29_V015	302	16672
L29_V015	303	16740
L29_V015	304	16785
L29_V015	305	16858
L29_V015	306	16875
L29_V015	307	17010
L29_V015	308	17141
L29_V015	309	17145
L29_V015	310	17277
L29_V015	311	17280
L29_V015	312	17335
L29_V015	313	17412
L29_V015	314	17415
L29_V015	315	17550
L29_V015	316	17634
L29_V015	317	17685
L29_V015	318	17751
L29_V015	319	17820
L29_V015	320	17827
L29_V015	321	17955
L29_V015	322	18014
L29_V015	323	18090
L29_V015	324	18109
L29_V015	325	18225
L29_V015	326	18288
L29_V015	327	18360
L29_V015	328	18437
L29_V015	329	18495
L29_V015	330	18630
L29_V015	331	18637
L29_V015	332	18765
L29_V015	333	18804
L29_V015	334	18900
L29_V015	335	18949
L29_V015	336	19035
L29_V015	337	19054
L29_V015	338	19170
L29_V015	339	19305
L29_V015	340	19440
L29_V015	341	19575
L29_V015	342	19650
L29_V015	343	19710
L29_V015	344	19798
L29_V015	345	19845
L29_V015	346	19863
L29_V015	347	19944
L29_V015	348	19980
L29_V015	349	20006
L29_V015	350	20115
L29_V015	351	20142
L29_V015	352	20217
L29_V015	353	20250
L29_V015	354	20299
L29_V015	355	20385
L29_V015	356	20396
L29_V015	357	20489
L29_V015	358	20520
L29_V015	359	20573
L29_V015	360	20620
L29_V015	361	20655
L29_V015	362	20687
L29_V015	363	20747
L29_V015	364	20790
L29_V015	365	20849
L29_V015	366	20925
L29_V015	367	20943
L29_V015	368	21043
L29_V015	369	21060
L29_V015	370	21195
L29_V015	371	21316
L29_V015	372	21330
L29_V015	373	21454
L29_V015	374	21465
L29_V015	375	21600
L29_V015	376	21620
L29_V015	377	21711
L29_V015	378	21735
L29_V015	379	21775
L29_V015	380	21870
L29_V015	381	21928
L29_V015	382	22005
L29_V015	383	22007
L29_V015	384	22108
L29_V015	385	22140
L29_V015	386	22250
L29_V015	387	22275
L29_V015	388	22410
L29_V015	389	22536
L29_V015	390	22545
L29_V015	391	22623
L29_V015	392	22680
L29_V015	393	22815
L29_V015	394	22895
L29_V015	395	22950
L29_V015	396	23085
L29_V015	397	23220
L29_V015	398	23355
L29_V015	399	23390
L29_V015	400	23490
L29_V015	401	23625
L29_V015	402	23647
L29_V015	403	23760
L29_V015	404	23772
L29_V015	405	23895
L29_V015	406	23962
L29_V015	407	24030
L29_V015	408	24156
L29_V015	409	24165
L29_V015	410	24251
L29_V015	411	24300
L29_V015	412	24341
L29_V015	413	24435
L29_V015	414	24475
L29_V015	415	24570
L29_V015	416	24705
L29_V015	417	24840
L29_V015	418	24963
L29_V015	419	24975
L29_V015	420	25066
L29_V015	421	25110
L29_V015	422	25185
L29_V015	423	25245
L29_V015	424	25380
L29_V015	425	25419
L29_V015	426	25515
L29_V015	427	25635
L29_V015	428	25650
L29_V015	429	25720
L29_V015	430	25785
L29_V015	431	25813
L29_V015	432	25920
L29_V015	433	25937
L29_V015	434	26055
L29_V015	435	26058
L29_V015	436	26145
L29_V015	437	26189
L29_V015	438	26300
L29_V015	439	26325
L29_V015	440	26412
L29_V015	441	26460
L29_V015	442	26595
L29_V015	443	26607
L29_V015	444	26730
L29_V015	445	26864
L29_V020	1	0
L29_V020	2	96
L29_V020	3	135
L29_V020	4	136
L29_V020	5	270
L29_V020	6	405
L29_V020	7	540
L29_V020	8	570
L29_V020	9	590
L29_V020	10	591
L29_V020	11	592
L29_V020	12	593
L29_V020	13	594
L29_V020	14	595
L29_V020	15	596
L29_V020	16	597
L29_V020	17	598
L29_V020	18	599
L29_V020	19	600
L29_V020	20	601
L29_V020	21	602
L29_V020	22	603
L29_V020	23	658
L29_V020	24	675
L29_V020	25	695
L29_V020	26	696
L29_V020	27	699
L29_V020	28	700
L29_V020	29	701
L29_V020	30	703
L29_V020	31	709
L29_V020	32	734
L29_V020	33	755
L29_V020	34	776
L29_V020	35	779
L29_V020	36	780
L29_V020	37	781
L29_V020	38	782
L29_V020	39	783
L29_V020	40	784
L29_V020	41	785
L29_V020	42	786
L29_V020	43	788
L29_V020	44	789
L29_V020	45	790
L29_V020	46	802
L29_V020	47	803
L29_V020	48	805
L29_V020	49	806
L29_V020	50	810
L29_V020	51	811
L29_V020	52	840
L29_V020	53	861
L29_V020	54	869
L29_V020	55	894
L29_V020	56	902
L29_V020	57	902
L29_V020	58	903
L29_V020	59	905
L29_V020	60	906
L29_V020	61	911
L29_V020	62	911
L29_V020	63	944
L29_V020	64	990
L29_V020	65	1036
L29_V020	66	1080
L29_V020	67	1081
L29_V020	68	1145
L29_V020	69	1186
L29_V020	70	1215
L29_V020	71	1244
L29_V020	72	1264
L29_V020	73	1265
L29_V020	74	1266
L29_V020	75	1267
L29_V020	76	1268
L29_V020	77	1269
L29_V020	78	1270
L29_V020	79	1271
L29_V020	80	1272
L29_V020	81	1273
L29_V020	82	1274
L29_V020	83	1275
L29_V020	84	1276
L29_V020	85	1277
L29_V020	86	1278
L29_V020	87	1279
L29_V020	88	1280
L29_V020	89	1281
L29_V020	90	1282
L29_V020	91	1283
L29_V020	92	1284
L29_V020	93	1285
L29_V020	94	1286
L29_V020	95	1307
L29_V020	96	1308
L29_V020	97	1310
L29_V020	98	1316
L29_V020	99	1317
L29_V020	100	1318
L29_V020	101	1319
L29_V020	102	1320
L29_V020	103	1321
L29_V020	104	1322
L29_V020	105	1323
L29_V020	106	1324
L29_V020	107	1325
L29_V020	108	1326
L29_V020	109	1327
L29_V020	110	1328
L29_V020	111	1329
L29_V020	112	1330
L29_V020	113	1331
L29_V020	114	1332
L29_V020	115	1333
L29_V020	116	1334
L29_V020	117	1335
L29_V020	118	1337
L29_V020	119	1338
L29_V020	120	1340
L29_V020	121	1341
L29_V020	122	1342
L29_V020	123	1345
L29_V020	124	1346
L29_V020	125	1350
L29_V020	126	1365
L29_V020	127	1440
L29_V020	128	1485
L29_V020	129	1522
L29_V020	130	1532
L29_V020	131	1540
L29_V020	132	1605
L29_V020	133	1620
L29_V020	134	1652
L29_V020	135	1712
L29_V020	136	1755
L29_V020	137	1800
L29_V020	138	1889
L29_V020	139	2025
L29_V020	140	2066
L29_V020	141	2160
L29_V020	142	2295
L29_V020	143	2430
L29_V020	144	2565
L29_V020	145	2700
L29_V020	146	2835
L29_V020	147	2970
L29_V020	148	2976
L29_V020	149	2985
L29_V020	150	2986
L29_V020	151	2987
L29_V020	152	2988
L29_V020	153	2989
L29_V020	154	2990
L29_V020	155	2991
L29_V020	156	2992
L29_V020	157	2993
L29_V020	158	2994
L29_V020	159	2995
L29_V020	160	2996
L29_V020	161	2997
L29_V020	162	2998
L29_V020	163	2999
L29_V020	164	3000
L29_V020	165	3001
L29_V020	166	3020
L29_V020	167	3105
L29_V020	168	3126
L29_V020	169	3140
L29_V020	170	3194
L29_V020	171	3226
L29_V020	172	3240
L29_V020	173	3375
L29_V020	174	3510
L29_V020	175	3511
L29_V020	176	3578
L29_V020	177	3645
L29_V020	178	3779
L29_V020	179	3915
L29_V020	180	4050
L29_V020	181	4185
L29_V020	182	4320
L29_V020	183	4382
L29_V020	184	4455
L29_V020	185	4513
L29_V020	186	4590
L29_V020	187	4725
L29_V020	188	4860
L29_V020	189	4995
L29_V020	190	5130
L29_V020	191	5265
L29_V020	192	5400
L29_V020	193	5535
L29_V020	194	5557
L29_V020	195	5670
L29_V020	196	5679
L29_V020	197	5708
L29_V020	198	5805
L29_V020	199	5875
L29_V020	200	5940
L29_V020	201	5943
L29_V020	202	6075
L29_V020	203	6210
L29_V020	204	6278
L29_V020	205	6345
L29_V020	206	6480
L29_V020	207	6502
L29_V020	208	6615
L29_V020	209	6643
L29_V020	210	6750
L29_V020	211	6795
L29_V020	212	6884
L29_V020	213	7020
L29_V020	214	7155
L29_V020	215	7273
L29_V020	216	7290
L29_V020	217	7425
L29_V020	218	7429
L29_V020	219	7468
L29_V020	220	7559
L29_V020	221	7631
L29_V020	222	7695
L29_V020	223	7786
L29_V020	224	7830
L29_V020	225	7901
L29_V020	226	7965
L29_V020	227	8100
L29_V020	228	8235
L29_V020	229	8313
L29_V020	230	8370
L29_V020	231	8394
L29_V020	232	8505
L29_V020	233	8640
L29_V020	234	8752
L29_V020	235	8775
L29_V020	236	8824
L29_V020	237	8910
L29_V020	238	9045
L29_V020	239	9062
L29_V020	240	9158
L29_V020	241	9180
L29_V020	242	9248
L29_V020	243	9315
L29_V020	244	9384
L29_V020	245	9450
L29_V020	246	9564
L29_V020	247	9585
L29_V020	248	9720
L29_V020	249	9794
L29_V020	250	9855
L29_V020	251	9990
L29_V020	252	10028
L29_V020	253	10100
L29_V020	254	10125
L29_V020	255	10166
L29_V020	256	10260
L29_V020	257	10267
L29_V020	258	10395
L29_V020	259	10530
L29_V020	260	10652
L29_V020	261	10665
L29_V020	262	10800
L29_V020	263	10935
L29_V020	264	11023
L29_V020	265	11070
L29_V020	266	11205
L29_V020	267	11340
L29_V020	268	11355
L29_V020	269	11475
L29_V020	270	11528
L29_V020	271	11610
L29_V020	272	11745
L29_V020	273	11842
L29_V020	274	11880
L29_V020	275	11919
L29_V020	276	12015
L29_V020	277	12051
L29_V020	278	12150
L29_V020	279	12285
L29_V020	280	12289
L29_V020	281	12411
L29_V020	282	12420
L29_V020	283	12486
L29_V020	284	12555
L29_V020	285	12679
L29_V020	286	12690
L29_V020	287	12825
L29_V020	288	12944
L29_V020	289	12960
L29_V020	290	13077
L29_V020	291	13094
L29_V020	292	13152
L29_V020	293	13230
L29_V020	294	13250
L29_V020	295	13313
L29_V020	296	13365
L29_V020	297	13500
L29_V020	298	13547
L29_V020	299	13635
L29_V020	300	13726
L29_V020	301	13769
L29_V020	302	13872
L29_V020	303	13905
L29_V020	304	14040
L29_V020	305	14166
L29_V020	306	14175
L29_V020	307	14310
L29_V020	308	14358
L29_V020	309	14444
L29_V020	310	14533
L29_V020	311	14580
L29_V020	312	14649
L29_V020	313	14708
L29_V020	314	14715
L29_V020	315	14833
L29_V020	316	14850
L29_V020	317	14985
L29_V020	318	15119
L29_V020	319	15255
L29_V020	320	15390
L29_V020	321	15525
L29_V020	322	15660
L29_V020	323	15794
L29_V020	324	15930
L29_V020	325	16065
L29_V020	326	16200
L29_V020	327	16335
L29_V020	328	16378
L29_V020	329	16379
L29_V020	330	16470
L29_V020	331	16475
L29_V020	332	16605
L29_V020	333	16740
L29_V020	334	16747
L29_V020	335	16875
L29_V020	336	16890
L29_V020	337	16989
L29_V020	338	17010
L29_V020	339	17145
L29_V020	340	17195
L29_V020	341	17267
L29_V020	342	17280
L29_V020	343	17415
L29_V020	344	17550
L29_V020	345	17631
L29_V020	346	17685
L29_V020	347	17807
L29_V020	348	17820
L29_V020	349	17891
L29_V020	350	17955
L29_V020	351	18090
L29_V020	352	18225
L29_V020	353	18360
L29_V020	354	18427
L29_V020	355	18495
L29_V020	356	18630
L29_V020	357	18765
L29_V020	358	18865
L29_V020	359	18900
L29_V020	360	18919
L29_V020	361	19035
L29_V020	362	19101
L29_V020	363	19170
L29_V020	364	19217
L29_V020	365	19305
L29_V020	366	19440
L29_V020	367	19575
L29_V020	368	19710
L29_V020	369	19746
L29_V020	370	19845
L29_V020	371	19855
L29_V020	372	19980
L29_V020	373	19990
L29_V020	374	20049
L29_V020	375	20115
L29_V020	376	20211
L29_V020	377	20250
L29_V020	378	20293
L29_V020	379	20385
L29_V020	380	20520
L29_V020	381	20530
L29_V020	382	20650
L29_V020	383	20655
L29_V020	384	20790
L29_V020	385	20825
L29_V020	386	20876
L29_V020	387	20925
L29_V020	388	21060
L29_V020	389	21084
L29_V020	390	21190
L29_V020	391	21195
L29_V020	392	21330
L29_V020	393	21416
L29_V020	394	21465
L29_V020	395	21516
L29_V020	396	21600
L29_V020	397	21735
L29_V020	398	21870
L29_V020	399	21929
L29_V020	400	21998
L29_V020	401	22005
L29_V020	402	22140
L29_V020	403	22275
L29_V020	404	22283
L29_V020	405	22410
L29_V020	406	22512
L29_V020	407	22545
L29_V020	408	22628
L29_V020	409	22680
L29_V020	410	22815
L29_V020	411	22843
L29_V020	412	22950
L29_V020	413	23015
L29_V020	414	23085
L29_V020	415	23220
L29_V020	416	23251
L29_V020	417	23355
L29_V020	418	23392
L29_V020	419	23490
L29_V020	420	23615
L29_V020	421	23625
L29_V020	422	23755
L29_V020	423	23756
L29_V020	424	23757
L29_V020	425	23760
L29_V020	426	23895
L29_V020	427	24030
L29_V020	428	24139
L29_V020	429	24165
L29_V020	430	24251
L29_V020	431	24300
L29_V020	432	24364
L29_V020	433	24410
L29_V020	434	24411
L29_V020	435	24435
L29_V020	436	24444
L29_V020	437	24445
L29_V020	438	24446
L29_V020	439	24447
L29_V020	440	24458
L29_V020	441	24459
L29_V020	442	24540
L29_V020	443	24570
L29_V020	444	24627
L29_V020	445	24705
L29_V020	446	24840
L29_V020	447	24956
L29_V020	448	24975
L29_V020	449	25016
L29_V020	450	25081
L29_V020	451	25110
L29_V020	452	25143
L29_V020	453	25245
L29_V020	454	25317
L29_V020	455	25349
L29_V020	456	25380
L29_V020	457	25422
L29_V020	458	25515
L29_V020	459	25650
L29_V020	460	25785
L29_V020	461	25831
L29_V020	462	25920
L29_V020	463	26055
L29_V020	464	26189
L29_V020	465	26325
L29_V020	466	26460
L29_V020	467	26595
L29_V020	468	26730
L29_V020	469	26793
L29_V020	470	26864
L29_V020	471	27000
L29_V020	472	27135
L30_V001	1	0
L30_V001	2	75
L30_V001	3	147
L30_V001	4	290
L30_V001	5	437
L30_V001	6	528
L30_V001	7	576
L30_V001	8	609
L30_V001	9	655
L30_V001	10	703
L30_V001	11	750
L30_V001	12	819
L30_V001	13	844
L30_V001	14	863
L30_V001	15	919
L30_V001	16	992
L30_V001	17	1066
L30_V001	18	1067
L30_V001	19	1117
L30_V001	20	1181
L30_V001	21	1222
L30_V001	22	1246
L30_V001	23	1259
L30_V001	24	1311
L30_V001	25	1381
L30_V001	26	1435
L30_V001	27	1491
L30_V001	28	1515
L30_V001	29	1545
L30_V001	30	1603
L30_V001	31	1650
L30_V001	32	1768
L30_V001	33	1792
L30_V001	34	1811
L30_V001	35	1857
L30_V001	36	1913
L30_V001	37	1937
L30_V001	38	1993
L30_V001	39	2038
L30_V001	40	2084
L30_V001	41	2101
L30_V001	42	2147
L30_V001	43	2200
L30_V001	44	2224
L30_V001	45	2233
L30_V001	46	2279
L30_V001	47	2325
L30_V001	48	2349
L30_V001	49	2413
L30_V001	50	2465
L30_V001	51	2489
L30_V001	52	2535
L30_V001	53	2601
L30_V001	54	2625
L30_V001	55	2673
L30_V001	56	2714
L30_V001	57	2733
L30_V001	58	2735
L30_V001	59	2736
L30_V001	60	2737
L30_V001	61	2739
L30_V001	62	2772
L30_V001	63	2773
L30_V001	64	2774
L30_V001	65	2778
L30_V001	66	2780
L30_V001	67	2811
L30_V001	68	2812
L30_V001	69	2813
L30_V001	70	2852
L30_V001	71	2900
L30_V001	72	3044
L30_V002	1	0
L30_V002	2	75
L30_V002	3	147
L30_V002	4	290
L30_V002	5	428
L30_V002	6	553
L30_V002	7	637
L30_V002	8	685
L30_V002	9	787
L30_V002	10	788
L30_V002	11	811
L30_V002	12	846
L30_V002	13	914
L30_V002	14	953
L30_V002	15	997
L30_V002	16	1071
L30_V002	17	1081
L30_V002	18	1168
L30_V002	19	1210
L30_V002	20	1271
L30_V002	21	1272
L30_V002	22	1305
L30_V002	23	1306
L30_V002	24	1351
L30_V002	25	1388
L30_V002	26	1389
L30_V002	27	1444
L30_V002	28	1445
L30_V002	29	1493
L30_V002	30	1515
L30_V002	31	1577
L30_V002	32	1578
L30_V002	33	1626
L30_V002	34	1682
L30_V002	35	1755
L30_V002	36	1778
L30_V002	37	1848
L30_V002	38	1848
L30_V002	39	1897
L30_V002	40	1939
L30_V002	41	1994
L30_V002	42	2030
L30_V002	43	2167
L30_V002	44	2197
L30_V002	45	2246
L30_V002	46	2294
L30_V002	47	2314
L30_V002	48	2315
L30_V002	49	2435
L30_V002	50	2478
L30_V002	51	2479
L30_V002	52	2532
L30_V002	53	2533
L30_V002	54	2581
L30_V002	55	2588
L30_V002	56	2589
L30_V002	57	2637
L30_V002	58	2699
L30_V002	59	2717
L30_V002	60	2752
L30_V002	61	2812
L30_V002	62	2860
L30_V002	63	2918
L30_V002	64	2990
L30_V002	65	3089
L30_V002	66	3137
L30_V002	67	3190
L30_V002	68	3261
L30_V002	69	3302
L30_V002	70	3303
L30_V002	71	3354
L30_V002	72	3403
L30_V002	73	3474
L30_V002	74	3489
L30_V002	75	3490
L30_V002	76	3535
L30_V002	77	3572
L30_V002	78	3572
L30_V002	79	3628
L30_V002	80	3629
L30_V002	81	3677
L30_V002	82	3699
L30_V002	83	3761
L30_V002	84	3761
L30_V002	85	3810
L30_V002	86	3867
L30_V002	87	3939
L30_V003	1	0
L30_V003	2	75
L30_V003	3	147
L30_V003	4	290
L30_V003	5	434
L30_V003	6	578
L30_V003	7	722
L30_V003	8	733
L30_V003	9	811
L30_V003	10	859
L30_V003	11	952
L30_V003	12	952
L30_V003	13	1001
L30_V003	14	1032
L30_V003	15	1033
L30_V003	16	1129
L30_V003	17	1182
L30_V003	18	1254
L30_V003	19	1255
L30_V003	20	1386
L30_V003	21	1525
L30_V003	22	1591
L30_V003	23	1663
L30_V003	24	1671
L30_V003	25	1752
L30_V003	26	1753
L30_V003	27	1801
L30_V003	28	1945
L30_V003	29	2089
L30_V003	30	2096
L30_V003	31	2216
L30_V003	32	2360
L30_V003	33	2492
L30_V003	34	2577
L30_V003	35	2578
L30_V003	36	2626
L30_V003	37	2675
L30_V003	38	2770
L30_V003	39	2848
L30_V003	40	2849
L30_V003	41	2896
L30_V003	42	3040
L30_V003	43	3127
L30_V003	44	3181
L30_V003	45	3226
L30_V003	46	3322
L30_V003	47	3336
L30_V003	48	3454
L30_V003	49	3599
L30_V003	50	3617
L30_V003	51	3736
L30_V003	52	3840
L30_V003	53	3847
L30_V003	54	3852
L30_V003	55	3857
L30_V003	56	3861
L30_V003	57	3970
L30_V003	58	3994
L30_V003	59	4049
L30_V003	60	4050
L30_V003	61	4122
L30_V003	62	4229
L30_V003	63	4252
L30_V003	64	4346
L30_V003	65	4394
L30_V003	66	4538
L30_V003	67	4597
L30_V003	68	4670
L30_V003	69	4707
L30_V003	70	4803
L30_V003	71	4824
L30_V003	72	4825
L30_V003	73	4945
L30_V003	74	5041
L30_V003	75	5089
L30_V003	76	5233
L30_V003	77	5376
L30_V003	78	5476
L30_V003	79	5524
L30_V003	80	5562
L30_V003	81	5563
L30_V003	82	5643
L30_V003	83	5644
L30_V003	84	5653
L30_V003	85	5723
L30_V003	86	5724
L30_V003	87	5796
L30_V003	88	5821
L30_V003	89	5940
L30_V003	90	6084
L30_V003	91	6193
L30_V003	92	6194
L30_V003	93	6218
L30_V003	94	6242
L30_V003	95	6243
L30_V003	96	6304
L30_V003	97	6305
L30_V003	98	6355
L30_V003	99	6366
L30_V003	100	6405
L30_V003	101	6490
L30_V003	102	6550
L30_V003	103	6622
L30_V003	104	6688
L30_V003	105	6689
L30_V003	106	6761
L30_V003	107	6765
L30_V003	108	6819
L30_V003	109	6820
L30_V003	110	6855
L30_V003	111	6884
L30_V003	112	6909
L30_V003	113	6940
L30_V003	114	6997
L30_V003	115	7026
L30_V003	116	7037
L30_V003	117	7117
L30_V003	118	7118
L30_V003	119	7162
L30_V003	120	7215
L30_V003	121	7287
L30_V003	122	7289
L30_V003	123	7290
L30_V003	124	7434
L30_V003	125	7472
L30_V003	126	7473
L30_V003	127	7562
L30_V003	128	7681
L30_V003	129	7705
L30_V003	130	7797
L30_V003	131	7800
L30_V003	132	7801
L30_V003	133	7802
L30_V003	134	7804
L30_V003	135	7805
L30_V003	136	7806
L30_V003	137	7839
L30_V003	138	7893
L30_V003	139	7894
L30_V003	140	7984
L30_V004	1	0
L30_V004	2	75
L30_V004	3	147
L30_V004	4	290
L30_V004	5	434
L30_V004	6	578
L30_V004	7	722
L30_V004	8	866
L30_V004	9	1010
L30_V004	10	1154
L30_V004	11	1298
L30_V004	12	1442
L30_V004	13	1586
L30_V004	14	1730
L30_V004	15	1873
L30_V004	16	2018
L30_V004	17	2162
L30_V004	18	2306
L30_V004	19	2450
L30_V004	20	2594
L30_V004	21	2738
L30_V004	22	2882
L30_V004	23	3024
L30_V004	24	3168
L30_V004	25	3311
L30_V004	26	3456
L30_V004	27	3600
L30_V004	28	3744
L30_V004	29	3811
L30_V004	30	3811
L30_V004	31	3854
L30_V004	32	3879
L30_V004	33	3900
L30_V004	34	3901
L30_V004	35	4021
L30_V004	36	4165
L30_V004	37	4309
L30_V004	38	4453
L30_V004	39	4597
L30_V004	40	4741
L30_V004	41	4885
L30_V004	42	5029
L30_V004	43	5132
L30_V004	44	5133
L30_V004	45	5157
L30_V004	46	5180
L30_V004	47	5181
L30_V004	48	5228
L30_V004	49	5281
L30_V004	50	5282
L30_V004	51	5305
L30_V004	52	5327
L30_V004	53	5328
L30_V004	54	5381
L30_V004	55	5382
L30_V004	56	5430
L30_V004	57	5574
L30_V004	58	5718
L30_V004	59	5862
L30_V007	1	0
L30_V007	2	75
L30_V007	3	147
L30_V007	4	289
L30_V007	5	433
L30_V007	6	577
L30_V007	7	683
L30_V007	8	707
L30_V007	9	755
L30_V007	10	844
L30_V007	11	909
L30_V007	12	981
L30_V007	13	990
L30_V007	14	1048
L30_V007	15	1105
L30_V007	16	1129
L30_V007	17	1174
L30_V007	18	1221
L30_V007	19	1269
L30_V007	20	1292
L30_V007	21	1346
L30_V007	22	1394
L30_V007	23	1437
L30_V007	24	1533
L30_V007	25	1677
L30_V007	26	1685
L30_V007	27	1750
L30_V007	28	1822
L30_V007	29	1843
L30_V007	30	1963
L30_V007	31	1995
L30_V007	32	2082
L30_V007	33	2106
L30_V007	34	2153
L30_V007	35	2218
L30_V007	36	2242
L30_V007	37	2386
L30_V007	38	2407
L30_V007	39	2489
L30_V007	40	2513
L30_V007	41	2571
L30_V007	42	2643
L30_V007	43	2661
L30_V007	44	2768
L30_V007	45	2860
L30_V007	46	2904
L30_V007	47	2996
L30_V007	48	3044
L30_V007	49	3073
L30_V007	50	3163
L30_V007	51	3187
L30_V007	52	3331
L30_V007	53	3475
L30_V007	54	3553
L30_V007	55	3601
L30_V007	56	3682
L30_V007	57	3729
L30_V007	58	3861
L30_V007	59	3919
L30_V007	60	3969
L30_V007	61	3993
L30_V007	62	4044
L30_V007	63	4108
L30_V007	64	4132
L30_V007	65	4176
L30_V007	66	4272
L30_V007	67	4416
L30_V007	68	4560
L30_V007	69	4704
L30_V007	70	4848
L30_V007	71	4992
L30_V007	72	5027
L30_V007	73	5123
L30_V007	74	5267
L30_V007	75	5411
L30_V007	76	5555
L30_V007	77	5699
L30_V007	78	5781
L30_V007	79	5829
L30_V007	80	5851
L30_V007	81	5910
L30_V007	82	5958
L30_V007	83	5987
L30_V007	84	6083
L30_V007	85	6084
L30_V007	86	6152
L30_V007	87	6210
L30_V007	88	6245
L30_V007	89	6341
L30_V007	90	6484
L30_V007	91	6529
L30_V007	92	6625
L30_V007	93	6633
L30_V007	94	6715
L30_V007	95	6763
L30_V007	96	6798
L30_V007	97	6895
L30_V007	98	6912
L30_V007	99	6981
L30_V007	100	7030
L30_V007	101	7055
L30_V007	102	7159
L30_V007	103	7256
L30_V007	104	7304
L30_V007	105	7322
L30_V007	106	7416
L30_V007	107	7440
L30_V007	108	7508
L30_V007	109	7580
L30_V007	110	7705
L30_V010	1	0
L30_V010	2	147
L30_V010	3	290
L30_V010	4	434
L30_V010	5	450
L30_V010	6	505
L30_V010	7	568
L30_V010	8	611
L30_V010	9	682
L30_V010	10	706
L30_V010	11	747
L30_V010	12	815
L30_V010	13	839
L30_V010	14	877
L30_V010	15	947
L30_V010	16	971
L30_V010	17	1011
L30_V010	18	1077
L30_V010	19	1101
L30_V010	20	1161
L30_V010	21	1233
L30_V010	22	1242
L30_V010	23	1299
L30_V010	24	1371
L30_V010	25	1450
L30_V010	26	1498
L30_V010	27	1642
L30_V010	28	1693
L30_V010	29	1789
L30_V010	30	1814
L30_V010	31	1872
L30_V010	32	1920
L30_V010	33	1929
L30_V010	34	2007
L30_V010	35	2055
L30_V010	36	2105
L30_V010	37	2171
L30_V010	38	2195
L30_V010	39	2242
L30_V010	40	2300
L30_V010	41	2324
L30_V010	42	2387
L30_V010	43	2459
L30_V010	44	2575
L30_V010	45	2599
L30_V010	46	2682
L30_V010	47	2730
L30_V010	48	2773
L30_V010	49	2846
L30_V010	50	2869
L30_V010	51	3013
L30_V010	52	3037
L30_V010	53	3081
L30_V010	54	3150
L30_V010	55	3225
L30_V010	56	3292
L30_V010	57	3340
L30_V010	58	3436
L30_V010	59	3444
L30_V010	60	3520
L30_V010	61	3568
L30_V010	62	3578
L30_V010	63	3659
L30_V010	64	3707
L30_V010	65	3742
L30_V010	66	3829
L30_V010	67	3849
L30_V010	68	3925
L30_V010	69	3997
L30_V010	70	4002
L30_V021	1	0
L30_V021	2	75
L30_V021	3	147
L30_V021	4	290
L30_V021	5	434
L30_V021	6	558
L30_V021	7	582
L30_V021	8	627
L30_V021	9	628
L30_V021	10	629
L30_V021	11	631
L30_V021	12	632
L30_V021	13	633
L30_V021	14	634
L30_V021	15	635
L30_V021	16	656
L30_V021	17	667
L30_V021	18	672
L30_V021	19	678
L30_V021	20	688
L30_V021	21	691
L30_V021	22	713
L30_V021	23	761
L30_V021	24	763
L30_V021	25	766
L30_V021	26	768
L30_V021	27	793
L30_V021	28	846
L30_V021	29	972
L30_V021	30	982
L30_V021	31	1001
L30_V021	32	1100
L30_V021	33	1104
L30_V021	34	1201
L30_V021	35	1202
L30_V021	36	1205
L30_V021	37	1206
L30_V021	38	1207
L30_V021	39	1231
L30_V021	40	1314
L30_V021	41	1319
L30_V021	42	1324
L30_V021	43	1328
L30_V021	44	1330
L30_V021	45	1333
L30_V021	46	1335
L30_V021	47	1338
L30_V021	48	1340
L30_V021	49	1346
L30_V021	50	1351
L30_V021	51	1356
L30_V021	52	1410
L30_V021	53	1413
L30_V021	54	1415
L30_V021	55	1421
L30_V021	56	1453
L30_V021	57	1474
L30_V021	58	1479
L30_V021	59	1485
L30_V021	60	1549
L30_V021	61	1552
L30_V021	62	1565
L30_V021	63	1613
L30_V021	64	1618
L30_V021	65	1623
L30_V021	66	1629
L30_V021	67	1677
L30_V021	68	1686
L30_V021	69	1688
L30_V021	70	1691
L30_V021	71	1693
L30_V021	72	1698
L30_V021	73	1702
L30_V021	74	1704
L30_V021	75	1723
L30_V021	76	1725
L30_V021	77	1730
L30_V021	78	1734
L30_V021	79	1736
L30_V021	80	1741
L30_V021	81	1763
L30_V021	82	1766
L30_V021	83	1768
L30_V021	84	1771
L30_V021	85	1773
L30_V021	86	1795
L30_V021	87	1854
L30_V021	88	1859
L30_V021	89	1864
L30_V021	90	1873
L30_V021	91	1905
L30_V021	92	1912
L30_V021	93	1918
L30_V021	94	1923
L30_V021	95	1934
L30_V021	96	1939
L30_V021	97	1955
L30_V021	98	1955
L30_V021	99	1966
L30_V021	100	1993
L30_V021	101	2003
L30_V021	102	2014
L30_V021	103	2017
L30_V021	104	2019
L30_V021	105	2032
L30_V021	106	2035
L30_V021	107	2132
L30_V021	108	2174
L30_V021	109	2220
L30_V021	110	2228
L30_V021	111	2233
L30_V021	112	2244
L30_V021	113	2260
L30_V021	114	2271
L30_V021	115	2292
L30_V021	116	2297
L30_V021	117	2377
L30_V021	118	2383
L30_V021	119	2388
L30_V021	120	2404
L30_V021	121	2409
L30_V021	122	2413
L30_V021	123	2415
L30_V021	124	2418
L30_V021	125	2420
L30_V021	126	2423
L30_V021	127	2426
L30_V021	128	2431
L30_V021	129	2436
L30_V021	130	2474
L30_V021	131	2477
L30_V021	132	2479
L30_V021	133	2482
L30_V021	134	2484
L30_V021	135	2520
L30_V021	136	2522
L30_V021	137	2525
L30_V021	138	2527
L30_V021	139	2532
L30_V021	140	2536
L30_V021	141	2538
L30_V021	142	2541
L30_V021	143	2543
L30_V021	144	2546
L30_V021	145	2548
L30_V021	146	2552
L30_V021	147	2554
L30_V021	148	2557
L30_V021	149	2559
L30_V021	150	2562
L30_V021	151	2565
L30_V021	152	2568
L30_V021	153	2570
L30_V021	154	2586
L30_V021	155	2629
L30_V021	156	2632
L30_V021	157	2634
L30_V021	158	2637
L30_V021	159	2639
L30_V021	160	2650
L30_V021	161	2677
L30_V021	162	2682
L30_V021	163	2685
L30_V021	164	2687
L30_V021	165	2691
L30_V021	166	2693
L30_V021	167	2696
L30_V021	168	2698
L30_V021	169	2703
L30_V021	170	2709
L30_V021	171	2714
L30_V021	172	2736
L30_V021	173	2768
L30_V021	174	2773
L30_V021	175	2774
L30_V021	176	2784
L30_V021	177	2800
L30_V021	178	2842
L30_V021	179	2846
L30_V021	180	2848
L30_V021	181	2852
L30_V021	182	2853
L30_V021	183	2912
L30_V021	184	2939
L30_V021	185	2976
L30_V021	186	3054
L30_V023	1	0
L30_V023	2	75
L30_V023	3	147
L30_V023	4	289
L30_V023	5	359
L30_V023	6	422
L30_V023	7	551
L30_V023	8	601
L30_V023	9	697
L30_V023	10	762
L30_V023	11	816
L30_V023	12	840
L30_V023	13	866
L30_V023	14	925
L30_V023	15	969
L30_V023	16	1071
L30_V023	17	1095
L30_V023	18	1239
L30_V023	19	1383
L30_V023	20	1527
L30_V023	21	1599
L30_V023	22	1667
L30_V023	23	1742
L30_V023	24	1805
L30_V023	25	1862
L30_V023	26	1934
L30_V023	27	1939
L30_V023	28	2018
L30_V023	29	2066
L30_V023	30	2210
L30_V023	31	2227
L30_V023	32	2285
L30_V023	33	2348
L30_V023	34	2411
L30_V023	35	2472
L30_V023	36	2496
L30_V023	37	2553
L30_V023	38	2625
L30_V023	39	2636
L30_V023	40	2722
L30_V023	41	2770
L30_V023	42	2822
L30_V023	43	2880
L30_V023	44	2904
L30_V023	45	2952
L30_V023	46	3009
L30_V023	47	3033
L30_V023	48	3077
L30_V023	49	3173
L30_V023	50	3276
L30_V023	51	3300
L30_V023	52	3370
L30_V023	53	3442
L30_V023	54	3461
L30_V023	55	3534
L30_V023	56	3581
L30_V023	57	3636
L30_V023	58	3709
L30_V023	59	3727
L30_V023	60	3847
L30_V023	61	3852
L30_V023	62	3972
L30_V023	63	4116
L30_V023	64	4260
L30_V023	65	4404
L30_V023	66	4548
L30_V023	67	4650
L30_V023	68	4674
L30_V023	69	4752
L30_V023	70	4800
L30_V023	71	4934
L30_V023	72	4991
L30_V023	73	5063
L30_V023	74	5150
L30_V023	75	5198
L30_V023	76	5211
L30_V023	77	5280
L30_V023	78	5328
L30_V023	79	5427
L30_V023	80	5475
L30_V023	81	5496
L30_V023	82	5616
L30_V023	83	5760
L30_V025	1	0
L30_V025	2	75
L30_V025	3	147
L30_V025	4	290
L30_V025	5	434
L30_V025	6	461
L30_V025	7	507
L30_V025	8	547
L30_V025	9	562
L30_V025	10	632
L30_V025	11	687
L30_V025	12	697
L30_V025	13	737
L30_V025	14	799
L30_V025	15	800
L30_V025	16	824
L30_V025	17	927
L30_V025	18	928
L30_V025	19	952
L30_V025	20	997
L30_V025	21	1093
L30_V025	22	1147
L30_V025	23	1148
L30_V025	24	1220
L30_V025	25	1240
L30_V025	26	1247
L30_V025	27	1257
L30_V025	28	1267
L30_V025	29	1272
L30_V025	30	1277
L30_V025	31	1282
L30_V025	32	1287
L30_V025	33	1292
L30_V025	34	1297
L30_V025	35	1302
L30_V025	36	1307
L30_V025	37	1312
L30_V025	38	1317
L30_V025	39	1322
L30_V025	40	1327
L30_V025	41	1332
L30_V025	42	1337
L30_V025	43	1340
L30_V025	44	1342
L30_V025	45	1347
L30_V025	46	1352
L30_V025	47	1357
L30_V025	48	1362
L30_V025	49	1367
L30_V025	50	1372
L30_V025	51	1382
L30_V025	52	1387
L30_V025	53	1392
L30_V025	54	1397
L30_V025	55	1402
L30_V025	56	1407
L30_V025	57	1412
L30_V025	58	1417
L30_V025	59	1432
L30_V025	60	1476
L30_V025	61	1577
L30_V025	62	1580
L30_V025	63	1582
L30_V025	64	1583
L30_V025	65	1607
L30_V025	66	1621
L30_V025	67	1676
L30_V025	68	1734
L30_V025	69	1777
L30_V025	70	1778
L30_V025	71	1798
L30_V025	72	1814
L30_V025	73	1814
L30_V025	74	1836
L30_V025	75	1862
L30_V025	76	1914
L30_V025	77	1914
L30_V025	78	1950
L30_V025	79	1972
L30_V025	80	1973
L30_V025	81	1992
L30_V025	82	1998
L30_V025	83	2017
L30_V025	84	2051
L30_V025	85	2071
L30_V025	86	2119
L30_V025	87	2134
L30_V025	88	2135
L30_V025	89	2242
L30_V025	90	2243
L30_V025	91	2267
L30_V025	92	2353
L30_V025	93	2354
L30_V025	94	2402
L30_V025	95	2456
L30_V025	96	2528
L30_V025	97	2546
L30_V025	98	2622
L30_V025	99	2623
L30_V025	100	2671
L30_V025	101	2725
L30_V025	102	2797
L30_V025	103	2806
L30_V025	104	2845
L30_V025	105	2897
L30_V025	106	2925
L30_V025	107	2982
L30_V025	108	3046
L30_V025	109	3064
L30_V025	110	3202
L30_V025	111	3317
L30_V025	112	3318
L30_V025	113	3342
L30_V025	114	3460
L30_V025	115	3484
L30_V025	116	3585
L30_V025	117	3609
L30_V025	118	3753
L30_V025	119	3825
L30_V025	120	3897
L30_V025	121	4040
L30_V025	122	4185
L30_V025	123	4218
L30_V025	124	4219
L30_V025	125	4264
L30_V025	126	4265
L30_V025	127	4313
L30_V025	128	4316
L30_V025	129	4404
L30_V025	130	4405
L30_V025	131	4447
L30_V025	132	4503
L30_V025	133	4504
L30_V025	134	4576
L30_V025	135	4684
L30_V025	136	4685
L30_V025	137	4709
L30_V025	138	4738
L30_V025	139	4739
L30_V025	140	4798
L30_V025	141	4799
L30_V025	142	4847
L30_V025	143	4991
L30_V025	144	5012
L30_V025	145	5120
L30_V025	146	5264
L30_V025	147	5368
L30_V025	148	5369
L30_V025	149	5393
L30_V025	150	5487
L30_V025	151	5488
L30_V025	152	5536
L30_V025	153	5652
L30_V025	154	5653
L30_V025	155	5677
L30_V025	156	5735
L30_V025	157	5807
L30_V025	158	5891
L30_V025	159	5939
L30_V025	160	6047
L30_V025	161	6071
L30_V025	162	6090
L30_V026	1	0
L30_V026	2	75
L30_V026	3	128
L30_V026	4	259
L30_V026	5	289
L30_V026	6	360
L30_V026	7	385
L30_V026	8	519
L30_V026	9	651
L30_V026	10	731
L30_V026	11	779
L30_V026	12	838
L30_V026	13	886
L30_V026	14	910
L30_V026	15	941
L30_V026	16	999
L30_V026	17	1037
L30_V026	18	1074
L30_V026	19	1141
L30_V026	20	1170
L30_V026	21	1309
L30_V026	22	1346
L30_V026	23	1435
L30_V026	24	1442
L30_V026	25	1518
L30_V026	26	1574
L30_V026	27	1705
L30_V026	28	1830
L30_V026	29	1928
L30_V026	30	1957
L30_V026	31	2027
L30_V026	32	2088
L30_V026	33	2184
L30_V026	34	2226
L30_V026	35	2338
L30_V026	36	2352
L30_V026	37	2392
L30_V026	38	2482
L30_V026	39	2531
L30_V026	40	2608
L30_V026	41	2703
L30_V026	42	2737
L30_V026	43	2864
L30_V026	44	2905
L30_V026	45	2983
L30_V026	46	2992
L30_V026	47	3031
L30_V026	48	3119
L30_V026	49	3160
L30_V026	50	3242
L30_V026	51	3247
L30_V026	52	3379
L30_V026	53	3507
L30_V026	54	3531
L30_V026	55	3632
L30_V026	56	3635
L30_V026	57	3734
L30_V026	58	3760
L30_V026	59	3814
L30_V026	60	3868
L30_V026	61	3894
L30_V026	62	4020
L30_V026	63	4123
L30_V026	64	4155
L30_V026	65	4239
L30_V026	66	4295
L30_V026	67	4387
L30_V026	68	4427
L30_V027	1	0
L30_V027	2	75
L30_V027	3	147
L30_V027	4	289
L30_V027	5	433
L30_V027	6	577
L30_V027	7	719
L30_V027	8	857
L30_V027	9	1000
L30_V027	10	1032
L30_V027	11	1128
L30_V027	12	1272
L30_V027	13	1416
L30_V027	14	1560
L30_V027	15	1704
L30_V027	16	1848
L30_V027	17	1992
L30_V027	18	2136
L30_V027	19	2280
L30_V027	20	2424
L30_V027	21	2568
L30_V027	22	2712
L30_V027	23	2783
L30_V027	24	2855
L30_V027	25	2871
L30_V027	26	2948
L30_V027	27	2996
L30_V027	28	3135
L30_V027	29	3279
L30_V027	30	3422
L30_V027	31	3543
L30_V027	32	3567
L30_V027	33	3711
L30_V027	34	3745
L30_V027	35	3840
L30_V027	36	3985
L30_V027	37	4129
L30_V027	38	4273
L30_V027	39	4417
L30_V027	40	4511
L30_V027	41	4559
L30_V027	42	4678
L30_V027	43	4702
L30_V027	44	4846
L30_V027	45	4988
L30_V027	46	5132
L30_V027	47	5135
L30_V027	48	5279
L30_V027	49	5290
L30_V027	50	5410
L30_V027	51	5437
L30_V027	52	5557
L30_V027	53	5651
L30_V027	54	5699
L30_V027	55	5819
L30_V027	56	5843
L30_V027	57	5987
L30_V027	58	6033
L30_V027	59	6129
L30_V027	60	6273
L30_V027	61	6417
L30_V027	62	6561
L30_V027	63	6705
L30_V027	64	6848
L30_V027	65	6993
L30_V027	66	7137
L30_V027	67	7281
L30_V027	68	7425
L30_V027	69	7565
L30_V027	70	7702
L30_V027	71	7845
L30_V027	72	7891
L30_V027	73	7981
L30_V027	74	8077
L30_V027	75	8125
L30_V027	76	8131
L30_V027	77	8251
L30_V027	78	8283
L30_V027	79	8379
L30_V027	80	8518
L30_V027	81	8653
L30_V030	1	0
L30_V030	2	75
L30_V030	3	128
L30_V030	4	259
L30_V030	5	289
L30_V030	6	385
L30_V030	7	513
L30_V030	8	641
L30_V030	9	769
L30_V030	10	811
L30_V030	11	907
L30_V030	12	953
L30_V030	13	1034
L30_V030	14	1114
L30_V030	15	1170
L30_V030	16	1298
L30_V030	17	1426
L30_V030	18	1488
L30_V030	19	1554
L30_V030	20	1567
L30_V030	21	1639
L30_V030	22	1687
L30_V030	23	1814
L30_V030	24	1895
L30_V030	25	1943
L30_V030	26	2007
L30_V030	27	2071
L30_V030	28	2145
L30_V030	29	2199
L30_V030	30	2227
L30_V030	31	2303
L30_V030	32	2329
L30_V030	33	2360
L30_V030	34	2431
L30_V030	35	2463
L30_V030	36	2523
L30_V030	37	2591
L30_V030	38	2671
L30_V030	39	2728
L30_V030	40	2855
L30_V030	41	2992
L30_V030	42	3120
L30_V030	43	3247
L30_V030	44	3376
L30_V030	45	3407
L30_V030	46	3495
L30_V030	47	3503
L30_V030	48	3639
L30_V030	49	3767
L30_V030	50	3895
L30_V030	51	3918
L30_V030	52	4010
L30_V030	53	4026
L30_V030	54	4094
L30_V030	55	4158
L30_V030	56	4236
L30_V030	57	4284
L30_V030	58	4412
L30_V030	59	4540
L30_V030	60	4625
L30_V030	61	4668
L30_V030	62	4793
L30_V030	63	4807
L30_V030	64	4927
L30_V030	65	4947
L30_V030	66	5067
L30_V030	67	5186
L30_V030	68	5206
L30_V030	69	5322
L30_V030	70	5338
L30_V030	71	5474
L30_V030	72	5528
L30_V030	73	5608
L30_V030	74	5736
L30_V030	75	5864
L30_V030	76	5995
L30_V030	77	6032
L30_V030	78	6128
L30_V030	79	6188
L30_V030	80	6260
L30_V030	81	6296
L30_V030	82	6392
L30_V030	83	6415
L30_V030	84	6519
L30_V030	85	6547
L30_V030	86	6651
L30_V030	87	6676
L30_V030	88	6780
L30_V030	89	6827
L30_V030	90	6906
L30_V030	91	7003
L30_V030	92	7034
L30_V030	93	7083
L30_V030	94	7166
L30_V030	95	7245
L30_V030	96	7301
L30_V030	97	7433
L30_V030	98	7526
L30_V030	99	7566
L30_V030	100	7679
L30_V030	101	7695
L30_V030	102	7748
L30_V030	103	7820
L30_V030	104	7933
L30_V030	105	7948
L30_V030	106	8033
L30_V030	107	8086
L30_V030	108	8106
L30_V030	109	8217
L30_V030	110	8357
L30_V030	111	8472
L30_V030	112	8484
L30_V041	1	0
L30_V041	2	75
L30_V041	3	147
L30_V041	4	290
L30_V041	5	434
L30_V041	6	557
L30_V041	7	576
L30_V041	8	714
L30_V041	9	763
L30_V041	10	830
L30_V041	11	853
L30_V041	12	907
L30_V041	13	986
L30_V041	14	1063
L30_V041	15	1111
L30_V041	16	1138
L30_V041	17	1229
L30_V041	18	1253
L30_V041	19	1331
L30_V041	20	1379
L30_V041	21	1523
L30_V041	22	1667
L30_V041	23	1811
L30_V041	24	1955
L30_V048	1	0
L30_V048	2	75
L30_V048	3	147
L30_V048	4	285
L30_V048	5	290
L30_V048	6	409
L30_V048	7	552
L30_V048	8	643
L30_V048	9	691
L30_V048	10	712
L30_V048	11	832
L30_V048	12	846
L30_V048	13	960
L30_V048	14	1038
L30_V048	15	1078
L30_V048	16	1093
L30_V048	17	1098
L30_V048	18	1224
L30_V048	19	1314
L30_V048	20	1362
L30_V048	21	1417
L30_V048	22	1489
L30_V048	23	1522
L30_V048	24	1618
L30_V048	25	1647
L30_V048	26	1743
L30_V048	27	1757
L30_V048	28	1813
L30_V048	29	1869
L30_V048	30	1919
L30_V048	31	1997
L30_V048	32	2122
L30_V048	33	2266
L30_V048	34	2410
L30_V048	35	2414
L30_V048	36	2558
L30_V048	37	2572
L30_V048	38	2692
L30_V048	39	2713
L30_V048	40	2833
L30_V048	41	2951
L30_V048	42	2975
L30_V048	43	3020
L30_V048	44	3116
L30_V048	45	3135
L30_V048	46	3185
L30_V048	47	3257
L30_V048	48	3328
L30_V048	49	3383
L30_V048	50	3477
L30_V048	51	3525
L30_V048	52	3560
L30_V048	53	3615
L30_V048	54	3663
L30_V048	55	3677
L30_V048	56	3735
L30_V048	57	3807
L30_V048	58	3854
L30_V048	59	3945
L30_V048	60	4060
L30_V048	61	4084
L30_V048	62	4133
L30_V048	63	4203
L30_V048	64	4227
L30_V048	65	4307
L30_V048	66	4355
L30_V048	67	4499
L30_V048	68	4643
L30_V048	69	4787
L30_V048	70	4931
L30_V048	71	5004
L30_V048	72	5075
L30_V048	73	5097
L30_V048	74	5217
L30_V048	75	5246
L30_V048	76	5342
L30_V048	77	5356
L30_V048	78	5469
L30_V048	79	5561
L30_V048	80	5609
L30_V048	81	5753
L30_V048	82	5846
L30_V048	83	5894
L30_V048	84	6038
L30_V048	85	6182
L30_V048	86	6326
L30_V048	87	6419
L30_V048	88	6467
L30_V048	89	6563
L30_V048	90	6611
L30_V048	91	6755
L30_V048	92	6778
L30_V048	93	6898
L30_V048	94	6913
L30_V048	95	7033
L30_V048	96	7055
L30_V048	97	7175
L30_V048	98	7181
L30_V048	99	7302
L30_V048	100	7325
L30_V048	101	7445
L30_V048	102	7589
L30_V048	103	7733
L30_V048	104	7877
L30_V048	105	8020
L30_V048	106	8165
L30_V048	107	8201
L30_V048	108	8297
L30_V048	109	8441
L30_V048	110	8514
L30_V048	111	8585
L30_V048	112	8729
L30_V048	113	8873
L30_V048	114	9017
L30_V048	115	9161
L30_V048	116	9305
L30_V048	117	9382
L30_V048	118	9430
L30_V048	119	9474
L30_V048	120	9570
L30_V048	121	9581
L30_V048	122	9718
L30_V048	123	9860
L30_V050	1	0
L30_V050	2	147
L30_V050	3	285
L30_V050	4	290
L30_V050	5	409
L30_V050	6	547
L30_V050	7	621
L30_V050	8	693
L30_V050	9	743
L30_V050	10	817
L30_V050	11	841
L30_V050	12	909
L30_V050	13	968
L30_V050	14	1073
L30_V050	15	1097
L30_V050	16	1165
L30_V050	17	1236
L30_V050	18	1319
L30_V050	19	1367
L30_V050	20	1501
L30_V050	21	1645
L30_V050	22	1667
L30_V050	23	1787
L30_V050	24	1792
L30_V050	25	1912
L30_V050	26	1953
L30_V050	27	2049
L30_V050	28	2193
L30_V050	29	2317
L30_V050	30	2341
L30_V050	31	2406
L30_V050	32	2478
L30_V050	33	2557
L30_V050	34	2605
L30_V050	35	2621
L30_V050	36	2741
L30_V050	37	2775
L30_V050	38	2863
L30_V050	39	2887
L30_V050	40	2927
L30_V050	41	3023
L30_V050	42	3125
L30_V050	43	3149
L30_V050	44	3215
L30_V050	45	3286
L30_V050	46	3431
L30_V062	1	0
L30_V062	2	75
L30_V062	3	147
L30_V062	4	285
L30_V062	5	290
L30_V062	6	409
L30_V062	7	540
L30_V062	8	617
L30_V062	9	618
L30_V062	10	666
L30_V062	11	771
L30_V062	12	795
L30_V062	13	858
L30_V062	14	927
L30_V062	15	993
L30_V062	16	1039
L30_V062	17	1063
L30_V062	18	1098
L30_V062	19	1150
L30_V062	20	1193
L30_V062	21	1271
L30_V062	22	1319
L30_V062	23	1380
L30_V062	24	1452
L30_V062	25	1596
L30_V062	26	1635
L30_V062	27	1702
L30_V062	28	1726
L30_V062	29	1870
L30_V062	30	1979
L30_V062	31	2003
L30_V062	32	2055
L30_V062	33	2100
L30_V062	34	2148
L30_V062	35	2157
L30_V062	36	2277
L30_V062	37	2284
L30_V062	38	2357
L30_V062	39	2404
L30_V062	40	2432
L30_V062	41	2498
L30_V062	42	2546
L30_V062	43	2553
L30_V062	44	2607
L30_V062	45	2655
L30_V062	46	2679
L30_V062	47	2719
L30_V062	48	2815
L30_V062	49	2959
L30_V062	50	3013
L30_V062	51	3085
L30_V062	52	3100
L30_V062	53	3220
L30_V062	54	3234
L30_V062	55	3295
L30_V062	56	3367
L30_V062	57	3379
L30_V062	58	3450
L30_V062	59	3497
L30_V062	60	3504
L30_V062	61	3552
L30_V062	62	3594
L30_V062	63	3642
L30_V062	64	3656
L30_V062	65	3733
L30_V062	66	3781
L30_V062	67	3788
L30_V062	68	3838
L30_V062	69	3910
L30_V062	70	3913
L30_V062	71	4027
L30_V062	72	4050
L30_V062	73	4139
L30_V062	74	4187
L30_V062	75	4209
L30_V062	76	4320
L30_V062	77	4329
L30_V062	78	4386
L30_V062	79	4458
L30_V062	80	4459
L30_V062	81	4536
L30_V062	82	4590
L30_V062	83	4691
L30_V062	84	4715
L30_V062	85	4763
L30_V062	86	4821
L30_V062	87	4845
L30_V062	88	4871
L30_V062	89	4937
L30_V062	90	4985
L30_V062	91	5014
L30_V062	92	5066
L30_V062	93	5114
L30_V062	94	5131
L30_V062	95	5178
L30_V062	96	5227
L30_V062	97	5250
L30_V062	98	5387
L30_V062	99	5587
L30_V069	1	0
L30_V069	2	75
L30_V069	3	147
L30_V069	4	285
L30_V069	5	289
L30_V069	6	290
L30_V069	7	426
L30_V069	8	542
L30_V069	9	566
L30_V069	10	592
L30_V069	11	694
L30_V069	12	769
L30_V069	13	841
L30_V069	14	949
L30_V069	15	950
L30_V069	16	974
L30_V069	17	1036
L30_V069	18	1108
L30_V069	19	1252
L30_V069	20	1255
L30_V069	21	1358
L30_V069	22	1382
L30_V069	23	1526
L30_V069	24	1670
L30_V069	25	1791
L30_V069	26	1814
L30_V069	27	1891
L30_V069	28	1939
L30_V069	29	2007
L30_V069	30	2009
L30_V069	31	2078
L30_V069	32	2145
L30_V069	33	2217
L30_V069	34	2276
L30_V069	35	2277
L30_V069	36	2349
L30_V069	37	2373
L30_V069	38	2434
L30_V069	39	2435
L30_V069	40	2445
L30_V069	41	2463
L30_V069	42	2482
L30_V069	43	2503
L30_V069	44	2599
L30_V069	45	2600
L30_V069	46	2618
L30_V069	47	2762
L30_V069	48	2782
L30_V069	49	2902
L30_V069	50	2991
L30_V069	51	2992
L30_V069	52	3012
L30_V069	53	3047
L30_V069	54	3191
L30_V069	55	3229
L30_V069	56	3263
L30_V069	57	3264
L30_V069	58	3336
L30_V069	59	3479
L30_V069	60	3494
L30_V069	61	3529
L30_V069	62	3531
L30_V069	63	3627
L30_V069	64	3693
L30_V069	65	3765
L30_V069	66	3909
L30_V069	67	4036
L30_V069	68	4162
L30_V069	69	4235
L30_V069	70	4307
L30_V069	71	4317
L30_V069	72	4318
L30_V069	73	4455
L30_V069	74	4505
L30_V069	75	4582
L30_V069	76	4726
L30_V069	77	4870
L30_V069	78	4968
L30_V069	79	5016
L30_V069	80	5074
L30_V069	81	5075
L30_V069	82	5147
L30_V069	83	5187
L30_V069	84	5283
L30_V069	85	5285
L30_V069	86	5369
L30_V069	87	5370
L30_V069	88	5418
L30_V069	89	5426
L30_V069	90	5546
L30_V072	1	0
L30_V072	2	75
L30_V072	3	147
L30_V072	4	285
L30_V072	5	289
L30_V072	6	426
L30_V072	7	552
L30_V072	8	588
L30_V072	9	676
L30_V072	10	700
L30_V072	11	755
L30_V072	12	765
L30_V072	13	783
L30_V072	14	794
L30_V072	15	800
L30_V072	16	828
L30_V072	17	835
L30_V072	18	917
L30_V072	19	965
L30_V072	20	992
L30_V072	21	1074
L30_V072	22	1098
L30_V072	23	1192
L30_V072	24	1240
L30_V072	25	1264
L30_V072	26	1360
L30_V072	27	1384
L30_V072	28	1420
L30_V072	29	1496
L30_V072	30	1520
L30_V072	31	1561
L30_V072	32	1627
L30_V072	33	1646
L30_V072	34	1745
L30_V072	35	1776
L30_V072	36	1792
L30_V072	37	1848
L30_V072	38	1904
L30_V072	39	1962
L30_V072	40	2005
L30_V072	41	2030
L30_V082	1	0
L30_V082	2	147
L30_V082	3	285
L30_V082	4	290
L30_V082	5	411
L30_V082	6	537
L30_V082	7	543
L30_V082	8	607
L30_V082	9	670
L30_V082	10	679
L30_V082	11	748
L30_V082	12	796
L30_V082	13	823
L30_V082	14	943
L30_V082	15	1006
L30_V082	16	1078
L30_V082	17	1140
L30_V082	18	1212
L30_V082	19	1356
L30_V082	20	1500
L30_V082	21	1644
L30_V082	22	1788
L30_V082	23	1932
L30_V082	24	2076
L30_V082	25	2220
L30_V082	26	2293
L30_V082	27	2364
L30_V082	28	2418
L30_V082	29	2490
L30_V082	30	2543
L30_V082	31	2615
L30_V082	32	2668
L30_V082	33	2740
L30_V082	34	2793
L30_V082	35	2865
L30_V082	36	2918
L30_V082	37	2990
L30_V082	38	3134
L30_V082	39	3276
L30_V082	40	3420
L30_V082	41	3425
L30_V082	42	3545
L30_V082	43	3689
L30_V082	44	3833
L30_V082	45	3977
L30_V082	46	4089
L30_V082	47	4113
L30_V082	48	4257
L30_V082	49	4398
L30_V082	50	4542
L30_V082	51	4686
L30_V082	52	4696
L30_V082	53	4820
L30_V082	54	4857
L30_V082	55	4941
L30_V082	56	4965
L30_V082	57	5059
L30_V082	58	5107
L30_V082	59	5144
L30_V082	60	5237
L30_V082	61	5307
L30_V082	62	5379
L30_V086	1	0
L30_V086	2	75
L30_V086	3	147
L30_V086	4	285
L30_V086	5	290
L30_V086	6	409
L30_V086	7	554
L30_V086	8	559
L30_V086	9	655
L30_V086	10	702
L30_V086	11	735
L30_V086	12	807
L30_V086	13	831
L30_V086	14	885
L30_V086	15	957
L30_V086	16	1101
L30_V086	17	1245
L30_V086	18	1389
L30_V086	19	1528
L30_V086	20	1594
L30_V086	21	1654
L30_V086	22	1780
L30_V086	23	1902
L30_V086	24	1926
L30_V086	25	1982
L30_V086	26	2054
L30_V086	27	2105
L30_V086	28	2163
L30_V086	29	2187
L30_V086	30	2331
L30_V086	31	2351
L30_V086	32	2455
L30_V086	33	2479
L30_V086	34	2615
L30_V086	35	2759
L30_V086	36	2775
L30_V086	37	2852
L30_V086	38	2900
L30_V086	39	2916
L30_V086	40	3036
L30_V086	41	3041
L30_V086	42	3161
L30_V086	43	3166
L30_V086	44	3286
L30_V086	45	3290
L30_V086	46	3400
L30_V086	47	3424
L30_V086	48	3526
L30_V086	49	3550
L30_V086	50	3694
L30_V086	51	3838
L30_V086	52	3847
L30_V086	53	3982
L30_V086	54	4126
L30_V086	55	4270
L30_V086	56	4338
L30_V086	57	4407
L30_V086	58	4470
L30_V086	59	4524
L30_V086	60	4548
L30_V086	61	4672
L30_V086	62	4748
L30_V088	1	0
L30_V088	2	147
L30_V088	3	285
L30_V088	4	290
L30_V088	5	422
L30_V088	6	556
L30_V088	7	591
L30_V088	8	671
L30_V088	9	695
L30_V088	10	750
L30_V088	11	821
L30_V088	12	839
L30_V088	13	910
L30_V088	14	955
L30_V088	15	1009
L30_V088	16	1065
L30_V088	17	1089
L30_V088	18	1141
L30_V088	19	1237
L30_V088	20	1244
L30_V088	21	1317
L30_V088	22	1365
L30_V088	23	1386
L30_V088	24	1477
L30_V088	25	1495
L30_V088	26	1586
L30_V088	27	1630
L30_V088	28	1645
L30_V088	29	1728
L30_V088	30	1767
L30_V088	31	1789
L30_V088	32	1848
L30_V088	33	1896
L30_V088	34	1930
L30_V088	35	2027
L30_V088	36	2106
L30_V088	37	2154
L30_V088	38	2204
L30_V088	39	2281
L30_V088	40	2319
L30_V088	41	2415
L30_V088	42	2416
L30_V088	43	2523
L30_V088	44	2525
L30_V088	45	2526
L30_V088	46	2549
L30_V088	47	2606
L30_V088	48	2678
L30_V088	49	2727
L30_V088	50	2822
L30_V088	51	2824
L30_V088	52	2943
L30_V088	53	2967
L30_V088	54	3058
L30_V088	55	3104
L30_V088	56	3246
L30_V088	57	3349
L30_V088	58	3372
L30_V088	59	3479
L30_V088	60	3503
L30_V088	61	3603
L30_V088	62	3651
L30_V088	63	3704
L30_V088	64	3776
L30_V088	65	3844
L30_V088	66	3915
L30_V088	67	3943
L30_V088	68	4024
L30_V088	69	4047
L30_V088	70	4082
L30_V088	71	4167
L30_V088	72	4191
L30_V088	73	4239
L30_V088	74	4312
L30_V088	75	4335
L30_V088	76	4382
L30_V088	77	4435
L30_V088	78	4483
L30_V088	79	4529
L30_V088	80	4615
L30_V088	81	4697
L30_V088	82	4743
L30_V088	83	4811
L30_V088	84	4876
L30_V088	85	4927
L30_V088	86	5022
L30_V088	87	5155
